subprograma,campus,curso,turno,modalidade,nota_min,nota_max
2018-2020,Ceilândia / DF,Terapia Ocupacional (Bacharelado),Diurno,EP_R1_NPPI,-92.652,-4.201
2018-2020,Ceilândia / DF,Terapia Ocupacional (Bacharelado),Diurno,EP_R2_PPI,-45.148,-25.927
2018-2020,Ceilândia / DF,Terapia Ocupacional (Bacharelado),Diurno,EP_R2_NPPI,-74.63,27.307
2018-2020,Ceilândia / DF,Terapia Ocupacional (Bacharelado),Diurno,CN,5.337,6.491
2018-2020,Ceilândia / DF,Terapia Ocupacional (Bacharelado),Diurno,AC,-73.944,20.377
2018-2020,Ceilândia / DF,Fonoaudiologia (Bacharelado),Diurno,EP_R1_PPI,-5.802,-5.802
2018-2020,Ceilândia / DF,Fonoaudiologia (Bacharelado),Diurno,EP_R1_NPPI,-33.514,0.916
2018-2020,Ceilândia / DF,Fonoaudiologia (Bacharelado),Diurno,EP_R2_PPI,-40.393,-16.378
2018-2020,Ceilândia / DF,Fonoaudiologia (Bacharelado),Diurno,EP_R2_NPPI,-75.822,6.478
2018-2020,Ceilândia / DF,Fonoaudiologia (Bacharelado),Diurno,CN,-28.93,45.132
2018-2020,Ceilândia / DF,Fonoaudiologia (Bacharelado),Diurno,AC,-40.855,57.282
2018-2020,Ceilândia / DF,Fisioterapia (Bacharelado),Diurno,EP_R1_PPI,-16.495,13.421
2018-2020,Ceilândia / DF,Fisioterapia (Bacharelado),Diurno,EP_R1_NPPI,-31.032,13.229
2018-2020,Ceilândia / DF,Fisioterapia (Bacharelado),Diurno,EP_R2_PPI,-26.611,40.374
2018-2020,Ceilândia / DF,Fisioterapia (Bacharelado),Diurno,EP_R2_NPPI,-1.995,27.517
2018-2020,Ceilândia / DF,Fisioterapia (Bacharelado),Diurno,CN,10.489,34.882
2018-2020,Ceilândia / DF,Fisioterapia (Bacharelado),Diurno,AC,5.582,54.666
2018-2020,Ceilândia / DF,Farmácia (Bacharelado),Diurno,EP_R1_PPI,-39.519,-39.519
2018-2020,Ceilândia / DF,Farmácia (Bacharelado),Diurno,EP_R1_NPPI,-60.347,21.528
2018-2020,Ceilândia / DF,Farmácia (Bacharelado),Diurno,EP_R2_PPI,-83.874,19.707
2018-2020,Ceilândia / DF,Farmácia (Bacharelado),Diurno,EP_R2_NPPI,-76.441,-2.832
2018-2020,Ceilândia / DF,Farmácia (Bacharelado),Diurno,CN,-26.27,-25.843
2018-2020,Ceilândia / DF,Farmácia (Bacharelado),Diurno,AC,-85.275,81.955
2018-2020,Ceilândia / DF,Saúde Coletiva (Bacharelado),Diurno,EP_R1_PPI,-82.285,-1.885
2018-2020,Ceilândia / DF,Saúde Coletiva (Bacharelado),Diurno,EP_R1_NPPI,-71.408,-43.768
2018-2020,Ceilândia / DF,Saúde Coletiva (Bacharelado),Diurno,EP_R2_PPI,-63.379,-4.543
2018-2020,Ceilândia / DF,Saúde Coletiva (Bacharelado),Diurno,EP_R2_NPPI,-62.249,-43.547
2018-2020,Ceilândia / DF,Saúde Coletiva (Bacharelado),Diurno,AC,-87.136,-3.078
2018-2020,Ceilândia / DF,Artes Visuais (Licenciatura)*,Noturno,AC,-13.502,-13.502
2018-2020,Darcy Ribeiro (Plano Piloto) / DF,Língua Espanhola e Literatura Espanhola e Hispano-Americana (Licenciatura),Noturno,EP_R1_PPI,-44.303,-44.303
2018-2020,Darcy Ribeiro (Plano Piloto) / DF,Língua Espanhola e Literatura Espanhola e Hispano-Americana (Licenciatura),Noturno,EP_R2_NPPI,-41.243,-37.835
2018-2020,Darcy Ribeiro (Plano Piloto) / DF,Língua Espanhola e Literatura Espanhola e Hispano-Americana (Licenciatura),Noturno,AC,-55.012,-5.413
2018-2020,Darcy Ribeiro (Plano Piloto) / DF,Museologia (Bacharelado),Diurno,EP_R1_NPPI,-54.777,-54.777
2018-2020,Darcy Ribeiro (Plano Piloto) / DF,Museologia (Bacharelado),Diurno,EP_R2_NPPI,-86.04,-63.772
2018-2020,Darcy Ribeiro (Plano Piloto) / DF,Museologia (Bacharelado),Diurno,CN,-68.311,-68.311
2018-2020,Darcy Ribeiro (Plano Piloto) / DF,Museologia (Bacharelado),Diurno,AC,-63.96,42.048
2018-2020,Darcy Ribeiro (Plano Piloto) / DF,Letras – Tradução – Inglês (Bacharelado),Diurno,EP_R2_NPPI,-66.721,14.502
2018-2020,Darcy Ribeiro (Plano Piloto) / DF,Letras – Tradução – Inglês (Bacharelado),Diurno,CN,-50.511,-13.166
2018-2020,Darcy Ribeiro (Plano Piloto) / DF,Letras – Tradução – Inglês (Bacharelado),Diurno,AC,-73.348,38.784
2018-2020,Darcy Ribeiro (Plano Piloto) / DF,Letras – Tradução – Francês (Bacharelado),Diurno,EP_R2_PPI,-28.725,-28.725
2018-2020,Darcy Ribeiro (Plano Piloto) / DF,Letras – Tradução – Francês (Bacharelado),Diurno,AC,-67.216,-67.216
2018-2020,Darcy Ribeiro (Plano Piloto) / DF,Língua e Literatura Japonesa (Licenciatura),Noturno,CN,-70.486,-70.486
2018-2020,Darcy Ribeiro (Plano Piloto) / DF,Língua e Literatura Japonesa (Licenciatura),Noturno,AC,-60.848,-60.848
2018-2020,Darcy Ribeiro (Plano Piloto) / DF,Engenharia Mecânica (Bacharelado),Diurno,EP_R1_PPI,-33.726,5.966
2018-2020,Darcy Ribeiro (Plano Piloto) / DF,Engenharia Mecânica (Bacharelado),Diurno,EP_R2_PPI,-5.156,32.83
2018-2020,Darcy Ribeiro (Plano Piloto) / DF,Engenharia Mecânica (Bacharelado),Diurno,EP_R2_NPPI,-8.237,129.024
2018-2020,Darcy Ribeiro (Plano Piloto) / DF,Engenharia Mecânica (Bacharelado),Diurno,CN,27.299,30.337
2018-2020,Darcy Ribeiro (Plano Piloto) / DF,Engenharia Mecânica (Bacharelado),Diurno,AC,-102.234,142.555
2018-2020,Darcy Ribeiro (Plano Piloto) / DF,Gestão do Agronegócio (Bacharelado),Diurno,AC,-80.136,-49.865
2018-2020,Darcy Ribeiro (Plano Piloto) / DF,Arquivologia (Bacharelado),Noturno,EP_R2_PPI,-36.22,-34.267
2018-2020,Darcy Ribeiro (Plano Piloto) / DF,Arquivologia (Bacharelado),Noturno,EP_R2_NPPI,-55.757,-55.757
2018-2020,Darcy Ribeiro (Plano Piloto) / DF,Arquivologia (Bacharelado),Noturno,CN,-71.228,-71.228
2018-2020,Darcy Ribeiro (Plano Piloto) / DF,Arquivologia (Bacharelado),Noturno,AC,-46.303,-10.847
2018-2020,Darcy Ribeiro (Plano Piloto) / DF,Ciência Política (Bacharelado),Diurno,EP_R1_PPI,-20.735,4.398
2018-2020,Darcy Ribeiro (Plano Piloto) / DF,Ciência Política (Bacharelado),Diurno,EP_R1_NPPI,-23.763,2.994
2018-2020,Darcy Ribeiro (Plano Piloto) / DF,Ciência Política (Bacharelado),Diurno,EP_R2_PPI,-68.378,55.251
2018-2020,Darcy Ribeiro (Plano Piloto) / DF,Ciência Política (Bacharelado),Diurno,EP_R2_NPPI,-48.057,24.311
2018-2020,Darcy Ribeiro (Plano Piloto) / DF,Ciência Política (Bacharelado),Diurno,CN,-6.36,63.804
2018-2020,Darcy Ribeiro (Plano Piloto) / DF,Ciência Política (Bacharelado),Diurno,AC,-16.226,118.576
2018-2020,Darcy Ribeiro (Plano Piloto) / DF,Engenharias – Aeroespacial / Automotiva / Eletrônica / Energia / Software (Bacharelados)**,Diurno,EP_R1_PPI,-56.987,-0.878
2018-2020,Darcy Ribeiro (Plano Piloto) / DF,Engenharias – Aeroespacial / Automotiva / Eletrônica / Energia / Software (Bacharelados)**,Diurno,EP_R1_NPPI,-46.52,4.292
2018-2020,Darcy Ribeiro (Plano Piloto) / DF,Engenharias – Aeroespacial / Automotiva / Eletrônica / Energia / Software (Bacharelados)**,Diurno,EP_R2_PPI,-80.254,1.161
2018-2020,Darcy Ribeiro (Plano Piloto) / DF,Engenharias – Aeroespacial / Automotiva / Eletrônica / Energia / Software (Bacharelados)**,Diurno,EP_R2_NPPI,-100.534,41.234
2018-2020,Darcy Ribeiro (Plano Piloto) / DF,Engenharias – Aeroespacial / Automotiva / Eletrônica / Energia / Software (Bacharelados)**,Diurno,CN,-57.125,76.031
2018-2020,Darcy Ribeiro (Plano Piloto) / DF,Engenharias – Aeroespacial / Automotiva / Eletrônica / Energia / Software (Bacharelados)**,Diurno,AC,-101.981,133.817
2018-2020,Darcy Ribeiro (Plano Piloto) / DF,Licenciatura em Artes Cênicas*,Noturno,EP_R2_NPPI,-68.553,-68.553
2018-2020,Darcy Ribeiro (Plano Piloto) / DF,Geofísica (Bacharelado),Diurno,EP_R2_PPI,-20.904,-20.904
2018-2020,Darcy Ribeiro (Plano Piloto) / DF,Geofísica (Bacharelado),Diurno,AC,-82.398,-2.424
2018-2020,Darcy Ribeiro (Plano Piloto) / DF,Engenharia de Computação (Bacharelado),Diurno,EP_R1_PPI,-44.598,18.4
2018-2020,Darcy Ribeiro (Plano Piloto) / DF,Engenharia de Computação (Bacharelado),Diurno,EP_R2_PPI,-31.837,53.774
2018-2020,Darcy Ribeiro (Plano Piloto) / DF,Engenharia de Computação (Bacharelado),Diurno,EP_R2_NPPI,-63.631,29.797
2018-2020,Darcy Ribeiro (Plano Piloto) / DF,Engenharia de Computação (Bacharelado),Diurno,CN,21.015,92.852
2018-2020,Darcy Ribeiro (Plano Piloto) / DF,Engenharia de Computação (Bacharelado),Diurno,AC,76.169,143.359
2018-2020,Darcy Ribeiro (Plano Piloto) / DF,História (Licenciatura),Noturno,EP_R1_PPI,-48.659,-25.066
2018-2020,Darcy Ribeiro (Plano Piloto) / DF,História (Licenciatura),Noturno,EP_R1_NPPI,-66.834,-66.834
2018-2020,Darcy Ribeiro (Plano Piloto) / DF,História (Licenciatura),Noturno,EP_R2_PPI,-61.065,15.096
2018-2020,Darcy Ribeiro (Plano Piloto) / DF,História (Licenciatura),Noturno,EP_R2_NPPI,-68.468,42.212
2018-2020,Darcy Ribeiro (Plano Piloto) / DF,História (Licenciatura),Noturno,CN,-59.895,-59.895
2018-2020,Darcy Ribeiro (Plano Piloto) / DF,História (Licenciatura),Noturno,AC,-56.349,60.754
2018-2020,Darcy Ribeiro (Plano Piloto) / DF,Química Tecnológica (Bacharelado),Diurno,EP_R2_PPI,-45.547,-45.547
2018-2020,Darcy Ribeiro (Plano Piloto) / DF,Química Tecnológica (Bacharelado),Diurno,EP_R2_NPPI,26.655,26.655
2018-2020,Darcy Ribeiro (Plano Piloto) / DF,Química Tecnológica (Bacharelado),Diurno,CN,-32.241,-32.241
2018-2020,Darcy Ribeiro (Plano Piloto) / DF,Química Tecnológica (Bacharelado),Diurno,AC,-47.561,-17.112
2018-2020,Darcy Ribeiro (Plano Piloto) / DF,Língua Estrangeira Aplicada – Multilinguismo e Sociedade da Informação (Bacharelado),Diurno,EP_R1_PPI,-25.614,-25.614
2018-2020,Darcy Ribeiro (Plano Piloto) / DF,Língua Estrangeira Aplicada – Multilinguismo e Sociedade da Informação (Bacharelado),Diurno,EP_R1_NPPI,-2.767,-2.767
2018-2020,Darcy Ribeiro (Plano Piloto) / DF,Língua Estrangeira Aplicada – Multilinguismo e Sociedade da Informação (Bacharelado),Diurno,EP_R2_NPPI,-48.698,-10.814
2018-2020,Darcy Ribeiro (Plano Piloto) / DF,Língua Estrangeira Aplicada – Multilinguismo e Sociedade da Informação (Bacharelado),Diurno,AC,-54.738,59.227
2018-2020,Darcy Ribeiro (Plano Piloto) / DF,Engenharia Ambiental (Bacharelado),Diurno,EP_R1_NPPI,-15.863,-15.863
2018-2020,Darcy Ribeiro (Plano Piloto) / DF,Engenharia Ambiental (Bacharelado),Diurno,EP_R2_PPI,-45.951,-23.355
2018-2020,Darcy Ribeiro (Plano Piloto) / DF,Engenharia Ambiental (Bacharelado),Diurno,EP_R2_NPPI,-14.794,1.282
2018-2020,Darcy Ribeiro (Plano Piloto) / DF,Engenharia Ambiental (Bacharelado),Diurno,AC,-48.911,18.608
2018-2020,Darcy Ribeiro (Plano Piloto) / DF,Saúde Coletiva (Bacharelado),Noturno,EP_R2_PPI,-88.498,-45.444
2018-2020,Darcy Ribeiro (Plano Piloto) / DF,Saúde Coletiva (Bacharelado),Noturno,EP_R2_NPPI,-11.312,-11.312
2018-2020,Darcy Ribeiro (Plano Piloto) / DF,Saúde Coletiva (Bacharelado),Noturno,AC,-47.301,-5.412
2018-2020,Darcy Ribeiro (Plano Piloto) / DF,Odontologia (Bacharelado),Diurno,EP_R1_PPI,-48.765,42.043
2018-2020,Darcy Ribeiro (Plano Piloto) / DF,Odontologia (Bacharelado),Diurno,EP_R1_NPPI,21.849,57.888
2018-2020,Darcy Ribeiro (Plano Piloto) / DF,Odontologia (Bacharelado),Diurno,EP_R2_PPI,29.357,66.986
2018-2020,Darcy Ribeiro (Plano Piloto) / DF,Odontologia (Bacharelado),Diurno,EP_R2_NPPI,30.482,58.714
2018-2020,Darcy Ribeiro (Plano Piloto) / DF,Odontologia (Bacharelado),Diurno,CN,78.514,98.713
2018-2020,Darcy Ribeiro (Plano Piloto) / DF,Odontologia (Bacharelado),Diurno,AC,49.534,136.8
2018-2020,Darcy Ribeiro (Plano Piloto) / DF,Comunicação Organizacional (Bacharelado),Noturno,EP_R2_NPPI,-24.715,-24.715
2018-2020,Darcy Ribeiro (Plano Piloto) / DF,Comunicação Organizacional (Bacharelado),Noturno,CN,-41.513,4.914
2018-2020,Darcy Ribeiro (Plano Piloto) / DF,Comunicação Organizacional (Bacharelado),Noturno,AC,-60.884,61.325
2018-2020,Darcy Ribeiro (Plano Piloto) / DF,Biblioteconomia (Bacharelado),Diurno,EP_R2_NPPI,-18.898,-18.898
2018-2020,Darcy Ribeiro (Plano Piloto) / DF,Biblioteconomia (Bacharelado),Diurno,AC,-37.863,15.722
2018-2020,Darcy Ribeiro (Plano Piloto) / DF,Nutrição (Bacharelado),Diurno,EP_R1_PPI,-65.619,-1.114
2018-2020,Darcy Ribeiro (Plano Piloto) / DF,Nutrição (Bacharelado),Diurno,EP_R1_NPPI,-16.923,-11.802
2018-2020,Darcy Ribeiro (Plano Piloto) / DF,Nutrição (Bacharelado),Diurno,EP_R2_PPI,-6.959,42.128
2018-2020,Darcy Ribeiro (Plano Piloto) / DF,Nutrição (Bacharelado),Diurno,EP_R2_NPPI,41.689,53.407
2018-2020,Darcy Ribeiro (Plano Piloto) / DF,Nutrição (Bacharelado),Diurno,CN,3.338,26.599
2018-2020,Darcy Ribeiro (Plano Piloto) / DF,Nutrição (Bacharelado),Diurno,AC,26.002,130.595
2018-2020,Darcy Ribeiro (Plano Piloto) / DF,Engenharia Química (Bacharelado),Diurno,EP_R1_PPI,38.999,38.999
2018-2020,Darcy Ribeiro (Plano Piloto) / DF,Engenharia Química (Bacharelado),Diurno,EP_R2_PPI,-14.085,-14.085
2018-2020,Darcy Ribeiro (Plano Piloto) / DF,Engenharia Química (Bacharelado),Diurno,EP_R2_NPPI,-16.557,132.95
2018-2020,Darcy Ribeiro (Plano Piloto) / DF,Engenharia Química (Bacharelado),Diurno,AC,-50.087,134.041
2018-2020,Darcy Ribeiro (Plano Piloto) / DF,Medicina Veterinária (Bacharelado),Diurno,EP_R1_PPI,-20.268,43.442
2018-2020,Darcy Ribeiro (Plano Piloto) / DF,Medicina Veterinária (Bacharelado),Diurno,EP_R1_NPPI,22.149,44.794
2018-2020,Darcy Ribeiro (Plano Piloto) / DF,Medicina Veterinária (Bacharelado),Diurno,EP_R2_PPI,5.198,25.608
2018-2020,Darcy Ribeiro (Plano Piloto) / DF,Medicina Veterinária (Bacharelado),Diurno,EP_R2_NPPI,20.855,70.061
2018-2020,Darcy Ribeiro (Plano Piloto) / DF,Medicina Veterinária (Bacharelado),Diurno,CN,47.566,86.323
2018-2020,Darcy Ribeiro (Plano Piloto) / DF,Medicina Veterinária (Bacharelado),Diurno,AC,50.187,118.151
2018-2020,Darcy Ribeiro (Plano Piloto) / DF,Filosofia (Bacharelado/Licenciatura),Diurno,EP_R1_NPPI,-16.795,-16.795
2018-2020,Darcy Ribeiro (Plano Piloto) / DF,Filosofia (Bacharelado/Licenciatura),Diurno,EP_R2_PPI,-8.586,-8.586
2018-2020,Darcy Ribeiro (Plano Piloto) / DF,Filosofia (Bacharelado/Licenciatura),Diurno,CN,7.704,29.933
2018-2020,Darcy Ribeiro (Plano Piloto) / DF,Filosofia (Bacharelado/Licenciatura),Diurno,AC,-72.833,65.201
2018-2020,Darcy Ribeiro (Plano Piloto) / DF,Música (Licenciatura)*,Diurno,AC,-66.315,-66.315
2018-2020,Darcy Ribeiro (Plano Piloto) / DF,Comunicação Social – Audiovisual (Bacharelado),Diurno,EP_R1_PPI,-40.091,9.785
2018-2020,Darcy Ribeiro (Plano Piloto) / DF,Comunicação Social – Audiovisual (Bacharelado),Diurno,EP_R2_PPI,-27.235,13.364
2018-2020,Darcy Ribeiro (Plano Piloto) / DF,Comunicação Social – Audiovisual (Bacharelado),Diurno,EP_R2_NPPI,-30.985,9.153
2018-2020,Darcy Ribeiro (Plano Piloto) / DF,Comunicação Social – Audiovisual (Bacharelado),Diurno,CN,-49.161,-49.161
2018-2020,Darcy Ribeiro (Plano Piloto) / DF,Comunicação Social – Audiovisual (Bacharelado),Diurno,AC,47.993,110.494
2018-2020,Darcy Ribeiro (Plano Piloto) / DF,Geografia (Bacharelado/Licenciatura),Diurno,EP_R1_NPPI,-45.35,-45.35
2018-2020,Darcy Ribeiro (Plano Piloto) / DF,Geografia (Bacharelado/Licenciatura),Diurno,EP_R2_NPPI,-54.684,-14.787
2018-2020,Darcy Ribeiro (Plano Piloto) / DF,Geografia (Bacharelado/Licenciatura),Diurno,CN,-51.632,-41.47
2018-2020,Darcy Ribeiro (Plano Piloto) / DF,Geografia (Bacharelado/Licenciatura),Diurno,AC,-52.004,33.9
2018-2020,Darcy Ribeiro (Plano Piloto) / DF,Artes Visuais (Bacharelado)*,Diurno,EP_R2_NPPI,-37.278,-37.278
2018-2020,Darcy Ribeiro (Plano Piloto) / DF,Artes Visuais (Bacharelado)*,Diurno,AC,-54.583,41.796
2018-2020,Darcy Ribeiro (Plano Piloto) / DF,Ciências Naturais (Licenciatura),Diurno,EP_R2_PPI,-38.144,-7.442
2018-2020,Darcy Ribeiro (Plano Piloto) / DF,Ciências Naturais (Licenciatura),Diurno,AC,-78.584,-15.361
2018-2020,Darcy Ribeiro (Plano Piloto) / DF,Licenciatura em Matemática,Noturno,AC,-44.481,-44.481
2018-2020,Darcy Ribeiro (Plano Piloto) / DF,Licenciatura em Química,Noturno,EP_R1_PPI,-59.081,-1.061
2018-2020,Darcy Ribeiro (Plano Piloto) / DF,Licenciatura em Química,Noturno,EP_R2_NPPI,-73.401,-15.838
2018-2020,Darcy Ribeiro (Plano Piloto) / DF,Licenciatura em Química,Noturno,AC,-16.564,-16.564
2018-2020,Darcy Ribeiro (Plano Piloto) / DF,Estatística (Bacharelado),Diurno,EP_R2_PPI,0.031,0.031
2018-2020,Darcy Ribeiro (Plano Piloto) / DF,Estatística (Bacharelado),Diurno,EP_R2_NPPI,-0.124,-0.124
2018-2020,Darcy Ribeiro (Plano Piloto) / DF,Estatística (Bacharelado),Diurno,CN,-42.667,-5.916
2018-2020,Darcy Ribeiro (Plano Piloto) / DF,Estatística (Bacharelado),Diurno,AC,-72.065,57.878
2018-2020,Darcy Ribeiro (Plano Piloto) / DF,Serviço Social (Bacharelado),Diurno,EP_R1_PPI,-48.812,-28.138
2018-2020,Darcy Ribeiro (Plano Piloto) / DF,Serviço Social (Bacharelado),Diurno,EP_R1_NPPI,-96.288,-53.106
2018-2020,Darcy Ribeiro (Plano Piloto) / DF,Serviço Social (Bacharelado),Diurno,EP_R2_PPI,-65.588,-13.972
2018-2020,Darcy Ribeiro (Plano Piloto) / DF,Serviço Social (Bacharelado),Diurno,EP_R2_NPPI,-51.891,-31.824
2018-2020,Darcy Ribeiro (Plano Piloto) / DF,Serviço Social (Bacharelado),Diurno,CN,3.008,26.594
2018-2020,Darcy Ribeiro (Plano Piloto) / DF,Serviço Social (Bacharelado),Diurno,AC,-58.484,45.897
2018-2020,Darcy Ribeiro (Plano Piloto) / DF,Física (Bacharelado),Diurno,EP_R1_PPI,-74.73,-74.73
2018-2020,Darcy Ribeiro (Plano Piloto) / DF,Física (Bacharelado),Diurno,EP_R2_PPI,-45.931,26.603
2018-2020,Darcy Ribeiro (Plano Piloto) / DF,Física (Bacharelado),Diurno,EP_R2_NPPI,-11.788,-11.788
2018-2020,Darcy Ribeiro (Plano Piloto) / DF,Física (Bacharelado),Diurno,CN,-10.52,128.902
2018-2020,Darcy Ribeiro (Plano Piloto) / DF,Física (Bacharelado),Diurno,AC,-49.177,91.641
2018-2020,Darcy Ribeiro (Plano Piloto) / DF,Ciências Ambientais (Bacharelado),Noturno,EP_R2_PPI,-59.986,-33.277
2018-2020,Darcy Ribeiro (Plano Piloto) / DF,Ciências Ambientais (Bacharelado),Noturno,EP_R2_NPPI,-49.599,-33.542
2018-2020,Darcy Ribeiro (Plano Piloto) / DF,Ciências Ambientais (Bacharelado),Noturno,CN,-35.352,-30.498
2018-2020,Darcy Ribeiro (Plano Piloto) / DF,Ciências Ambientais (Bacharelado),Noturno,AC,-86.73,22.379
2018-2020,Darcy Ribeiro (Plano Piloto) / DF,Gestão de Agronegócio (Bacharelado),Noturno,EP_R2_NPPI,-71.314,-1.139
2018-2020,Darcy Ribeiro (Plano Piloto) / DF,Gestão de Agronegócio (Bacharelado),Noturno,CN,-25.521,-25.521
2018-2020,Darcy Ribeiro (Plano Piloto) / DF,Gestão de Agronegócio (Bacharelado),Noturno,AC,-93.752,-40.181
2018-2020,Darcy Ribeiro (Plano Piloto) / DF,Enfermagem (Bacharelado),Diurno,EP_R1_PPI,-50.128,18.233
2018-2020,Darcy Ribeiro (Plano Piloto) / DF,Enfermagem (Bacharelado),Diurno,EP_R1_NPPI,-16.36,12.216
2018-2020,Darcy Ribeiro (Plano Piloto) / DF,Enfermagem (Bacharelado),Diurno,EP_R2_PPI,-20.508,11.174
2018-2020,Darcy Ribeiro (Plano Piloto) / DF,Enfermagem (Bacharelado),Diurno,EP_R2_NPPI,12.11,43.716
2018-2020,Darcy Ribeiro (Plano Piloto) / DF,Enfermagem (Bacharelado),Diurno,CN,6.016,17.233
2018-2020,Darcy Ribeiro (Plano Piloto) / DF,Enfermagem (Bacharelado),Diurno,AC,9.2,70.871
2018-2020,Darcy Ribeiro (Plano Piloto) / DF,Letras – Português do Brasil como Segunda Língua (Licenciatura),Diurno,EP_R1_NPPI,-17.594,-17.594
2018-2020,Darcy Ribeiro (Plano Piloto) / DF,Letras – Português do Brasil como Segunda Língua (Licenciatura),Diurno,EP_R2_PPI,-83.522,-50.615
2018-2020,Darcy Ribeiro (Plano Piloto) / DF,Letras – Português do Brasil como Segunda Língua (Licenciatura),Diurno,EP_R2_NPPI,-24.411,-24.411
2018-2020,Darcy Ribeiro (Plano Piloto) / DF,Letras – Português do Brasil como Segunda Língua (Licenciatura),Diurno,AC,-65.683,30.297
2018-2020,Darcy Ribeiro (Plano Piloto) / DF,Farmácia (Bacharelado),Noturno,EP_R1_PPI,-93.87,-50.055
2018-2020,Darcy Ribeiro (Plano Piloto) / DF,Farmácia (Bacharelado),Noturno,EP_R2_PPI,-77.467,14.729
2018-2020,Darcy Ribeiro (Plano Piloto) / DF,Farmácia (Bacharelado),Noturno,EP_R2_NPPI,-84.214,-84.214
2018-2020,Darcy Ribeiro (Plano Piloto) / DF,Farmácia (Bacharelado),Noturno,AC,-81.89,25.212
2018-2020,Darcy Ribeiro (Plano Piloto) / DF,Farmácia (Bacharelado),Diurno,EP_R1_PPI,-56.072,-55.265
2018-2020,Darcy Ribeiro (Plano Piloto) / DF,Farmácia (Bacharelado),Diurno,EP_R1_NPPI,-11.157,1.525
2018-2020,Darcy Ribeiro (Plano Piloto) / DF,Farmácia (Bacharelado),Diurno,EP_R2_PPI,-41.496,19.612
2018-2020,Darcy Ribeiro (Plano Piloto) / DF,Farmácia (Bacharelado),Diurno,EP_R2_NPPI,-9.63,67.493
2018-2020,Darcy Ribeiro (Plano Piloto) / DF,Farmácia (Bacharelado),Diurno,CN,0.785,25.807
2018-2020,Darcy Ribeiro (Plano Piloto) / DF,Farmácia (Bacharelado),Diurno,AC,13.016,75.783
2018-2020,Darcy Ribeiro (Plano Piloto) / DF,Gestão de Políticas Públicas (Bacharelado),Noturno,EP_R1_PPI,-95.963,-57.354
2018-2020,Darcy Ribeiro (Plano Piloto) / DF,Gestão de Políticas Públicas (Bacharelado),Noturno,EP_R1_NPPI,-12.548,-12.548
2018-2020,Darcy Ribeiro (Plano Piloto) / DF,Gestão de Políticas Públicas (Bacharelado),Noturno,EP_R2_PPI,-60.85,-6.58
2018-2020,Darcy Ribeiro (Plano Piloto) / DF,Gestão de Políticas Públicas (Bacharelado),Noturno,EP_R2_NPPI,-43.785,-6.373
2018-2020,Darcy Ribeiro (Plano Piloto) / DF,Gestão de Políticas Públicas (Bacharelado),Noturno,CN,-20.13,24.96
2018-2020,Darcy Ribeiro (Plano Piloto) / DF,Gestão de Políticas Públicas (Bacharelado),Noturno,AC,-72.389,73.386
2018-2020,Darcy Ribeiro (Plano Piloto) / DF,Biotecnologia (Bacharelado),Diurno,EP_R1_PPI,-47.176,-47.176
2018-2020,Darcy Ribeiro (Plano Piloto) / DF,Biotecnologia (Bacharelado),Diurno,EP_R2_PPI,-40.891,40.546
2018-2020,Darcy Ribeiro (Plano Piloto) / DF,Biotecnologia (Bacharelado),Diurno,EP_R2_NPPI,-60.398,32.963
2018-2020,Darcy Ribeiro (Plano Piloto) / DF,Biotecnologia (Bacharelado),Diurno,CN,-40.953,-1.459
2018-2020,Darcy Ribeiro (Plano Piloto) / DF,Biotecnologia (Bacharelado),Diurno,AC,13.962,103.116
2018-2020,Darcy Ribeiro (Plano Piloto) / DF,Ciência da Computação (Bacharelado),Diurno,EP_R1_PPI,-34.939,-2.517
2018-2020,Darcy Ribeiro (Plano Piloto) / DF,Ciência da Computação (Bacharelado),Diurno,EP_R1_NPPI,-75.28,-0.86
2018-2020,Darcy Ribeiro (Plano Piloto) / DF,Ciência da Computação (Bacharelado),Diurno,EP_R2_PPI,12.338,54.187
2018-2020,Darcy Ribeiro (Plano Piloto) / DF,Ciência da Computação (Bacharelado),Diurno,EP_R2_PPI_PCD,-13.051,-13.051
2018-2020,Darcy Ribeiro (Plano Piloto) / DF,Ciência da Computação (Bacharelado),Diurno,EP_R2_NPPI,9.801,115.857
2018-2020,Darcy Ribeiro (Plano Piloto) / DF,Ciência da Computação (Bacharelado),Diurno,CN,44.904,57.682
2018-2020,Darcy Ribeiro (Plano Piloto) / DF,Ciência da Computação (Bacharelado),Diurno,AC,78.303,141.416
2018-2020,Darcy Ribeiro (Plano Piloto) / DF,Computação (Licenciatura),Noturno,EP_R1_PPI,36.577,36.577
2018-2020,Darcy Ribeiro (Plano Piloto) / DF,Computação (Licenciatura),Noturno,EP_R2_NPPI,-28.675,14.464
2018-2020,Darcy Ribeiro (Plano Piloto) / DF,Computação (Licenciatura),Noturno,AC,-96.333,63.42
2018-2020,Darcy Ribeiro (Plano Piloto) / DF,Licenciatura em Ciências Biológicas,Noturno,EP_R1_PPI,-57.415,-43.489
2018-2020,Darcy Ribeiro (Plano Piloto) / DF,Licenciatura em Ciências Biológicas,Noturno,EP_R2_PPI,-17.581,-17.581
2018-2020,Darcy Ribeiro (Plano Piloto) / DF,Licenciatura em Ciências Biológicas,Noturno,EP_R2_NPPI,-20.37,18.629
2018-2020,Darcy Ribeiro (Plano Piloto) / DF,Licenciatura em Ciências Biológicas,Noturno,CN,9.788,35.977
2018-2020,Darcy Ribeiro (Plano Piloto) / DF,Licenciatura em Ciências Biológicas,Noturno,AC,-36.584,45.635
2018-2020,Darcy Ribeiro (Plano Piloto) / DF,Filosofia (Licenciatura),Noturno,EP_R2_NPPI,-22.521,-22.521
2018-2020,Darcy Ribeiro (Plano Piloto) / DF,Engenharia de Produção (Bacharelado),Noturno,CN,13.105,18.914
2018-2020,Darcy Ribeiro (Plano Piloto) / DF,Engenharia de Produção (Bacharelado),Noturno,AC,-45.285,97.751
2018-2020,Darcy Ribeiro (Plano Piloto) / DF,Educação Física (Bacharelado),Diurno,EP_R1_PPI,-25.052,-25.052
2018-2020,Darcy Ribeiro (Plano Piloto) / DF,Educação Física (Bacharelado),Diurno,EP_R1_NPPI,-22.536,-22.536
2018-2020,Darcy Ribeiro (Plano Piloto) / DF,Educação Física (Bacharelado),Diurno,EP_R2_PPI,-94.317,2.411
2018-2020,Darcy Ribeiro (Plano Piloto) / DF,Educação Física (Bacharelado),Diurno,EP_R2_NPPI,-84.571,3.39
2018-2020,Darcy Ribeiro (Plano Piloto) / DF,Educação Física (Bacharelado),Diurno,CN,-14.695,27.052
2018-2020,Darcy Ribeiro (Plano Piloto) / DF,Educação Física (Bacharelado),Diurno,AC,-33.049,44.232
2018-2020,Darcy Ribeiro (Plano Piloto) / DF,Engenharia Civil (Bacharelado),Diurno,EP_R1_PPI,5.858,5.858
2018-2020,Darcy Ribeiro (Plano Piloto) / DF,Engenharia Civil (Bacharelado),Diurno,EP_R1_NPPI,-10.46,-10.46
2018-2020,Darcy Ribeiro (Plano Piloto) / DF,Engenharia Civil (Bacharelado),Diurno,EP_R2_PPI,-27.977,1.668
2018-2020,Darcy Ribeiro (Plano Piloto) / DF,Engenharia Civil (Bacharelado),Diurno,EP_R2_NPPI,-68.924,39.037
2018-2020,Darcy Ribeiro (Plano Piloto) / DF,Engenharia Civil (Bacharelado),Diurno,CN,66.75,101.479
2018-2020,Darcy Ribeiro (Plano Piloto) / DF,Engenharia Civil (Bacharelado),Diurno,AC,-10.667,147.15
2018-2020,Darcy Ribeiro (Plano Piloto) / DF,Engenharia Elétrica (Bacharelado),Diurno,EP_R1_PPI,-62.725,10.242
2018-2020,Darcy Ribeiro (Plano Piloto) / DF,Engenharia Elétrica (Bacharelado),Diurno,EP_R2_PPI,-25.08,33.134
2018-2020,Darcy Ribeiro (Plano Piloto) / DF,Engenharia Elétrica (Bacharelado),Diurno,EP_R2_NPPI,-45.468,145.719
2018-2020,Darcy Ribeiro (Plano Piloto) / DF,Engenharia Elétrica (Bacharelado),Diurno,CN,-12.144,-12.144
2018-2020,Darcy Ribeiro (Plano Piloto) / DF,Engenharia Elétrica (Bacharelado),Diurno,AC,-54.46,165.36
2018-2020,Darcy Ribeiro (Plano Piloto) / DF,Arquitetura e Urbanismo (Bacharelado),Diurno,EP_R1_PPI,-44.527,18.536
2018-2020,Darcy Ribeiro (Plano Piloto) / DF,Arquitetura e Urbanismo (Bacharelado),Diurno,EP_R1_NPPI,-74.003,-50.838
2018-2020,Darcy Ribeiro (Plano Piloto) / DF,Arquitetura e Urbanismo (Bacharelado),Diurno,EP_R2_PPI,-33.644,16.99
2018-2020,Darcy Ribeiro (Plano Piloto) / DF,Arquitetura e Urbanismo (Bacharelado),Diurno,EP_R2_NPPI,23.187,39.321
2018-2020,Darcy Ribeiro (Plano Piloto) / DF,Arquitetura e Urbanismo (Bacharelado),Diurno,CN,46.911,54.412
2018-2020,Darcy Ribeiro (Plano Piloto) / DF,Arquitetura e Urbanismo (Bacharelado),Diurno,AC,65.986,111.643
2018-2020,Darcy Ribeiro (Plano Piloto) / DF,Arquitetura e Urbanismo (Bacharelado),Noturno,EP_R1_NPPI,-65.025,5.459
2018-2020,Darcy Ribeiro (Plano Piloto) / DF,Arquitetura e Urbanismo (Bacharelado),Noturno,EP_R2_PPI,-17.044,-17.044
2018-2020,Darcy Ribeiro (Plano Piloto) / DF,Arquitetura e Urbanismo (Bacharelado),Noturno,EP_R2_NPPI,-25.804,12.181
2018-2020,Darcy Ribeiro (Plano Piloto) / DF,Arquitetura e Urbanismo (Bacharelado),Noturno,CN,-66.223,-53.075
2018-2020,Darcy Ribeiro (Plano Piloto) / DF,Arquitetura e Urbanismo (Bacharelado),Noturno,AC,-31.822,62.419
2018-2020,Darcy Ribeiro (Plano Piloto) / DF,Engenharia de Redes de Comunicação (Bacharelado),Diurno,EP_R1_PPI,-29.883,-29.883
2018-2020,Darcy Ribeiro (Plano Piloto) / DF,Engenharia de Redes de Comunicação (Bacharelado),Diurno,EP_R2_PPI,-50.627,3.941
2018-2020,Darcy Ribeiro (Plano Piloto) / DF,Engenharia de Redes de Comunicação (Bacharelado),Diurno,EP_R2_NPPI,-66.201,-66.201
2018-2020,Darcy Ribeiro (Plano Piloto) / DF,Engenharia de Redes de Comunicação (Bacharelado),Diurno,CN,-6.137,-4.801
2018-2020,Darcy Ribeiro (Plano Piloto) / DF,Engenharia de Redes de Comunicação (Bacharelado),Diurno,AC,-31.904,55.127
2018-2020,Darcy Ribeiro (Plano Piloto) / DF,Medicina (Bacharelado),Diurno,EP_R1_PPI,28.975,94.939
2018-2020,Darcy Ribeiro (Plano Piloto) / DF,Medicina (Bacharelado),Diurno,EP_R1_PPI_PCD,-40.024,-40.024
2018-2020,Darcy Ribeiro (Plano Piloto) / DF,Medicina (Bacharelado),Diurno,EP_R1_NPPI,93.731,117.434
2018-2020,Darcy Ribeiro (Plano Piloto) / DF,Medicina (Bacharelado),Diurno,EP_R2_PPI,101.453,124.97
2018-2020,Darcy Ribeiro (Plano Piloto) / DF,Medicina (Bacharelado),Diurno,EP_R2_NPPI,137.999,190.592
2018-2020,Darcy Ribeiro (Plano Piloto) / DF,Medicina (Bacharelado),Diurno,CN,157.264,157.983
2018-2020,Darcy Ribeiro (Plano Piloto) / DF,Medicina (Bacharelado),Diurno,AC,164.861,190.742
2018-2020,Darcy Ribeiro (Plano Piloto) / DF,Geologia (Bacharelado),Diurno,EP_R2_NPPI,-28.409,-28.409
2018-2020,Darcy Ribeiro (Plano Piloto) / DF,Geologia (Bacharelado),Diurno,AC,-96.644,38.599
2018-2020,Darcy Ribeiro (Plano Piloto) / DF,Química (Bacharelado),Diurno,EP_R2_PPI,30.256,30.256
2018-2020,Darcy Ribeiro (Plano Piloto) / DF,Química (Bacharelado),Diurno,EP_R2_NPPI,-23.583,22.033
2018-2020,Darcy Ribeiro (Plano Piloto) / DF,Química (Bacharelado),Diurno,CN,6.547,6.547
2018-2020,Darcy Ribeiro (Plano Piloto) / DF,Química (Bacharelado),Diurno,AC,-58.334,47.376
2018-2020,Darcy Ribeiro (Plano Piloto) / DF,Língua Portuguesa e Respectiva Literatura (Bacharelado/Licenciatura),Diurno,EP_R1_PPI,-39.486,-31.425
2018-2020,Darcy Ribeiro (Plano Piloto) / DF,Língua Portuguesa e Respectiva Literatura (Bacharelado/Licenciatura),Diurno,EP_R1_NPPI,-16.876,-16.876
2018-2020,Darcy Ribeiro (Plano Piloto) / DF,Língua Portuguesa e Respectiva Literatura (Bacharelado/Licenciatura),Diurno,EP_R2_PPI,-71.639,18.495
2018-2020,Darcy Ribeiro (Plano Piloto) / DF,Língua Portuguesa e Respectiva Literatura (Bacharelado/Licenciatura),Diurno,EP_R2_NPPI,-29.217,73.365
2018-2020,Darcy Ribeiro (Plano Piloto) / DF,Língua Portuguesa e Respectiva Literatura (Bacharelado/Licenciatura),Diurno,CN,-46.766,-21.415
2018-2020,Darcy Ribeiro (Plano Piloto) / DF,Língua Portuguesa e Respectiva Literatura (Bacharelado/Licenciatura),Diurno,AC,-25.6,59.203
2018-2020,Darcy Ribeiro (Plano Piloto) / DF,Língua Portuguesa e Respectiva Literatura (Licenciatura),Noturno,EP_R2_NPPI,-3.889,18.043
2018-2020,Darcy Ribeiro (Plano Piloto) / DF,Língua Portuguesa e Respectiva Literatura (Licenciatura),Noturno,AC,-54.535,1.714
2018-2020,Darcy Ribeiro (Plano Piloto) / DF,Língua Francesa e Respectiva Literatura (Bacharelado/Licenciatura),Diurno,EP_R2_PPI,-20.959,-20.877
2018-2020,Darcy Ribeiro (Plano Piloto) / DF,Língua Francesa e Respectiva Literatura (Bacharelado/Licenciatura),Diurno,EP_R2_NPPI,-20.18,-20.18
2018-2020,Darcy Ribeiro (Plano Piloto) / DF,Língua Francesa e Respectiva Literatura (Bacharelado/Licenciatura),Diurno,CN,-84.371,-84.371
2018-2020,Darcy Ribeiro (Plano Piloto) / DF,Língua Francesa e Respectiva Literatura (Bacharelado/Licenciatura),Diurno,AC,-55.891,5.252
2018-2020,Darcy Ribeiro (Plano Piloto) / DF,Língua Inglesa e Respectiva Literatura (Bacharelado/Licenciatura),Diurno,EP_R1_PPI,6.406,6.406
2018-2020,Darcy Ribeiro (Plano Piloto) / DF,Língua Inglesa e Respectiva Literatura (Bacharelado/Licenciatura),Diurno,EP_R1_NPPI,-17.712,25.713
2018-2020,Darcy Ribeiro (Plano Piloto) / DF,Língua Inglesa e Respectiva Literatura (Bacharelado/Licenciatura),Diurno,EP_R2_PPI,-63.889,-9.992
2018-2020,Darcy Ribeiro (Plano Piloto) / DF,Língua Inglesa e Respectiva Literatura (Bacharelado/Licenciatura),Diurno,EP_R2_NPPI,14.039,21.415
2018-2020,Darcy Ribeiro (Plano Piloto) / DF,Língua Inglesa e Respectiva Literatura (Bacharelado/Licenciatura),Diurno,CN,-52.719,-40.613
2018-2020,Darcy Ribeiro (Plano Piloto) / DF,Língua Inglesa e Respectiva Literatura (Bacharelado/Licenciatura),Diurno,AC,-10.253,20.671
2018-2020,Darcy Ribeiro (Plano Piloto) / DF,Letras – Tradução Espanhol (Bacharelado),Noturno,EP_R1_PPI,-45.083,-45.083
2018-2020,Darcy Ribeiro (Plano Piloto) / DF,Letras – Tradução Espanhol (Bacharelado),Noturno,EP_R2_PPI,-26.219,-26.219
2018-2020,Darcy Ribeiro (Plano Piloto) / DF,Letras – Tradução Espanhol (Bacharelado),Noturno,EP_R2_NPPI,-49.61,-49.61
2018-2020,Darcy Ribeiro (Plano Piloto) / DF,Letras – Tradução Espanhol (Bacharelado),Noturno,AC,-37.809,-20.326
2018-2020,Darcy Ribeiro (Plano Piloto) / DF,Engenharia Mecatrônica – Controle e Automação (Bacharelado),Diurno,EP_R1_PPI,-37.722,54.405
2018-2020,Darcy Ribeiro (Plano Piloto) / DF,Engenharia Mecatrônica – Controle e Automação (Bacharelado),Diurno,EP_R1_NPPI,-32.767,-32.767
2018-2020,Darcy Ribeiro (Plano Piloto) / DF,Engenharia Mecatrônica – Controle e Automação (Bacharelado),Diurno,EP_R2_PPI,-46.573,42.867
2018-2020,Darcy Ribeiro (Plano Piloto) / DF,Engenharia Mecatrônica – Controle e Automação (Bacharelado),Diurno,EP_R2_NPPI,19.302,65.536
2018-2020,Darcy Ribeiro (Plano Piloto) / DF,Engenharia Mecatrônica – Controle e Automação (Bacharelado),Diurno,CN,-19.965,1.525
2018-2020,Darcy Ribeiro (Plano Piloto) / DF,Engenharia Mecatrônica – Controle e Automação (Bacharelado),Diurno,AC,-40.37,134.759
2018-2020,Darcy Ribeiro (Plano Piloto) / DF,Jornalismo (Bacharelado),Diurno,EP_R1_PPI,-45.399,-22.287
2018-2020,Darcy Ribeiro (Plano Piloto) / DF,Jornalismo (Bacharelado),Diurno,EP_R1_NPPI,-9.001,-8.705
2018-2020,Darcy Ribeiro (Plano Piloto) / DF,Jornalismo (Bacharelado),Diurno,EP_R2_PPI,-5.212,13.931
2018-2020,Darcy Ribeiro (Plano Piloto) / DF,Jornalismo (Bacharelado),Diurno,EP_R2_NPPI,7.89,26.716
2018-2020,Darcy Ribeiro (Plano Piloto) / DF,Jornalismo (Bacharelado),Diurno,CN,14.706,26.97
2018-2020,Darcy Ribeiro (Plano Piloto) / DF,Jornalismo (Bacharelado),Diurno,AC,81.255,115.406
2018-2020,Darcy Ribeiro (Plano Piloto) / DF,Pedagogia (Licenciatura),Diurno,EP_R1_PPI,-81.497,2.447
2018-2020,Darcy Ribeiro (Plano Piloto) / DF,Pedagogia (Licenciatura),Diurno,EP_R1_NPPI,-78.056,3.175
2018-2020,Darcy Ribeiro (Plano Piloto) / DF,Pedagogia (Licenciatura),Diurno,EP_R2_PPI,-81.223,-8.872
2018-2020,Darcy Ribeiro (Plano Piloto) / DF,Pedagogia (Licenciatura),Diurno,EP_R2_NPPI,-76.273,-1.675
2018-2020,Darcy Ribeiro (Plano Piloto) / DF,Pedagogia (Licenciatura),Diurno,CN,-89.114,7.463
2018-2020,Darcy Ribeiro (Plano Piloto) / DF,Pedagogia (Licenciatura),Diurno,AC,-65.666,20.859
2018-2020,Darcy Ribeiro (Plano Piloto) / DF,Pedagogia (Licenciatura),Noturno,EP_R1_NPPI,-55.369,-30.436
2018-2020,Darcy Ribeiro (Plano Piloto) / DF,Pedagogia (Licenciatura),Noturno,EP_R2_PPI,-87.878,-15.856
2018-2020,Darcy Ribeiro (Plano Piloto) / DF,Pedagogia (Licenciatura),Noturno,EP_R2_NPPI,-62.118,-25.054
2018-2020,Darcy Ribeiro (Plano Piloto) / DF,Pedagogia (Licenciatura),Noturno,CN,-24.934,-16.109
2018-2020,Darcy Ribeiro (Plano Piloto) / DF,Pedagogia (Licenciatura),Noturno,AC,-98.292,-22.179
2018-2020,Darcy Ribeiro (Plano Piloto) / DF,Licenciatura em Física,Noturno,AC,-14.535,38.883
2018-2020,Darcy Ribeiro (Plano Piloto) / DF,"Teoria, Crítica e História da Arte (Bacharelado)",Noturno,EP_R1_PPI,3.161,3.161
2018-2020,Darcy Ribeiro (Plano Piloto) / DF,"Teoria, Crítica e História da Arte (Bacharelado)",Noturno,AC,-74.639,-74.639
2018-2020,Darcy Ribeiro (Plano Piloto) / DF,Engenharia Florestal (Bacharelado),Diurno,EP_R1_PPI,-72.218,20.162
2018-2020,Darcy Ribeiro (Plano Piloto) / DF,Engenharia Florestal (Bacharelado),Diurno,EP_R2_PPI,-42.766,-42.766
2018-2020,Darcy Ribeiro (Plano Piloto) / DF,Engenharia Florestal (Bacharelado),Diurno,CN,-27.121,8.294
2018-2020,Darcy Ribeiro (Plano Piloto) / DF,Engenharia Florestal (Bacharelado),Diurno,AC,-65.083,17.752
2018-2020,Darcy Ribeiro (Plano Piloto) / DF,Psicologia (Bacharelado / Licenciatura / Psicólogo),Diurno,EP_R1_PPI,-25.958,38.511
2018-2020,Darcy Ribeiro (Plano Piloto) / DF,Psicologia (Bacharelado / Licenciatura / Psicólogo),Diurno,EP_R1_NPPI,-0.561,39.193
2018-2020,Darcy Ribeiro (Plano Piloto) / DF,Psicologia (Bacharelado / Licenciatura / Psicólogo),Diurno,EP_R2_PPI,7.086,84.313
2018-2020,Darcy Ribeiro (Plano Piloto) / DF,Psicologia (Bacharelado / Licenciatura / Psicólogo),Diurno,EP_R2_NPPI,59.772,78.747
2018-2020,Darcy Ribeiro (Plano Piloto) / DF,Psicologia (Bacharelado / Licenciatura / Psicólogo),Diurno,CN,41.936,77.339
2018-2020,Darcy Ribeiro (Plano Piloto) / DF,Psicologia (Bacharelado / Licenciatura / Psicólogo),Diurno,AC,80.474,117.229
2018-2020,Darcy Ribeiro (Plano Piloto) / DF,Matemática (Bacharelado/ Licenciatura),Diurno,EP_R1_PPI,-1.016,32.712
2018-2020,Darcy Ribeiro (Plano Piloto) / DF,Matemática (Bacharelado/ Licenciatura),Diurno,EP_R1_NPPI,-96.948,-96.948
2018-2020,Darcy Ribeiro (Plano Piloto) / DF,Matemática (Bacharelado/ Licenciatura),Diurno,EP_R2_PPI,-54.452,-2.143
2018-2020,Darcy Ribeiro (Plano Piloto) / DF,Matemática (Bacharelado/ Licenciatura),Diurno,EP_R2_NPPI,-42.476,6.428
2018-2020,Darcy Ribeiro (Plano Piloto) / DF,Matemática (Bacharelado/ Licenciatura),Diurno,CN,-78.171,-78.171
2018-2020,Darcy Ribeiro (Plano Piloto) / DF,Matemática (Bacharelado/ Licenciatura),Diurno,AC,-74.606,79.364
2018-2020,Darcy Ribeiro (Plano Piloto) / DF,Ciências Biológicas (Bacharelado),Diurno,EP_R1_PPI,-42.429,-6.123
2018-2020,Darcy Ribeiro (Plano Piloto) / DF,Ciências Biológicas (Bacharelado),Diurno,EP_R1_NPPI,-58.578,-3.085
2018-2020,Darcy Ribeiro (Plano Piloto) / DF,Ciências Biológicas (Bacharelado),Diurno,EP_R2_PPI,-40.62,42.573
2018-2020,Darcy Ribeiro (Plano Piloto) / DF,Ciências Biológicas (Bacharelado),Diurno,EP_R2_NPPI,5.725,31.993
2018-2020,Darcy Ribeiro (Plano Piloto) / DF,Ciências Biológicas (Bacharelado),Diurno,CN,-8.39,-0.152
2018-2020,Darcy Ribeiro (Plano Piloto) / DF,Ciências Biológicas (Bacharelado),Diurno,AC,47.639,102.589
2018-2020,Darcy Ribeiro (Plano Piloto) / DF,Ciências Sociais – Antropologia / Sociologia (Bacharelado/ Licenciatura),Diurno,EP_R1_PPI,-79.622,13.422
2018-2020,Darcy Ribeiro (Plano Piloto) / DF,Ciências Sociais – Antropologia / Sociologia (Bacharelado/ Licenciatura),Diurno,EP_R1_NPPI,-58.842,12.31
2018-2020,Darcy Ribeiro (Plano Piloto) / DF,Ciências Sociais – Antropologia / Sociologia (Bacharelado/ Licenciatura),Diurno,EP_R2_PPI,-62.078,-12.864
2018-2020,Darcy Ribeiro (Plano Piloto) / DF,Ciências Sociais – Antropologia / Sociologia (Bacharelado/ Licenciatura),Diurno,EP_R2_NPPI,-34.495,6.009
2018-2020,Darcy Ribeiro (Plano Piloto) / DF,Ciências Sociais – Antropologia / Sociologia (Bacharelado/ Licenciatura),Diurno,CN,-2.423,22.985
2018-2020,Darcy Ribeiro (Plano Piloto) / DF,Ciências Sociais – Antropologia / Sociologia (Bacharelado/ Licenciatura),Diurno,AC,-73.444,63.097
2018-2020,Darcy Ribeiro (Plano Piloto) / DF,Ciências Econômicas (Bacharelado),Diurno,EP_R1_PPI,-31.962,3.364
2018-2020,Darcy Ribeiro (Plano Piloto) / DF,Ciências Econômicas (Bacharelado),Diurno,EP_R1_NPPI,-19.708,37.407
2018-2020,Darcy Ribeiro (Plano Piloto) / DF,Ciências Econômicas (Bacharelado),Diurno,EP_R2_PPI,-48.677,23.009
2018-2020,Darcy Ribeiro (Plano Piloto) / DF,Ciências Econômicas (Bacharelado),Diurno,EP_R2_NPPI,-31.155,71.256
2018-2020,Darcy Ribeiro (Plano Piloto) / DF,Ciências Econômicas (Bacharelado),Diurno,CN,52.181,54.601
2018-2020,Darcy Ribeiro (Plano Piloto) / DF,Ciências Econômicas (Bacharelado),Diurno,AC,39.606,170.983
2018-2020,Darcy Ribeiro (Plano Piloto) / DF,História (Bacharelado/Licenciatura),Diurno,EP_R1_PPI,5.759,24.413
2018-2020,Darcy Ribeiro (Plano Piloto) / DF,História (Bacharelado/Licenciatura),Diurno,EP_R1_NPPI,-8.107,18.517
2018-2020,Darcy Ribeiro (Plano Piloto) / DF,História (Bacharelado/Licenciatura),Diurno,EP_R2_PPI,-17.943,11.17
2018-2020,Darcy Ribeiro (Plano Piloto) / DF,História (Bacharelado/Licenciatura),Diurno,EP_R2_NPPI,6.108,45.889
2018-2020,Darcy Ribeiro (Plano Piloto) / DF,História (Bacharelado/Licenciatura),Diurno,CN,25.571,48.115
2018-2020,Darcy Ribeiro (Plano Piloto) / DF,História (Bacharelado/Licenciatura),Diurno,AC,4.468,99.466
2018-2020,Darcy Ribeiro (Plano Piloto) / DF,Serviço Social (Bacharelado),Noturno,EP_R1_PPI,-34.792,-34.792
2018-2020,Darcy Ribeiro (Plano Piloto) / DF,Serviço Social (Bacharelado),Noturno,EP_R2_PPI,-54.902,-23.751
2018-2020,Darcy Ribeiro (Plano Piloto) / DF,Serviço Social (Bacharelado),Noturno,EP_R2_NPPI,-33.578,-7.92
2018-2020,Darcy Ribeiro (Plano Piloto) / DF,Serviço Social (Bacharelado),Noturno,CN,-40.425,-31.165
2018-2020,Darcy Ribeiro (Plano Piloto) / DF,Serviço Social (Bacharelado),Noturno,AC,-55.437,9.712
2018-2020,Darcy Ribeiro (Plano Piloto) / DF,Relações Internacionais (Bacharelado),Diurno,EP_R1_PPI,-37.873,-35.003
2018-2020,Darcy Ribeiro (Plano Piloto) / DF,Relações Internacionais (Bacharelado),Diurno,EP_R1_NPPI,-9.56,59.411
2018-2020,Darcy Ribeiro (Plano Piloto) / DF,Relações Internacionais (Bacharelado),Diurno,EP_R2_PPI,-23.088,43.825
2018-2020,Darcy Ribeiro (Plano Piloto) / DF,Relações Internacionais (Bacharelado),Diurno,EP_R2_NPPI,35.713,88.167
2018-2020,Darcy Ribeiro (Plano Piloto) / DF,Relações Internacionais (Bacharelado),Diurno,CN,39.989,43.033
2018-2020,Darcy Ribeiro (Plano Piloto) / DF,Relações Internacionais (Bacharelado),Diurno,AC,73.157,133.87
2018-2020,Darcy Ribeiro (Plano Piloto) / DF,Artes Cênicas - Interpretação Teatral (Bacharelado) *,Diurno,EP_R1_PPI,-5.726,-5.726
2018-2020,Darcy Ribeiro (Plano Piloto) / DF,Artes Cênicas - Interpretação Teatral (Bacharelado) *,Diurno,EP_R2_NPPI,19.746,19.746
2018-2020,Darcy Ribeiro (Plano Piloto) / DF,Artes Cênicas - Interpretação Teatral (Bacharelado) *,Diurno,AC,-35.963,47.134
2018-2020,Darcy Ribeiro (Plano Piloto) / DF,Design – Programação Visual/ Projeto do Produto (Bacharelado),Diurno,EP_R1_PPI,-36.333,-11.018
2018-2020,Darcy Ribeiro (Plano Piloto) / DF,Design – Programação Visual/ Projeto do Produto (Bacharelado),Diurno,EP_R1_NPPI,-13.605,-0.286
2018-2020,Darcy Ribeiro (Plano Piloto) / DF,Design – Programação Visual/ Projeto do Produto (Bacharelado),Diurno,EP_R2_PPI,-22.489,9.31
2018-2020,Darcy Ribeiro (Plano Piloto) / DF,Design – Programação Visual/ Projeto do Produto (Bacharelado),Diurno,CN,6.632,32.212
2018-2020,Darcy Ribeiro (Plano Piloto) / DF,Design – Programação Visual/ Projeto do Produto (Bacharelado),Diurno,AC,79.753,125.943
2018-2020,Darcy Ribeiro (Plano Piloto) / DF,Turismo (Bacharelado),Diurno,EP_R1_NPPI,-35.506,-35.506
2018-2020,Darcy Ribeiro (Plano Piloto) / DF,Turismo (Bacharelado),Diurno,EP_R2_PPI,-68.241,-14.636
2018-2020,Darcy Ribeiro (Plano Piloto) / DF,Turismo (Bacharelado),Diurno,EP_R2_NPPI,-64.299,-37.943
2018-2020,Darcy Ribeiro (Plano Piloto) / DF,Turismo (Bacharelado),Diurno,AC,-101.482,-8.137
2018-2020,Darcy Ribeiro (Plano Piloto) / DF,Administração (Bacharelado),Diurno,EP_R1_PPI,-32.289,-1.11
2018-2020,Darcy Ribeiro (Plano Piloto) / DF,Administração (Bacharelado),Diurno,EP_R1_NPPI,-90.624,-3.524
2018-2020,Darcy Ribeiro (Plano Piloto) / DF,Administração (Bacharelado),Diurno,EP_R2_PPI,-66.919,-1.149
2018-2020,Darcy Ribeiro (Plano Piloto) / DF,Administração (Bacharelado),Diurno,EP_R2_NPPI,-80.471,-26.835
2018-2020,Darcy Ribeiro (Plano Piloto) / DF,Administração (Bacharelado),Diurno,CN,-40.808,3.022
2018-2020,Darcy Ribeiro (Plano Piloto) / DF,Administração (Bacharelado),Diurno,AC,-5.813,69.035
2018-2020,Darcy Ribeiro (Plano Piloto) / DF,Administração (Bacharelado),Noturno,EP_R1_PPI,2.342,2.342
2018-2020,Darcy Ribeiro (Plano Piloto) / DF,Administração (Bacharelado),Noturno,EP_R1_NPPI,-64.264,-17.504
2018-2020,Darcy Ribeiro (Plano Piloto) / DF,Administração (Bacharelado),Noturno,EP_R2_PPI,-74.731,-4.551
2018-2020,Darcy Ribeiro (Plano Piloto) / DF,Administração (Bacharelado),Noturno,EP_R2_NPPI,-30.302,31.847
2018-2020,Darcy Ribeiro (Plano Piloto) / DF,Administração (Bacharelado),Noturno,CN,-3.806,1.212
2018-2020,Darcy Ribeiro (Plano Piloto) / DF,Administração (Bacharelado),Noturno,AC,-98.9,38.986
2018-2020,Darcy Ribeiro (Plano Piloto) / DF,Comunicação Social - Publicidade e Propaganda (Bacharelado),Diurno,EP_R1_PPI,-43.64,29.027
2018-2020,Darcy Ribeiro (Plano Piloto) / DF,Comunicação Social - Publicidade e Propaganda (Bacharelado),Diurno,EP_R1_NPPI,-49.871,2.367
2018-2020,Darcy Ribeiro (Plano Piloto) / DF,Comunicação Social - Publicidade e Propaganda (Bacharelado),Diurno,EP_R2_PPI,-26.233,8.751
2018-2020,Darcy Ribeiro (Plano Piloto) / DF,Comunicação Social - Publicidade e Propaganda (Bacharelado),Diurno,EP_R2_NPPI,-27.135,-14.554
2018-2020,Darcy Ribeiro (Plano Piloto) / DF,Comunicação Social - Publicidade e Propaganda (Bacharelado),Diurno,CN,39.163,52.808
2018-2020,Darcy Ribeiro (Plano Piloto) / DF,Comunicação Social - Publicidade e Propaganda (Bacharelado),Diurno,AC,42.875,95.093
2018-2020,Darcy Ribeiro (Plano Piloto) / DF,Direito (Bacharelado),Diurno,EP_R1_PPI,-16.819,65.641
2018-2020,Darcy Ribeiro (Plano Piloto) / DF,Direito (Bacharelado),Diurno,EP_R1_PPI_PCD,-15.077,-15.077
2018-2020,Darcy Ribeiro (Plano Piloto) / DF,Direito (Bacharelado),Diurno,EP_R1_NPPI,35.037,69.129
2018-2020,Darcy Ribeiro (Plano Piloto) / DF,Direito (Bacharelado),Diurno,EP_R2_PPI,16.331,49.195
2018-2020,Darcy Ribeiro (Plano Piloto) / DF,Direito (Bacharelado),Diurno,EP_R2_NPPI,26.201,124.283
2018-2020,Darcy Ribeiro (Plano Piloto) / DF,Direito (Bacharelado),Diurno,CN,67.814,109.896
2018-2020,Darcy Ribeiro (Plano Piloto) / DF,Direito (Bacharelado),Diurno,AC,101.827,146.068
2018-2020,Darcy Ribeiro (Plano Piloto) / DF,Ciências Contábeis (Bacharelado),Diurno,EP_R1_NPPI,-33.95,-9.24
2018-2020,Darcy Ribeiro (Plano Piloto) / DF,Ciências Contábeis (Bacharelado),Diurno,EP_R2_PPI,-43.271,60.116
2018-2020,Darcy Ribeiro (Plano Piloto) / DF,Ciências Contábeis (Bacharelado),Diurno,EP_R2_NPPI,-26.025,9.416
2018-2020,Darcy Ribeiro (Plano Piloto) / DF,Ciências Contábeis (Bacharelado),Diurno,CN,5.872,5.872
2018-2020,Darcy Ribeiro (Plano Piloto) / DF,Ciências Contábeis (Bacharelado),Diurno,AC,-77.991,70.338
2018-2020,Darcy Ribeiro (Plano Piloto) / DF,Ciências Contábeis (Bacharelado),Noturno,EP_R1_NPPI,-54.029,-54.029
2018-2020,Darcy Ribeiro (Plano Piloto) / DF,Ciências Contábeis (Bacharelado),Noturno,EP_R2_PPI,-37.932,-13.347
2018-2020,Darcy Ribeiro (Plano Piloto) / DF,Ciências Contábeis (Bacharelado),Noturno,AC,-71.302,44.077
2018-2020,Darcy Ribeiro (Plano Piloto) / DF,Direito (Bacharelado),Noturno,EP_R1_PPI,-26.837,12.579
2018-2020,Darcy Ribeiro (Plano Piloto) / DF,Direito (Bacharelado),Noturno,EP_R1_NPPI,-30.887,1.416
2018-2020,Darcy Ribeiro (Plano Piloto) / DF,Direito (Bacharelado),Noturno,EP_R2_PPI,-10.395,45.688
2018-2020,Darcy Ribeiro (Plano Piloto) / DF,Direito (Bacharelado),Noturno,EP_R2_NPPI,20.26,66.642
2018-2020,Darcy Ribeiro (Plano Piloto) / DF,Direito (Bacharelado),Noturno,CN,54.94,84.963
2018-2020,Darcy Ribeiro (Plano Piloto) / DF,Direito (Bacharelado),Noturno,AC,56.835,124.602
2018-2020,Darcy Ribeiro (Plano Piloto) / DF,Gestão Ambiental (Bacharelado),Noturno,AC,-62.155,-62.155
2018-2020,Darcy Ribeiro (Plano Piloto) / DF,Enfermagem (Bacharelado),Diurno,EP_R1_PPI,-58.894,24.588
2018-2020,Darcy Ribeiro (Plano Piloto) / DF,Enfermagem (Bacharelado),Diurno,EP_R1_NPPI,-26.556,13.018
2018-2020,Darcy Ribeiro (Plano Piloto) / DF,Enfermagem (Bacharelado),Diurno,EP_R2_PPI,-20.184,20.99
2018-2020,Darcy Ribeiro (Plano Piloto) / DF,Enfermagem (Bacharelado),Diurno,EP_R2_NPPI,-12.543,16.446
2018-2020,Darcy Ribeiro (Plano Piloto) / DF,Enfermagem (Bacharelado),Diurno,CN,31.111,61.195
2018-2020,Darcy Ribeiro (Plano Piloto) / DF,Enfermagem (Bacharelado),Diurno,AC,6.734,93.171
2018-2020,Gama / DF,Artes Visuais (Licenciatura)*,Diurno,EP_R1_PPI,-23.125,-23.125
2018-2020,Gama / DF,Artes Visuais (Licenciatura)*,Diurno,EP_R2_PPI,-17.979,-17.979
2018-2020,Gama / DF,Artes Visuais (Licenciatura)*,Diurno,EP_R2_NPPI,29.145,29.145
2018-2020,Gama / DF,Artes Visuais (Licenciatura)*,Diurno,CN,-30.845,-30.845
2018-2020,Gama / DF,Artes Visuais (Licenciatura)*,Diurno,AC,-56.057,28.223
2018-2020,Planaltina / DF,Música (Bacharelado)*,Diurno,AC,-29.764,-29.764
2018-2020,Planaltina / DF,Licenciatura em Artes Cênicas*,Diurno,AC,-52.165,19.702
2018-2020,Planaltina / DF,Educação Física (Licenciatura),Diurno,EP_R1_PPI,-101.251,-27.83
2018-2020,Planaltina / DF,Educação Física (Licenciatura),Diurno,EP_R1_NPPI,-43.227,-20.021
2018-2020,Planaltina / DF,Educação Física (Licenciatura),Diurno,EP_R2_PPI,-91.266,22.938
2018-2020,Planaltina / DF,Educação Física (Licenciatura),Diurno,EP_R2_NPPI,-70.759,-0.024
2018-2020,Planaltina / DF,Educação Física (Licenciatura),Diurno,CN,-20.627,-2.822
2018-2020,Planaltina / DF,Educação Física (Licenciatura),Diurno,AC,-64.096,10.409
2018-2020,Planaltina / DF,Agronomia (Bacharelado),Diurno,EP_R1_PPI,-73.408,-29.038
2018-2020,Planaltina / DF,Agronomia (Bacharelado),Diurno,EP_R1_NPPI,-64.547,-64.547
2018-2020,Planaltina / DF,Agronomia (Bacharelado),Diurno,EP_R2_PPI,-67.906,-36.5
2018-2020,Planaltina / DF,Agronomia (Bacharelado),Diurno,EP_R2_NPPI,-58.889,21.927
2018-2020,Planaltina / DF,Agronomia (Bacharelado),Diurno,CN,-56.023,-9.606
2018-2020,Planaltina / DF,Agronomia (Bacharelado),Diurno,AC,-82.562,39.359
