curso,modalidade_normalizada,registros,nota_min_media,nota_min_mediana,nota_min_dp,nota_min_min,nota_min_max,nota_max_media,nota_max_mediana,nota_max_dp,nota_max_min,nota_max_max,amplitude_media,amplitude_dp,amplitude_min,amplitude_max,coef_var_min,coef_var_max
Administração (Bacharelado),AC,12,-5.569,-4.295,47.289,-98.9,46.485,61.5,60.519,45.276,-40.646,120.3,67.069,31.228,12.67,137.886,-849.169,73.62
Administração (Bacharelado),CN,11,-25.82,-12.58,23.425,-54.846,-1.176,-7.046,1.212,31.035,-53.83,44.699,18.773,23.734,0.0,67.953,-90.726,-440.458
Administração (Bacharelado),EP_R1_NPPI,8,-47.563,-43.716,23.474,-90.624,-15.383,-5.38,-1.766,17.656,-34.78,16.153,42.184,26.446,0.0,87.1,-49.354,-328.203
Administração (Bacharelado),EP_R1_NPPIQ,1,-67.831,-67.831,,-67.831,-67.831,-19.227,-19.227,,-19.227,-19.227,48.604,,48.604,48.604,,
Administração (Bacharelado),EP_R1_PPI,7,-41.041,-46.477,22.926,-72.089,2.342,0.366,-1.11,14.967,-16.586,23.576,41.407,23.039,0.0,62.919,-55.861,4094.216
Administração (Bacharelado),EP_R2_NPPI,9,-29.981,-12.505,35.104,-80.471,13.596,19.327,14.991,37.313,-34.03,85.005,49.307,26.839,16.106,96.336,-117.087,193.068
Administração (Bacharelado),EP_R2_NPPIQ,2,-36.468,-36.468,26.92,-55.503,-17.433,6.788,6.788,16.413,-4.817,18.394,43.256,10.507,35.827,50.686,-73.817,241.771
Administração (Bacharelado),EP_R2_PPI,7,-53.701,-51.667,24.314,-84.174,-14.213,-10.886,-1.149,33.192,-84.174,17.044,42.815,23.97,0.0,70.18,-45.276,-304.899
Administração (Bacharelado),EP_R2_PPIQ,1,-25.422,-25.422,,-25.422,-25.422,-3.245,-3.245,,-3.245,-3.245,22.177,,22.177,22.177,,
Agronomia (Bacharelado),AC,6,-34.375,-8.274,42.405,-95.148,-5.377,56.917,67.5,59.647,-49.448,112.172,91.291,32.1,45.7,121.921,-123.361,104.798
Agronomia (Bacharelado),CN,5,-50.545,-56.023,32.126,-86.604,-13.14,-9.118,-9.606,36.998,-66.324,32.518,41.427,46.177,7.985,119.122,-63.56,-405.773
Agronomia (Bacharelado),EP_R1_NPPI,3,-47.828,-50.337,18.105,-64.547,-28.599,-3.813,19.269,53.1,-64.547,33.84,44.015,42.221,0.0,84.177,-37.854,-1392.717
Agronomia (Bacharelado),EP_R1_NPPIQ,1,-56.39,-56.39,,-56.39,-56.39,-56.39,-56.39,,-56.39,-56.39,0.0,,0.0,0.0,,
Agronomia (Bacharelado),EP_R1_PPI,4,-70.283,-69.028,9.913,-82.722,-60.355,-40.531,-31.206,28.968,-82.722,-16.992,29.752,21.81,0.0,47.655,-14.105,-71.472
Agronomia (Bacharelado),EP_R2_NPPI,4,-58.995,-52.99,25.235,-94.126,-35.875,21.669,23.662,15.443,1.054,38.297,80.664,33.888,36.929,119.523,-42.775,71.267
Agronomia (Bacharelado),EP_R2_NPPIQ,1,-58.036,-58.036,,-58.036,-58.036,-13.042,-13.042,,-13.042,-13.042,44.994,,44.994,44.994,,
Agronomia (Bacharelado),EP_R2_PPI,4,-72.736,-73.751,9.394,-81.527,-61.917,-23.405,-28.783,16.456,-36.5,-4.933,47.045,13.708,31.406,56.984,-12.915,-70.31
Agronomia (Bacharelado),EP_R2_PPIQ,1,-62.778,-62.778,,-62.778,-62.778,-36.2,-36.2,,-36.2,-36.2,26.578,,26.578,26.578,,
Arquitetura e Urbanismo (Bacharelado),AC,12,51.838,63.221,39.322,-31.822,98.047,87.872,77.537,36.423,15.316,146.303,38.118,23.376,12.717,94.241,75.855,41.449
Arquitetura e Urbanismo (Bacharelado),CN,12,14.569,25.384,50.225,-66.223,85.859,16.29,25.384,48.899,-56.427,85.859,1.721,4.195,0.0,13.148,344.733,300.179
Arquitetura e Urbanismo (Bacharelado),EP_R1_NPPI,7,-17.053,-14.415,40.844,-74.003,36.319,14.534,12.718,40.584,-50.838,58.507,31.588,28.421,0.0,72.922,-239.51,279.227
Arquitetura e Urbanismo (Bacharelado),EP_R1_NPPIQ,1,-32.379,-32.379,,-32.379,-32.379,4.506,4.506,,4.506,4.506,36.885,,36.885,36.885,,
Arquitetura e Urbanismo (Bacharelado),EP_R1_PPI,7,-20.138,-20.256,21.822,-46.6,16.653,9.327,18.536,28.351,-28.781,47.826,29.465,28.036,0.0,64.239,-108.36,303.965
Arquitetura e Urbanismo (Bacharelado),EP_R2_NPPI,9,6.652,-14.083,45.438,-44.019,74.542,38.825,37.832,38.443,-7.5,108.759,32.173,20.892,11.947,81.851,683.099,99.017
Arquitetura e Urbanismo (Bacharelado),EP_R2_NPPIQ,2,4.004,4.004,86.976,-57.497,65.505,54.874,54.874,60.741,11.923,97.824,50.87,26.234,32.319,69.42,2172.216,110.693
Arquitetura e Urbanismo (Bacharelado),EP_R2_PPI,8,-19.946,-14.008,32.076,-81.638,18.42,8.252,4.712,33.028,-39.05,53.972,28.198,27.563,0.0,75.816,-160.819,400.235
Arquitetura e Urbanismo (Bacharelado),EP_R2_PPIQ,1,12.661,12.661,,12.661,12.661,61.488,61.488,,61.488,61.488,48.827,,48.827,48.827,,
Arquivologia (Bacharelado),AC,5,-62.403,-57.868,13.889,-82.039,-46.303,9.017,-5.298,25.975,-13.001,41.329,71.419,34.752,35.456,114.94,-22.257,288.073
Arquivologia (Bacharelado),CN,3,-44.656,-71.228,47.532,-72.96,10.221,-44.656,-71.228,47.532,-72.96,10.221,0.0,0.0,0.0,0.0,-106.442,-106.442
Arquivologia (Bacharelado),EP_R1_NPPI,2,-39.349,-39.349,12.202,-47.977,-30.721,-33.588,-33.588,20.348,-47.977,-19.2,5.76,8.147,0.0,11.521,-31.009,-60.581
Arquivologia (Bacharelado),EP_R2_NPPI,3,-49.832,-55.757,13.258,-59.094,-34.645,-48.411,-55.757,15.702,-59.094,-30.382,1.421,2.461,0.0,4.263,-26.605,-32.436
Arquivologia (Bacharelado),EP_R2_NPPIQ,1,-70.619,-70.619,,-70.619,-70.619,-31.332,-31.332,,-31.332,-31.332,39.287,,39.287,39.287,,
Arquivologia (Bacharelado),EP_R2_PPI,2,-51.315,-51.315,21.348,-66.41,-36.22,-50.338,-50.338,22.729,-66.41,-34.267,0.976,1.381,0.0,1.953,-41.601,-45.151
Artes Cênicas (Bacharelado),AC,6,-7.114,-11.186,30.574,-35.963,27.497,42.471,35.787,24.754,22.845,88.886,49.585,47.324,1.726,124.411,-429.767,58.285
Artes Cênicas (Bacharelado),EP_R1_NPPI,1,-64.508,-64.508,,-64.508,-64.508,-64.508,-64.508,,-64.508,-64.508,0.0,,0.0,0.0,,
Artes Cênicas (Bacharelado),EP_R1_PPI,3,-15.928,-5.726,23.209,-42.49,0.432,-15.928,-5.726,23.209,-42.49,0.432,0.0,0.0,0.0,0.0,-145.709,-145.709
Artes Cênicas (Bacharelado),EP_R2_NPPI,3,-2.223,-6.534,20.163,-19.882,19.746,3.793,-1.832,14.014,-6.534,19.746,6.017,10.421,0.0,18.05,-906.864,369.438
Artes Cênicas (Bacharelado),EP_R2_NPPIQ,1,-30.791,-30.791,,-30.791,-30.791,18.165,18.165,,18.165,18.165,48.956,,48.956,48.956,,
Artes Cênicas (Bacharelado),EP_R2_NPPIQ_PCD,1,-33.372,-33.372,,-33.372,-33.372,-33.372,-33.372,,-33.372,-33.372,0.0,,0.0,0.0,,
Artes Cênicas (Bacharelado),EP_R2_PPI,1,-58.968,-58.968,,-58.968,-58.968,-58.968,-58.968,,-58.968,-58.968,0.0,,0.0,0.0,,
Artes Cênicas (Licenciatura),AC,2,-32.88,-32.88,28.985,-53.375,-12.384,23.152,23.152,9.089,16.725,29.579,56.031,19.896,41.963,70.1,-88.155,39.259
Artes Cênicas (Licenciatura),EP_R2_NPPIQ,1,-49.808,-49.808,,-49.808,-49.808,-49.808,-49.808,,-49.808,-49.808,0.0,,0.0,0.0,,
Artes Cênicas (Licenciatura),EP_R2_PPIQ,1,-62.337,-62.337,,-62.337,-62.337,-53.522,-53.522,,-53.522,-53.522,8.815,,8.815,8.815,,
Artes Cênicas (Literatura),AC,5,-30.55,-49.27,37.325,-68.863,18.627,36.423,21.881,33.651,18.627,96.437,66.972,57.866,0.0,145.707,-122.178,92.389
Artes Cênicas (Literatura),EP_R1_NPPI,2,-13.543,-13.543,40.323,-42.056,14.969,4.953,4.953,14.165,-5.063,14.969,18.496,26.158,0.0,36.993,-297.728,285.984
Artes Cênicas (Literatura),EP_R1_PPI,1,-10.798,-10.798,,-10.798,-10.798,-10.798,-10.798,,-10.798,-10.798,0.0,,0.0,0.0,,
Artes Cênicas (Literatura),EP_R2_NPPI,2,-45.06,-45.06,33.225,-68.553,-21.566,-45.06,-45.06,33.225,-68.553,-21.566,0.0,0.0,0.0,0.0,-73.735,-73.735
Artes Cênicas (Literatura),EP_R2_PPI,1,-49.617,-49.617,,-49.617,-49.617,-49.617,-49.617,,-49.617,-49.617,0.0,,0.0,0.0,,
Artes Visuais (Bacharelado),AC,6,-20.002,-19.65,37.916,-68.761,29.41,40.637,44.768,26.194,9.382,75.062,60.638,25.59,29.504,96.379,-189.563,64.458
Artes Visuais (Bacharelado),CN,1,-21.925,-21.925,,-21.925,-21.925,-21.925,-21.925,,-21.925,-21.925,0.0,,0.0,0.0,,
Artes Visuais (Bacharelado),EP_R2_NPPI,3,-29.701,-37.278,47.854,-73.314,21.489,-6.336,-3.219,29.507,-37.278,21.489,23.365,40.469,0.0,70.095,-161.118,-465.708
Artes Visuais (Bacharelado),EP_R2_NPPIQ,1,-64.314,-64.314,,-64.314,-64.314,-16.574,-16.574,,-16.574,-16.574,47.74,,47.74,47.74,,
Artes Visuais (Licenciatura),AC,4,-41.882,-34.78,38.616,-90.01,-7.957,34.962,41.299,36.752,-13.502,70.753,76.844,59.233,0.0,144.386,-92.203,105.118
Artes Visuais (Licenciatura),CN,2,-32.041,-32.041,1.691,-33.237,-30.845,-32.041,-32.041,1.691,-33.237,-30.845,0.0,0.0,0.0,0.0,-5.279,-5.279
Artes Visuais (Licenciatura),EP_R1_NPPI,1,-23.748,-23.748,,-23.748,-23.748,-23.748,-23.748,,-23.748,-23.748,0.0,,0.0,0.0,,
Artes Visuais (Licenciatura),EP_R1_PPI,1,-23.125,-23.125,,-23.125,-23.125,-23.125,-23.125,,-23.125,-23.125,0.0,,0.0,0.0,,
Artes Visuais (Licenciatura),EP_R2_NPPI,3,-17.375,-21.695,44.517,-59.575,29.145,15.584,29.145,28.135,-16.763,34.369,32.959,29.302,0.0,56.064,-256.216,180.539
Artes Visuais (Licenciatura),EP_R2_PPI,2,-20.06,-20.06,2.943,-22.141,-17.979,-20.06,-20.06,2.943,-22.141,-17.979,0.0,0.0,0.0,0.0,-14.671,-14.671
Biblioteconomia (Bacharelado),AC,5,-65.71,-69.572,18.562,-82.692,-37.863,33.842,28.392,16.695,15.722,60.65,99.552,31.794,53.585,141.585,-28.248,49.332
Biblioteconomia (Bacharelado),CN,4,-28.064,-25.985,15.129,-46.402,-13.884,-28.064,-25.985,15.129,-46.402,-13.884,0.0,0.0,0.0,0.0,-53.91,-53.91
Biblioteconomia (Bacharelado),EP_R1_NPPI,3,-41.492,-36.505,28.788,-72.447,-15.523,-21.988,-15.885,10.886,-34.556,-15.523,19.504,18.97,0.0,37.891,-69.382,-49.508
Biblioteconomia (Bacharelado),EP_R1_PPI,2,-50.415,-50.415,12.587,-59.315,-41.515,-50.415,-50.415,12.587,-59.315,-41.515,0.0,0.0,0.0,0.0,-24.966,-24.966
Biblioteconomia (Bacharelado),EP_R2_NPPI,4,-29.26,-24.876,20.348,-57.03,-10.259,14.896,16.062,27.211,-18.898,46.357,44.156,45.247,0.0,103.387,-69.542,182.676
Biblioteconomia (Bacharelado),EP_R2_NPPIQ,1,-54.547,-54.547,,-54.547,-54.547,-52.729,-52.729,,-52.729,-52.729,1.818,,1.818,1.818,,
Biblioteconomia (Bacharelado),EP_R2_PPI,3,-33.539,-45.036,20.449,-45.652,-9.93,-33.539,-45.036,20.449,-45.652,-9.93,0.0,0.0,0.0,0.0,-60.969,-60.969
Biologia (Bacharelado),AC,5,67.391,70.253,19.416,47.639,92.094,118.196,119.236,44.252,55.263,174.618,50.805,35.062,7.089,104.365,28.811,37.439
Biologia (Bacharelado),CN,5,7.988,23.621,25.688,-29.292,29.652,9.636,23.621,24.617,-29.292,29.652,1.648,3.684,0.0,8.238,321.567,255.467
Biologia (Bacharelado),EP_R1_NPPI,4,-9.895,-23.784,64.932,-64.765,72.752,12.014,5.694,45.595,-36.085,72.752,21.909,25.781,0.0,55.493,-656.206,379.521
Biologia (Bacharelado),EP_R1_NPPIQ,1,-78.848,-78.848,,-78.848,-78.848,-26.937,-26.937,,-26.937,-26.937,51.911,,51.911,51.911,,
Biologia (Bacharelado),EP_R1_NPPI_PCD,1,6.759,6.759,,6.759,6.759,6.759,6.759,,6.759,6.759,0.0,,0.0,0.0,,
Biologia (Bacharelado),EP_R1_PPI,3,-16.435,-4.111,22.522,-42.429,-2.765,29.229,3.96,52.74,-6.123,89.849,45.664,43.041,8.071,92.614,-137.034,180.44
Biologia (Bacharelado),EP_R2_NPPI,4,19.414,15.751,16.807,5.725,40.429,32.766,30.722,5.263,29.19,40.429,13.352,13.313,0.0,26.268,86.573,16.062
Biologia (Bacharelado),EP_R2_NPPIQ,1,29.597,29.597,,29.597,29.597,56.051,56.051,,56.051,56.051,26.454,,26.454,26.454,,
Biologia (Bacharelado),EP_R2_NPPI_PCD,1,-25.671,-25.671,,-25.671,-25.671,-25.671,-25.671,,-25.671,-25.671,0.0,,0.0,0.0,,
Biologia (Bacharelado),EP_R2_PPI,4,-37.745,-45.39,42.038,-80.211,20.011,-3.564,0.64,47.114,-58.11,42.573,34.18,33.383,8.196,83.193,-111.373,-1321.842
Biologia (Bacharelado),EP_R2_PPIQ,1,-67.982,-67.982,,-67.982,-67.982,8.016,8.016,,8.016,8.016,75.998,,75.998,75.998,,
Biologia (Licenciatura),AC,6,-2.891,-6.686,36.094,-36.584,61.373,90.666,67.671,48.096,45.635,143.74,95.325,45.825,66.314,176.257,-1248.497,53.047
Biologia (Licenciatura),CN,4,19.768,25.225,29.322,-17.183,45.804,26.315,38.32,29.275,-17.183,45.804,6.547,13.094,0.0,26.189,148.335,111.249
Biologia (Licenciatura),EP_R1_NPPI,4,-14.96,-26.202,37.048,-45.443,38.006,9.148,7.169,32.513,-25.456,47.711,24.108,12.983,9.705,40.776,-247.64,355.397
Biologia (Licenciatura),EP_R1_PPI,4,-38.388,-32.04,16.779,-57.415,-25.71,-8.992,-12.276,31.376,-43.489,32.075,28.741,25.155,13.926,57.785,-43.708,-348.938
Biologia (Licenciatura),EP_R2_NPPI,5,1.994,3.563,36.671,-44.203,51.276,14.836,18.629,38.545,-44.203,55.29,12.842,17.042,0.0,38.999,1839.26,259.814
Biologia (Licenciatura),EP_R2_NPPIQ,1,-40.608,-40.608,,-40.608,-40.608,7.61,7.61,,7.61,7.61,48.218,,48.218,48.218,,
Biologia (Licenciatura),EP_R2_PPI,5,-16.177,-17.581,23.808,-43.355,21.358,4.503,9.672,22.789,-17.786,36.304,20.68,21.225,0.0,55.261,-147.177,506.082
Biotecnologia (Bacharelado),AC,6,46.788,62.272,38.337,-13.439,87.359,119.757,141.502,52.513,20.763,157.41,72.969,22.712,34.202,93.382,81.938,43.849
Biotecnologia (Bacharelado),CN,5,37.907,64.205,47.152,-40.953,72.345,45.805,64.205,31.273,-1.459,72.345,7.899,17.662,0.0,39.494,124.389,68.273
Biotecnologia (Bacharelado),EP_R1_NPPI,4,-45.11,-43.003,14.06,-62.356,-32.078,-3.959,-4.832,44.767,-50.648,44.477,41.151,51.566,0.0,106.833,-31.168,-1130.824
Biotecnologia (Bacharelado),EP_R1_NPPIQ,1,22.903,22.903,,22.903,22.903,22.903,22.903,,22.903,22.903,0.0,,0.0,0.0,,
Biotecnologia (Bacharelado),EP_R1_PPI,3,-34.343,-29.963,11.299,-47.176,-25.889,2.838,12.895,45.82,-47.176,42.794,37.18,34.692,0.0,68.683,-32.901,1614.722
Biotecnologia (Bacharelado),EP_R2_NPPI,5,-7.042,2.909,63.585,-84.167,55.938,51.173,32.963,59.689,-24.822,130.314,58.215,29.145,26.069,93.361,-902.894,116.641
Biotecnologia (Bacharelado),EP_R2_NPPIQ,1,-36.957,-36.957,,-36.957,-36.957,43.54,43.54,,43.54,43.54,80.497,,80.497,80.497,,
Biotecnologia (Bacharelado),EP_R2_PPI,4,-32.611,-33.354,18.598,-53.337,-10.399,44.408,49.711,53.883,-25.817,104.025,77.018,53.508,0.0,114.424,-57.03,121.337
Biotecnologia (Bacharelado),EP_R2_PPIQ,1,-47.168,-47.168,,-47.168,-47.168,-47.168,-47.168,,-47.168,-47.168,0.0,,0.0,0.0,,
Ciência Política (Bacharelado),AC,6,31.668,49.195,31.588,-16.226,55.467,95.834,111.566,37.561,27.872,128.48,64.165,40.28,25.819,134.802,99.746,39.194
Ciência Política (Bacharelado),CN,6,19.562,11.203,29.263,-6.889,59.772,31.256,36.141,30.811,-6.889,63.804,11.694,28.644,0.0,70.164,149.594,98.577
Ciência Política (Bacharelado),EP_R1_NPPI,4,-29.484,-25.849,10.338,-44.5,-21.736,-7.882,-9.546,20.566,-27.935,15.499,21.601,15.687,0.0,37.235,-35.065,-260.914
Ciência Política (Bacharelado),EP_R1_NPPIQ,1,-33.164,-33.164,,-33.164,-33.164,-3.3,-3.3,,-3.3,-3.3,29.864,,29.864,29.864,,
Ciência Política (Bacharelado),EP_R1_PPI,4,-20.308,-18.14,7.598,-30.87,-14.082,6.288,0.66,25.527,-18.086,41.919,26.597,20.471,12.469,56.001,-37.412,405.937
Ciência Política (Bacharelado),EP_R2_NPPI,4,-16.566,-17.317,26.551,-48.057,16.428,23.508,23.241,2.775,20.572,26.979,40.074,27.235,5.743,72.368,-160.279,11.804
Ciência Política (Bacharelado),EP_R2_NPPIQ,1,13.769,13.769,,13.769,13.769,47.698,47.698,,47.698,47.698,33.929,,33.929,33.929,,
Ciência Política (Bacharelado),EP_R2_NPPIQ_PCD,1,-31.841,-31.841,,-31.841,-31.841,-24.216,-24.216,,-24.216,-24.216,7.625,,7.625,7.625,,
Ciência Política (Bacharelado),EP_R2_PPI,4,-49.211,-48.837,15.397,-68.378,-30.791,11.828,0.267,29.561,-8.471,55.251,61.039,41.813,36.377,123.629,-31.287,249.911
Ciência Política (Bacharelado),EP_R2_PPIQ,1,-37.151,-37.151,,-37.151,-37.151,-5.97,-5.97,,-5.97,-5.97,31.181,,31.181,31.181,,
Ciência da Computação (Bacharelado),AC,6,120.698,125.414,24.633,78.303,143.984,163.997,167.532,25.869,126.56,192.19,43.299,23.276,14.921,77.19,20.409,15.774
Ciência da Computação (Bacharelado),CN,6,89.841,87.318,33.759,44.904,137.024,91.971,87.318,30.614,57.682,137.024,2.13,5.217,0.0,12.778,37.577,33.287
Ciência da Computação (Bacharelado),EP_R1_NPPI,5,1.768,8.992,45.781,-75.28,46.784,38.212,21.805,36.282,-0.86,86.756,36.445,31.564,9.697,74.42,2590.027,94.949
Ciência da Computação (Bacharelado),EP_R1_NPPIQ,1,-38.263,-38.263,,-38.263,-38.263,32.989,32.989,,32.989,32.989,71.252,,71.252,71.252,,
Ciência da Computação (Bacharelado),EP_R1_PPI,5,-8.109,-7.916,19.321,-34.939,11.4,20.86,6.671,35.546,-7.693,79.464,28.969,24.641,10.405,70.458,-238.253,170.404
Ciência da Computação (Bacharelado),EP_R1_PPIQ,1,0.178,0.178,,0.178,0.178,0.178,0.178,,0.178,0.178,0.0,,0.0,0.0,,
Ciência da Computação (Bacharelado),EP_R2_NPPI,5,88.255,107.146,48.062,9.801,131.855,128.39,124.221,38.171,77.535,181.985,40.134,41.079,0.0,106.056,54.458,29.73
Ciência da Computação (Bacharelado),EP_R2_NPPIQ,1,118.288,118.288,,118.288,118.288,118.288,118.288,,118.288,118.288,0.0,,0.0,0.0,,
Ciência da Computação (Bacharelado),EP_R2_NPPIQ_PCD,1,42.861,42.861,,42.861,42.861,42.861,42.861,,42.861,42.861,0.0,,0.0,0.0,,
Ciência da Computação (Bacharelado),EP_R2_NPPI_PCD,1,-10.517,-10.517,,-10.517,-10.517,-10.517,-10.517,,-10.517,-10.517,0.0,,0.0,0.0,,
Ciência da Computação (Bacharelado),EP_R2_PPI,5,24.249,29.628,25.235,-12.086,53.97,58.102,56.75,24.763,22.791,91.909,33.853,8.57,19.356,41.849,104.066,42.62
Ciência da Computação (Bacharelado),EP_R2_PPIQ,1,48.884,48.884,,48.884,48.884,74.724,74.724,,74.724,74.724,25.84,,25.84,25.84,,
Ciência da Computação (Bacharelado),EP_R2_PPI_PCD,1,-13.051,-13.051,,-13.051,-13.051,-13.051,-13.051,,-13.051,-13.051,0.0,,0.0,0.0,,
Ciências Ambientais (Bacharelado),AC,5,-70.227,-63.616,16.57,-88.634,-51.442,30.62,18.579,51.19,-15.392,118.33,100.846,53.351,45.319,181.946,-23.596,167.18
Ciências Ambientais (Bacharelado),CN,4,-32.329,-36.648,11.029,-39.988,-16.032,-31.116,-34.222,10.851,-39.988,-16.032,1.213,2.427,0.0,4.854,-34.115,-34.874
Ciências Ambientais (Bacharelado),EP_R1_NPPI,1,-6.827,-6.827,,-6.827,-6.827,-6.827,-6.827,,-6.827,-6.827,0.0,,0.0,0.0,,
Ciências Ambientais (Bacharelado),EP_R2_NPPI,3,-10.988,-29.414,50.415,-49.599,46.048,-0.439,-13.823,41.449,-33.542,46.048,10.549,9.139,0.0,16.057,-458.809,-9441.606
Ciências Ambientais (Bacharelado),EP_R2_PPI,4,-38.595,-39.354,20.654,-59.986,-15.686,-31.49,-29.376,15.171,-51.524,-15.686,7.105,13.094,0.0,26.709,-53.515,-48.178
Ciências Contábeis (Bacharelado),AC,11,-34.767,-27.789,43.394,-102.261,17.85,52.296,46.127,27.34,-10.335,84.034,87.064,30.503,51.329,148.329,-124.813,52.279
Ciências Contábeis (Bacharelado),CN,8,-17.202,-13.576,30.36,-70.205,25.609,3.679,5.872,21.142,-24.978,25.609,19.013,16.316,0.0,45.227,-176.484,574.699
Ciências Contábeis (Bacharelado),EP_R1_NPPI,7,-48.39,-51.666,11.216,-62.154,-33.95,-1.839,-7.43,33.979,-54.029,44.815,44.206,33.868,0.0,94.118,-23.178,-1848.127
Ciências Contábeis (Bacharelado),EP_R1_NPPIQ,1,-24.064,-24.064,,-24.064,-24.064,-24.064,-24.064,,-24.064,-24.064,0.0,,0.0,0.0,,
Ciências Contábeis (Bacharelado),EP_R1_PPI,5,-38.572,-47.96,27.384,-59.857,1.491,-25.77,-38.632,31.536,-59.857,13.346,3.022,6.044,0.0,12.089,-70.995,-122.374
Ciências Contábeis (Bacharelado),EP_R2_NPPI,8,-55.369,-60.649,20.756,-76.035,-26.025,0.276,8.876,41.191,-68.678,55.242,54.494,36.294,0.0,105.416,-37.487,14924.359
Ciências Contábeis (Bacharelado),EP_R2_NPPIQ,2,-43.52,-43.52,9.636,-50.333,-36.706,-4.998,-4.998,22.922,-21.206,11.211,38.522,32.558,15.5,61.544,-22.141,-458.675
Ciências Contábeis (Bacharelado),EP_R2_PPI,8,-39.459,-37.932,11.64,-53.936,-21.687,9.32,0.197,27.845,-21.687,60.116,49.397,35.987,0.0,103.387,-29.498,298.766
Ciências Contábeis (Bacharelado),EP_R2_PPIQ,2,-76.981,-76.981,5.9,-81.153,-72.809,-21.276,-21.276,22.427,-37.134,-5.417,55.706,28.327,35.675,75.736,-7.664,-105.414
Ciências Econômicas (Bacharelado),AC,6,79.392,91.398,27.393,39.606,105.597,136.687,149.64,36.2,75.802,170.983,59.824,41.767,25.489,131.377,34.504,26.484
Ciências Econômicas (Bacharelado),CN,6,45.157,45.439,26.92,13.26,83.431,45.56,46.65,27.064,13.26,83.431,0.403,0.988,0.0,2.42,59.614,59.403
Ciências Econômicas (Bacharelado),EP_R1_NPPI,5,-34.657,-37.553,26.042,-60.912,1.518,10.474,35.066,40.469,-56.632,37.407,45.131,28.902,0.0,72.619,-75.141,386.381
Ciências Econômicas (Bacharelado),EP_R1_NPPIQ,1,-30.927,-30.927,,-30.927,-30.927,-30.927,-30.927,,-30.927,-30.927,0.0,,0.0,0.0,,
Ciências Econômicas (Bacharelado),EP_R1_PPI,3,-22.817,-25.591,10.803,-31.962,-10.898,33.463,29.074,32.516,3.364,67.95,56.28,21.806,35.326,78.848,-47.344,97.171
Ciências Econômicas (Bacharelado),EP_R2_NPPI,5,3.012,-8.931,56.339,-64.258,74.425,58.102,71.256,51.097,-22.961,116.541,55.09,37.685,6.922,102.411,1870.602,87.943
Ciências Econômicas (Bacharelado),EP_R2_NPPIQ,1,18.823,18.823,,18.823,18.823,94.124,94.124,,94.124,94.124,75.301,,75.301,75.301,,
Ciências Econômicas (Bacharelado),EP_R2_PPI,4,-37.674,-39.014,10.297,-48.677,-23.99,36.404,39.246,25.14,7.712,59.411,74.078,30.57,31.702,96.665,-27.333,69.058
Ciências Econômicas (Bacharelado),EP_R2_PPIQ,1,-17.699,-17.699,,-17.699,-17.699,30.922,30.922,,30.922,30.922,48.621,,48.621,48.621,,
Ciências Naturais (Licenciatura),AC,8,-73.836,-77.622,11.441,-85.5,-52.216,-13.486,-3.118,35.651,-85.5,21.657,60.35,34.393,0.0,94.368,-15.495,-264.352
Ciências Naturais (Licenciatura),CN,1,-90.203,-90.203,,-90.203,-90.203,-90.203,-90.203,,-90.203,-90.203,0.0,,0.0,0.0,,
Ciências Naturais (Licenciatura),EP_R1_PPI,2,-34.613,-34.613,21.325,-49.692,-19.534,-34.613,-34.613,21.325,-49.692,-19.534,0.0,0.0,0.0,0.0,-61.61,-61.61
Ciências Naturais (Licenciatura),EP_R2_PPI,3,-37.287,-37.156,0.799,-38.144,-36.562,-27.053,-36.562,16.987,-37.156,-7.442,10.234,17.726,0.0,30.702,-2.143,-62.789
Ciências Sociais – Antropologia/ Sociologia (Bacharelado/Licenciatura),AC,5,-16.418,-7.672,33.498,-73.444,11.533,74.396,71.472,11.846,63.097,94.463,90.814,26.214,70.082,136.541,-204.03,15.923
Ciências Sociais – Antropologia/ Sociologia (Bacharelado/Licenciatura),CN,5,-17.392,-9.211,19.139,-40.831,0.428,5.378,8.448,22.115,-32.091,22.985,22.77,18.832,2.832,49.279,-110.047,411.181
Ciências Sociais – Antropologia/ Sociologia (Bacharelado/Licenciatura),EP_R1_NPPI,4,-55.379,-61.891,15.582,-65.302,-32.433,0.12,2.576,13.778,-16.98,12.31,55.5,27.43,15.453,75.145,-28.137,11457.633
Ciências Sociais – Antropologia/ Sociologia (Bacharelado/Licenciatura),EP_R1_NPPIQ,1,-30.926,-30.926,,-30.926,-30.926,-30.926,-30.926,,-30.926,-30.926,0.0,,0.0,0.0,,
Ciências Sociais – Antropologia/ Sociologia (Bacharelado/Licenciatura),EP_R1_PPI,4,-55.535,-53.51,19.219,-79.622,-35.497,-18.897,-28.071,21.696,-32.867,13.422,36.638,38.707,5.982,93.044,-34.606,-114.814
Ciências Sociais – Antropologia/ Sociologia (Bacharelado/Licenciatura),EP_R2_NPPI,4,-37.972,-36.055,9.516,-51.116,-28.663,33.266,32.052,23.301,6.009,62.948,71.238,22.209,40.504,91.611,-25.059,70.047
Ciências Sociais – Antropologia/ Sociologia (Bacharelado/Licenciatura),EP_R2_NPPIQ,1,-91.423,-91.423,,-91.423,-91.423,-6.3,-6.3,,-6.3,-6.3,85.123,,85.123,85.123,,
Ciências Sociais – Antropologia/ Sociologia (Bacharelado/Licenciatura),EP_R2_NPPIQ_PCD,1,-32.205,-32.205,,-32.205,-32.205,-32.205,-32.205,,-32.205,-32.205,0.0,,0.0,0.0,,
Ciências Sociais – Antropologia/ Sociologia (Bacharelado/Licenciatura),EP_R2_PPI,4,-67.767,-66.29,10.25,-80.884,-57.603,6.148,4.367,17.734,-12.864,28.724,73.915,20.98,49.214,99.226,-15.126,288.421
Ciências Sociais – Antropologia/ Sociologia (Bacharelado/Licenciatura),EP_R2_PPIQ,1,-70.919,-70.919,,-70.919,-70.919,-49.487,-49.487,,-49.487,-49.487,21.432,,21.432,21.432,,
Computação (Licenciatura),AC,6,-45.556,-24.338,43.576,-105.03,-2.433,40.884,54.5,44.702,-44.569,74.983,86.44,39.002,55.03,159.753,-95.655,109.336
Computação (Licenciatura),CN,4,-13.755,-13.548,41.37,-63.586,35.66,-13.755,-13.548,41.37,-63.586,35.66,0.0,0.0,0.0,0.0,-300.76,-300.76
Computação (Licenciatura),EP_R1_NPPI,1,-65.745,-65.745,,-65.745,-65.745,-51.109,-51.109,,-51.109,-51.109,14.636,,14.636,14.636,,
Computação (Licenciatura),EP_R1_PPI,4,-24.848,-27.435,51.351,-81.096,36.577,-20.584,-18.908,49.305,-81.096,36.577,4.264,8.528,0.0,17.056,-206.663,-239.538
Computação (Licenciatura),EP_R2_NPPI,4,-39.236,-39.738,17.534,-57.125,-20.342,-14.758,-9.923,28.397,-53.651,14.464,24.478,19.641,3.474,43.139,-44.688,-192.417
Computação (Licenciatura),EP_R2_NPPIQ,1,-44.036,-44.036,,-44.036,-44.036,-4.601,-4.601,,-4.601,-4.601,39.435,,39.435,39.435,,
Computação (Licenciatura),EP_R2_NPPI_PCD,1,18.874,18.874,,18.874,18.874,18.874,18.874,,18.874,18.874,0.0,,0.0,0.0,,
Computação (Licenciatura),EP_R2_PPI,2,-68.288,-68.288,24.123,-85.346,-51.231,-27.125,-27.125,24.043,-44.126,-10.124,41.164,48.166,7.105,75.222,-35.325,-88.638
Comunicação Organizacional (Bacharelado),AC,6,-36.423,-25.148,37.605,-98.302,8.45,45.332,59.586,32.275,-18.384,66.357,81.755,22.446,57.907,122.209,-103.248,71.196
Comunicação Organizacional (Bacharelado),CN,5,-21.931,-9.15,38.939,-78.071,23.426,-12.646,-4.348,38.636,-78.071,23.426,9.285,20.763,0.0,46.427,-177.55,-305.527
Comunicação Organizacional (Bacharelado),EP_R2_NPPI,4,-41.926,-43.099,14.119,-56.789,-24.715,-40.84,-40.929,13.512,-56.789,-24.715,1.085,2.17,0.0,4.34,-33.678,-33.085
Comunicação Organizacional (Bacharelado),EP_R2_NPPIQ,1,-83.245,-83.245,,-83.245,-83.245,15.877,15.877,,15.877,15.877,99.122,,99.122,99.122,,
Comunicação Organizacional (Bacharelado),EP_R2_PPI,2,-61.592,-61.592,21.188,-76.574,-46.61,-19.008,-19.008,6.244,-23.424,-14.593,42.584,14.943,32.017,53.15,-34.4,-32.851
Comunicação Organizacional (Bacharelado),EP_R2_PPIQ,1,-49.545,-49.545,,-49.545,-49.545,-18.438,-18.438,,-18.438,-18.438,31.107,,31.107,31.107,,
Comunicação Social - Publicidade e Propaganda (Bacharelado),AC,6,58.324,59.724,14.716,40.414,77.921,85.924,86.414,26.009,48.42,120.186,31.52,23.047,8.006,57.702,25.232,30.27
Comunicação Social - Publicidade e Propaganda (Bacharelado),CN,6,33.941,41.794,41.214,-45.956,66.561,36.215,48.616,41.93,-45.956,66.561,2.274,5.571,0.0,13.645,121.428,115.78
Comunicação Social - Publicidade e Propaganda (Bacharelado),EP_R1_NPPI,4,-10.932,-11.382,34.597,-49.871,28.907,2.127,3.295,22.871,-26.988,28.907,13.06,26.119,0.0,52.238,-316.467,1075.163
Comunicação Social - Publicidade e Propaganda (Bacharelado),EP_R1_NPPIQ,1,-29.329,-29.329,,-29.329,-29.329,-29.329,-29.329,,-29.329,-29.329,0.0,,0.0,0.0,,
Comunicação Social - Publicidade e Propaganda (Bacharelado),EP_R1_PPI,4,-16.369,-11.472,19.124,-43.64,1.108,13.048,12.285,16.21,-1.404,29.027,29.417,29.513,10.034,72.667,-116.829,124.231
Comunicação Social - Publicidade e Propaganda (Bacharelado),EP_R2_NPPI,5,16.704,22.817,49.376,-39.668,73.446,26.389,31.547,39.369,-14.554,73.446,9.685,11.188,0.0,27.114,295.597,149.186
Comunicação Social - Publicidade e Propaganda (Bacharelado),EP_R2_NPPIQ,1,50.59,50.59,,50.59,50.59,50.59,50.59,,50.59,50.59,0.0,,0.0,0.0,,
Comunicação Social - Publicidade e Propaganda (Bacharelado),EP_R2_PPI,4,-20.72,-11.628,39.855,-74.578,14.955,8.109,25.36,58.611,-74.578,56.294,28.829,19.397,0.0,41.339,-192.351,722.813
Comunicação Social - Publicidade e Propaganda (Bacharelado),EP_R2_PPIQ,1,-41.458,-41.458,,-41.458,-41.458,-16.426,-16.426,,-16.426,-16.426,25.032,,25.032,25.032,,
Comunicação Social – Audiovisual (Bacharelado),AC,6,62.082,64.294,16.42,39.969,86.509,116.203,110.494,43.155,57.784,175.444,54.596,27.118,17.815,88.935,26.448,37.138
Comunicação Social – Audiovisual (Bacharelado),CN,6,-8.319,1.484,38.686,-55.674,48.632,-8.319,1.484,38.686,-55.674,48.632,0.0,0.0,0.0,0.0,-465.019,-465.019
Comunicação Social – Audiovisual (Bacharelado),EP_R1_NPPI,2,-13.234,-13.234,29.547,-34.127,7.659,-1.547,-1.547,13.019,-10.753,7.659,11.687,16.528,0.0,23.374,-223.267,-841.58
Comunicação Social – Audiovisual (Bacharelado),EP_R1_PPI,3,-31.153,-36.365,12.394,-40.091,-17.004,-13.641,-14.344,23.083,-36.365,9.785,17.512,28.06,0.0,49.876,-39.785,-169.214
Comunicação Social – Audiovisual (Bacharelado),EP_R2_NPPI,5,-18.187,-15.585,18.71,-42.029,5.234,26.977,9.153,31.675,-0.538,74.452,45.164,31.4,2.205,90.037,-102.878,117.415
Comunicação Social – Audiovisual (Bacharelado),EP_R2_NPPIQ,1,41.977,41.977,,41.977,41.977,41.977,41.977,,41.977,41.977,0.0,,0.0,0.0,,
Comunicação Social – Audiovisual (Bacharelado),EP_R2_PPI,3,-39.839,-28.396,20.833,-63.885,-27.235,-5.726,13.364,51.348,-63.885,33.343,34.113,31.376,0.0,61.739,-52.293,-896.756
Comunicação Social – Audiovisual (Bacharelado),EP_R2_PPIQ,1,-32.295,-32.295,,-32.295,-32.295,26.778,26.778,,26.778,26.778,59.073,,59.073,59.073,,
Comunicação Social – Audiovisual (Bacharelado),EP_R2_PPI_PCD,1,-6.39,-6.39,,-6.39,-6.39,-6.39,-6.39,,-6.39,-6.39,0.0,,0.0,0.0,,
Design – Programação Visual/Projeto do Produto (Bacharelado),AC,6,75.548,78.81,11.231,54.836,87.407,103.319,107.888,18.97,69.182,125.943,27.771,11.903,14.346,46.19,14.866,18.361
Design – Programação Visual/Projeto do Produto (Bacharelado),CN,6,8.046,15.33,49.034,-82.226,61.424,12.309,28.12,49.989,-82.226,61.424,4.263,10.443,0.0,25.58,609.43,406.111
Design – Programação Visual/Projeto do Produto (Bacharelado),EP_R1_NPPI,5,-17.612,-13.605,39.651,-63.935,38.427,-14.948,-3.349,40.427,-63.935,38.427,2.664,5.956,0.0,13.319,-225.141,-270.456
Design – Programação Visual/Projeto do Produto (Bacharelado),EP_R1_NPPIQ,1,-55.242,-55.242,,-55.242,-55.242,-7.149,-7.149,,-7.149,-7.149,48.093,,48.093,48.093,,
Design – Programação Visual/Projeto do Produto (Bacharelado),EP_R1_PPI,4,-25.661,-27.966,11.247,-36.333,-10.378,-8.35,-11.221,6.386,-12.16,1.203,17.311,6.481,11.581,25.315,-43.831,-76.482
Design – Programação Visual/Projeto do Produto (Bacharelado),EP_R2_NPPI,1,26.07,26.07,,26.07,26.07,26.07,26.07,,26.07,26.07,0.0,,0.0,0.0,,
Design – Programação Visual/Projeto do Produto (Bacharelado),EP_R2_PPI,5,-16.512,-22.489,40.095,-61.294,47.464,3.87,9.31,31.708,-29.644,47.464,20.383,14.921,0.0,31.799,-242.815,819.293
Design – Programação Visual/Projeto do Produto (Bacharelado),EP_R2_PPIQ,1,-44.318,-44.318,,-44.318,-44.318,-44.259,-44.259,,-44.259,-44.259,0.059,,0.059,0.059,,
Direito (Bacharelado),AC,11,100.031,101.827,24.406,56.835,137.491,137.928,130.082,29.718,82.163,176.907,35.596,19.266,6.135,67.767,24.398,21.546
Direito (Bacharelado),CN,12,63.987,67.314,20.621,30.06,101.124,91.394,90.31,24.06,30.572,130.856,27.408,14.815,0.512,57.199,32.227,26.325
Direito (Bacharelado),EP_R1_NPPI,10,14.62,25.149,25.031,-30.887,44.672,41.622,54.002,34.581,-20.32,96.173,27.002,18.189,3.406,69.508,171.21,83.083
Direito (Bacharelado),EP_R1_NPPIQ,2,-6.18,-6.18,29.365,-26.945,14.584,51.262,51.262,21.191,36.277,66.246,57.442,8.174,51.662,63.222,-475.13,41.34
Direito (Bacharelado),EP_R1_NPPI_PCD,1,-22.954,-22.954,,-22.954,-22.954,-22.954,-22.954,,-22.954,-22.954,0.0,,0.0,0.0,,
Direito (Bacharelado),EP_R1_PPI,9,-6.889,-5.484,15.562,-26.837,19.392,35.268,42.274,31.096,-13.238,69.167,42.158,23.325,6.489,82.46,-225.875,88.17
Direito (Bacharelado),EP_R1_PPIQ,2,-64.218,-64.218,33.312,-87.773,-40.663,-10.442,-10.442,22.83,-26.586,5.701,53.775,56.142,14.077,93.474,-51.873,-218.629
Direito (Bacharelado),EP_R1_PPI_PCD,1,-15.077,-15.077,,-15.077,-15.077,-15.077,-15.077,,-15.077,-15.077,0.0,,0.0,0.0,,
Direito (Bacharelado),EP_R2_NPPI,9,61.412,59.961,30.012,20.26,100.598,93.442,94.48,26.312,61.664,133.701,32.029,27.766,6.549,98.082,48.87,28.159
Direito (Bacharelado),EP_R2_NPPIQ,2,108.013,108.013,22.39,92.181,123.845,108.344,108.344,21.922,92.842,123.845,0.331,0.467,0.0,0.661,20.729,20.234
Direito (Bacharelado),EP_R2_NPPIQ_PCD,1,27.527,27.527,,27.527,27.527,27.527,27.527,,27.527,27.527,0.0,,0.0,0.0,,
Direito (Bacharelado),EP_R2_PPI,10,15.413,25.044,31.976,-54.298,48.707,51.9,50.963,37.961,-22.6,114.506,36.487,21.545,4.024,82.774,207.46,73.143
Direito (Bacharelado),EP_R2_PPIQ,2,46.532,46.532,20.715,31.885,61.18,69.944,69.944,16.428,58.328,81.56,23.412,4.287,20.38,26.443,44.517,23.487
Educação Física (Bacharelado),AC,4,0.64,9.904,22.666,-33.049,15.802,55.282,49.417,15.783,44.232,78.06,54.642,18.653,36.73,77.281,3541.599,28.55
Educação Física (Bacharelado),CN,4,6.536,4.344,21.545,-14.695,32.152,16.973,21.572,17.579,-7.405,32.152,10.437,20.874,0.0,41.747,329.631,103.57
Educação Física (Bacharelado),EP_R1_NPPI,4,-34.362,-30.242,13.975,-54.427,-22.536,-3.232,-5.411,30.382,-33.945,31.837,31.129,27.415,0.0,64.259,-40.671,-939.884
Educação Física (Bacharelado),EP_R1_PPI,4,-43.158,-42.316,18.258,-62.949,-25.052,-14.608,-21.516,17.617,-26.608,11.211,28.55,32.421,0.0,74.16,-42.306,-120.602
Educação Física (Bacharelado),EP_R2_NPPI,4,-24.54,-11.488,43.83,-84.571,9.385,18.05,12.328,17.906,3.39,44.154,42.591,44.667,2.712,87.961,-178.603,99.203
Educação Física (Bacharelado),EP_R2_PPI,4,-49.06,-38.472,30.878,-94.317,-24.98,4.993,-0.411,13.184,-3.544,24.338,54.053,32.726,21.436,96.728,-62.939,264.03
Educação Física (Licenciatura),AC,4,-27.17,-17.236,25.061,-64.096,-10.111,29.305,30.043,16.59,10.409,46.723,56.475,19.311,31.096,74.505,-92.24,56.611
Educação Física (Licenciatura),CN,4,-5.435,-10.6,18.767,-20.627,20.087,-0.984,-2.821,15.847,-18.38,20.087,4.451,8.902,0.0,17.805,-345.296,-1610.85
Educação Física (Licenciatura),EP_R1_NPPI,4,-60.014,-52.236,22.016,-92.355,-43.227,-34.093,-22.443,26.225,-73.207,-18.279,25.921,6.994,19.148,35.589,-36.684,-76.921
Educação Física (Licenciatura),EP_R1_PPI,4,-70.712,-64.793,22.427,-101.251,-52.013,-28.007,-27.96,3.118,-31.87,-24.238,42.706,23.93,20.143,73.421,-31.716,-11.133
Educação Física (Licenciatura),EP_R2_NPPI,4,-30.861,-19.113,26.785,-70.759,-14.459,-5.54,-7.898,15.016,-19.463,13.1,25.321,32.683,0.565,70.735,-86.793,-271.055
Educação Física (Licenciatura),EP_R2_PPI,4,-63.982,-71.466,29.686,-91.266,-21.729,-15.068,-20.283,29.82,-42.643,22.938,48.914,44.459,15.739,114.204,-46.397,-197.912
Educação Física Ciclo Básico (Bacharelado/Licenciatura),AC,2,-12.721,-12.721,20.266,-27.052,1.609,12.282,12.282,36.478,-13.512,38.076,25.004,16.212,13.54,36.467,-159.308,297.006
Educação Física Ciclo Básico (Bacharelado/Licenciatura),CN,2,-26.957,-26.957,10.798,-34.592,-19.322,-16.514,-16.514,24.279,-33.682,0.653,10.442,13.481,0.91,19.975,-40.055,-147.013
Educação Física Ciclo Básico (Bacharelado/Licenciatura),EP_R1_NPPIQ,1,-69.589,-69.589,,-69.589,-69.589,-46.355,-46.355,,-46.355,-46.355,23.234,,23.234,23.234,,
Educação Física Ciclo Básico (Bacharelado/Licenciatura),EP_R2_NPPI,1,-72.598,-72.598,,-72.598,-72.598,-29.223,-29.223,,-29.223,-29.223,43.375,,43.375,43.375,,
Educação Física Ciclo Básico (Bacharelado/Licenciatura),EP_R2_NPPIQ,1,-16.974,-16.974,,-16.974,-16.974,0.769,0.769,,0.769,0.769,17.743,,17.743,17.743,,
Educação Física Ciclo Básico (Bacharelado/Licenciatura),EP_R2_PPIQ,1,-86.267,-86.267,,-86.267,-86.267,-8.852,-8.852,,-8.852,-8.852,77.415,,77.415,77.415,,
Enfermagem (Bacharelado),AC,12,31.686,29.028,19.696,2.383,59.656,73.319,73.121,31.606,9.145,128.899,43.657,25.252,6.762,86.437,62.16,43.108
Enfermagem (Bacharelado),CN,12,17.978,21.607,24.853,-45.031,49.514,21.42,21.607,27.311,-45.031,61.195,3.442,8.988,0.0,30.084,138.243,127.506
Enfermagem (Bacharelado),EP_R1_NPPI,10,-4.966,-1.969,22.219,-49.851,26.39,15.399,13.419,21.786,-32.128,52.752,20.365,16.523,3.013,47.978,-447.409,141.481
Enfermagem (Bacharelado),EP_R1_NPPIQ,2,-39.18,-39.18,10.831,-46.839,-31.522,10.412,10.412,10.281,3.143,17.682,49.593,0.55,49.204,49.982,-27.643,98.733
Enfermagem (Bacharelado),EP_R1_PPI,8,-20.832,-21.662,28.543,-58.894,17.032,23.981,25.036,18.1,-13.949,48.519,44.813,23.478,21.721,83.482,-137.015,75.475
Enfermagem (Bacharelado),EP_R2_NPPI,10,16.483,9.061,27.882,-16.271,64.649,34.622,38.558,25.16,-1.68,75.478,18.138,11.099,0.765,35.826,169.15,72.672
Enfermagem (Bacharelado),EP_R2_NPPIQ,2,18.815,18.815,14.242,8.744,28.885,30.384,30.384,16.94,18.405,42.362,11.569,2.698,9.661,13.477,75.696,55.754
Enfermagem (Bacharelado),EP_R2_NPPIQ_PCD,1,-43.64,-43.64,,-43.64,-43.64,-43.64,-43.64,,-43.64,-43.64,0.0,,0.0,0.0,,
Enfermagem (Bacharelado),EP_R2_PPI,10,-23.912,-19.895,32.42,-77.474,19.771,5.716,15.334,32.125,-42.493,42.63,29.629,14.619,10.177,62.236,-135.578,562.003
Enfermagem (Bacharelado),EP_R2_PPIQ,2,-39.5,-39.5,9.226,-46.024,-32.977,2.634,2.634,26.664,-16.22,21.488,42.134,17.438,29.804,54.465,-23.356,1012.285
Engenharia Ambiental (Bacharelado),AC,5,-13.066,-7.834,37.326,-53.928,26.947,71.733,67.115,47.376,18.608,139.431,84.8,38.352,48.72,147.265,-285.665,66.045
Engenharia Ambiental (Bacharelado),CN,4,24.706,38.7,59.025,-51.192,72.619,24.706,38.7,59.025,-51.192,72.619,0.0,0.0,0.0,0.0,238.903,238.903
Engenharia Ambiental (Bacharelado),EP_R1_NPPI,3,-1.397,-15.863,60.68,-53.536,65.209,-1.397,-15.863,60.68,-53.536,65.209,0.0,0.0,0.0,0.0,-4344.623,-4344.623
Engenharia Ambiental (Bacharelado),EP_R1_PPI,1,-72.216,-72.216,,-72.216,-72.216,-72.216,-72.216,,-72.216,-72.216,0.0,,0.0,0.0,,
Engenharia Ambiental (Bacharelado),EP_R2_NPPI,3,-42.634,-55.038,24.158,-58.071,-14.794,3.446,1.282,7.714,-2.954,12.011,46.081,27.499,16.076,70.082,-56.663,223.823
Engenharia Ambiental (Bacharelado),EP_R2_NPPIQ,1,-44.993,-44.993,,-44.993,-44.993,-34.671,-34.671,,-34.671,-34.671,10.322,,10.322,10.322,,
Engenharia Ambiental (Bacharelado),EP_R2_PPI,4,-10.393,-47.67,80.557,-56.495,110.263,48.584,53.714,56.202,-23.355,110.263,58.977,57.819,0.0,125.105,-775.109,115.679
Engenharia Civil (Bacharelado),AC,6,40.516,50.636,45.774,-14.958,96.375,113.618,120.301,31.049,63.663,147.15,84.274,60.771,29.159,157.817,112.978,27.327
Engenharia Civil (Bacharelado),CN,6,19.213,21.768,38.317,-48.61,66.75,25.001,21.768,48.266,-48.61,101.479,5.788,14.178,0.0,34.729,199.438,193.057
Engenharia Civil (Bacharelado),EP_R1_NPPI,3,-14.798,-14.773,4.351,-19.162,-10.46,13.766,23.601,21.104,-10.46,28.158,28.565,25.139,0.0,47.32,-29.402,153.301
Engenharia Civil (Bacharelado),EP_R1_NPPIQ,1,-46.606,-46.606,,-46.606,-46.606,-6.776,-6.776,,-6.776,-6.776,39.83,,39.83,39.83,,
Engenharia Civil (Bacharelado),EP_R1_PPI,4,-23.772,-30.968,20.203,-39.011,5.858,-7.672,-7.954,23.969,-33.289,18.511,16.101,22.244,0.0,47.159,-84.986,-312.437
Engenharia Civil (Bacharelado),EP_R2_NPPI,4,-30.5,-23.257,27.339,-68.924,-6.562,63.04,65.181,20.353,39.037,82.763,93.541,22.572,60.158,107.961,-89.636,32.286
Engenharia Civil (Bacharelado),EP_R2_NPPIQ,1,19.123,19.123,,19.123,19.123,44.103,44.103,,44.103,44.103,24.98,,24.98,24.98,,
Engenharia Civil (Bacharelado),EP_R2_PPI,3,-29.259,-27.977,13.211,-43.065,-16.736,26.614,1.668,51.051,-7.167,85.341,55.873,40.136,29.645,102.077,-45.152,191.818
Engenharia Civil (Bacharelado),EP_R2_PPIQ,1,-20.258,-20.258,,-20.258,-20.258,41.376,41.376,,41.376,41.376,61.634,,61.634,61.634,,
Engenharia Elétrica (Bacharelado),AC,5,31.445,41.135,83.046,-54.46,125.478,123.592,156.3,75.866,-11.328,165.36,92.147,80.03,30.822,219.82,264.102,61.384
Engenharia Elétrica (Bacharelado),CN,4,42.557,48.622,46.901,-12.144,85.127,42.557,48.622,46.901,-12.144,85.127,0.0,0.0,0.0,0.0,110.207,110.207
Engenharia Elétrica (Bacharelado),EP_R1_NPPI,2,-24.578,-24.578,3.289,-26.903,-22.252,-10.412,-10.412,23.322,-26.903,6.079,14.166,20.033,0.0,28.331,-13.381,-223.99
Engenharia Elétrica (Bacharelado),EP_R1_PPI,4,-13.514,-6.386,35.724,-62.725,21.442,12.242,5.155,27.824,-12.839,51.5,25.756,34.516,0.0,72.967,-264.351,227.272
Engenharia Elétrica (Bacharelado),EP_R2_NPPI,4,-15.286,-20.468,29.489,-45.468,25.261,105.9,105.566,40.316,66.75,145.719,121.186,63.78,50.659,191.187,-192.916,38.07
Engenharia Elétrica (Bacharelado),EP_R2_NPPIQ,1,-6.585,-6.585,,-6.585,-6.585,58.012,58.012,,58.012,58.012,64.597,,64.597,64.597,,
Engenharia Elétrica (Bacharelado),EP_R2_PPI,4,-5.188,-17.16,39.671,-38.064,51.632,39.95,33.517,22.936,19.809,72.957,45.138,17.361,21.325,58.214,-764.712,57.412
Engenharia Elétrica (Bacharelado),EP_R2_PPIQ,1,-23.359,-23.359,,-23.359,-23.359,-23.359,-23.359,,-23.359,-23.359,0.0,,0.0,0.0,,
Engenharia Florestal (Bacharelado),AC,5,-61.697,-65.083,9.461,-71.066,-50.298,42.234,42.301,18.916,17.752,65.667,103.93,19.169,82.835,134.682,-15.334,44.79
Engenharia Florestal (Bacharelado),CN,5,-34.463,-32.127,14.735,-59.51,-21.139,-27.38,-32.127,24.453,-59.51,8.294,7.083,15.838,0.0,35.415,-42.755,-89.311
Engenharia Florestal (Bacharelado),EP_R1_NPPI,2,-8.835,-8.835,9.365,-15.457,-2.213,3.7,3.7,8.362,-2.213,9.613,12.535,17.727,0.0,25.07,-105.998,226.007
Engenharia Florestal (Bacharelado),EP_R1_PPI,2,-46.842,-46.842,35.886,-72.218,-21.467,-0.652,-0.652,29.436,-21.467,20.162,46.19,65.323,0.0,92.38,-76.611,-4511.287
Engenharia Florestal (Bacharelado),EP_R2_NPPI,3,-32.124,-29.541,19.559,-52.846,-13.984,-31.247,-29.541,18.176,-50.215,-13.984,0.877,1.519,0.0,2.631,-60.888,-58.168
Engenharia Florestal (Bacharelado),EP_R2_NPPIQ,1,-27.754,-27.754,,-27.754,-27.754,-27.754,-27.754,,-27.754,-27.754,0.0,,0.0,0.0,,
Engenharia Florestal (Bacharelado),EP_R2_PPI,3,-33.151,-42.766,23.988,-50.84,-5.848,-20.564,-13.077,19.565,-42.766,-5.848,12.588,21.802,0.0,37.763,-72.358,-95.141
Engenharia Mecatrônica (Bacharelado),AC,5,47.911,71.137,62.957,-40.37,116.231,132.379,156.247,54.447,37.891,170.136,84.468,56.33,29.351,175.129,131.404,41.13
Engenharia Mecatrônica (Bacharelado),CN,5,56.383,53.035,60.031,-19.965,139.153,60.681,53.035,53.626,1.525,139.153,4.298,9.611,0.0,21.49,106.471,88.374
Engenharia Mecatrônica (Bacharelado),EP_R1_NPPI,3,-34.79,-32.767,6.836,-42.409,-29.193,-24.309,-32.767,22.427,-41.277,1.117,10.481,17.182,0.0,30.31,-19.65,-92.258
Engenharia Mecatrônica (Bacharelado),EP_R1_NPPIQ,1,-4.756,-4.756,,-4.756,-4.756,8.105,8.105,,8.105,8.105,12.861,,12.861,12.861,,
Engenharia Mecatrônica (Bacharelado),EP_R1_PPI,3,-29.963,-27.662,6.903,-37.722,-24.504,53.607,54.405,6.637,46.608,59.809,83.57,8.952,74.27,92.127,-23.038,12.38
Engenharia Mecatrônica (Bacharelado),EP_R2_NPPI,5,-15.903,-40.631,47.915,-65.329,49.02,48.061,65.536,40.298,-19.947,79.438,63.964,33.867,30.418,112.362,-301.302,83.847
Engenharia Mecatrônica (Bacharelado),EP_R2_NPPIQ,1,-19.193,-19.193,,-19.193,-19.193,79.642,79.642,,79.642,79.642,98.835,,98.835,98.835,,
Engenharia Mecatrônica (Bacharelado),EP_R2_PPI,3,-27.903,-39.081,26.119,-46.573,1.944,8.256,1.944,31.926,-20.043,42.867,36.159,47.114,0.0,89.44,-93.604,386.706
Engenharia Mecatrônica (Bacharelado),EP_R2_PPIQ,1,-53.086,-53.086,,-53.086,-53.086,-27.897,-27.897,,-27.897,-27.897,25.189,,25.189,25.189,,
Engenharia Mecânica (Bacharelado),AC,6,28.009,69.293,79.775,-102.234,88.12,122.53,142.555,53.665,27.385,154.863,104.949,80.025,48.546,244.789,284.823,43.797
Engenharia Mecânica (Bacharelado),CN,6,25.285,26.444,42.095,-47.32,68.151,25.791,27.962,42.142,-47.32,68.151,0.506,1.24,0.0,3.038,166.484,163.399
Engenharia Mecânica (Bacharelado),EP_R1_NPPI,2,-36.307,-36.307,5.575,-40.249,-32.365,0.708,0.708,46.773,-32.365,33.782,37.016,52.348,0.0,74.031,-15.355,6601.693
Engenharia Mecânica (Bacharelado),EP_R1_NPPIQ,1,-69.376,-69.376,,-69.376,-69.376,-69.376,-69.376,,-69.376,-69.376,0.0,,0.0,0.0,,
Engenharia Mecânica (Bacharelado),EP_R1_PPI,4,-16.873,-27.828,27.043,-34.593,22.756,-1.54,1.04,22.508,-30.996,22.756,15.333,18.014,0.0,39.692,-160.276,-1461.542
Engenharia Mecânica (Bacharelado),EP_R2_NPPI,4,-17.784,-17.391,9.236,-28.117,-8.237,65.032,55.078,47.296,20.947,129.024,82.816,38.81,49.064,137.261,-51.933,72.727
Engenharia Mecânica (Bacharelado),EP_R2_NPPIQ,1,-1.775,-1.775,,-1.775,-1.775,66.886,66.886,,66.886,66.886,68.661,,68.661,68.661,,
Engenharia Mecânica (Bacharelado),EP_R2_PPI,3,-52.895,-68.903,42.084,-84.626,-5.156,-0.875,32.83,66.56,-77.546,42.09,52.02,53.359,7.08,110.993,-79.561,-7603.958
Engenharia Mecânica (Bacharelado),EP_R2_PPIQ,1,5.003,5.003,,5.003,5.003,17.361,17.361,,17.361,17.361,12.358,,12.358,12.358,,
Engenharia Química (Bacharelado),AC,6,26.86,55.614,53.139,-50.087,70.109,101.419,134.041,62.259,-7.947,136.761,83.209,61.147,23.789,184.128,197.837,61.388
Engenharia Química (Bacharelado),CN,3,24.62,11.144,28.148,5.744,56.973,24.62,11.144,28.148,5.744,56.973,0.0,0.0,0.0,0.0,114.328,114.328
Engenharia Química (Bacharelado),EP_R1_NPPI,3,-48.871,-47.162,6.223,-55.77,-43.682,-48.871,-47.162,6.223,-55.77,-43.682,0.0,0.0,0.0,0.0,-12.733,-12.733
Engenharia Química (Bacharelado),EP_R1_PPI,4,9.035,16.528,33.108,-35.915,38.999,29.592,33.441,17.828,5.342,46.146,20.558,23.738,0.0,41.257,366.457,60.245
Engenharia Química (Bacharelado),EP_R2_NPPI,4,1.547,-1.532,40.503,-42.449,51.7,112.688,125.822,29.141,79.292,132.95,115.123,76.383,27.592,168.271,2618.575,25.859
Engenharia Química (Bacharelado),EP_R2_NPPIQ,1,-59.302,-59.302,,-59.302,-59.302,49.093,49.093,,49.093,49.093,108.395,,108.395,108.395,,
Engenharia Química (Bacharelado),EP_R2_PPI,3,-7.766,-14.085,35.838,-40.025,30.811,1.633,-14.085,51.353,-40.025,59.008,9.399,16.28,0.0,28.197,-461.456,3145.367
Engenharia Química (Bacharelado),EP_R2_PPIQ,1,-17.786,-17.786,,-17.786,-17.786,2.511,2.511,,2.511,2.511,20.297,,20.297,20.297,,
Engenharia de Computação (Bacharelado),AC,5,108.165,120.321,19.442,76.169,120.918,148.586,156.459,20.397,115.572,167.223,40.421,19.652,12.6,67.19,17.974,13.728
Engenharia de Computação (Bacharelado),CN,6,52.603,47.694,22.093,21.015,84.173,64.576,59.578,20.988,44.324,92.852,11.973,29.327,0.0,71.837,41.999,32.502
Engenharia de Computação (Bacharelado),EP_R1_NPPI,4,-7.877,-4.252,38.107,-52.218,29.216,11.184,7.247,23.397,-10.159,40.403,19.061,17.348,1.56,42.059,-483.808,209.195
Engenharia de Computação (Bacharelado),EP_R1_NPPIQ,1,-33.752,-33.752,,-33.752,-33.752,-33.752,-33.752,,-33.752,-33.752,0.0,,0.0,0.0,,
Engenharia de Computação (Bacharelado),EP_R1_PPI,4,2.806,8.27,35.539,-44.598,39.279,55.134,53.044,34.877,18.4,96.047,52.328,11.61,35.923,62.998,1266.773,63.259
Engenharia de Computação (Bacharelado),EP_R2_NPPI,4,38.573,42.922,83.63,-63.631,132.082,90.448,88.619,67.414,29.797,154.756,51.874,41.999,10.449,93.428,216.808,74.534
Engenharia de Computação (Bacharelado),EP_R2_NPPIQ,1,82.189,82.189,,82.189,82.189,83.309,83.309,,83.309,83.309,1.12,,1.12,1.12,,
Engenharia de Computação (Bacharelado),EP_R2_NPPIQ_PCD,1,25.163,25.163,,25.163,25.163,25.163,25.163,,25.163,25.163,0.0,,0.0,0.0,,
Engenharia de Computação (Bacharelado),EP_R2_PPI,5,-12.02,8.39,33.87,-62.409,13.355,22.485,43.73,49.49,-51.296,53.774,40.848,31.646,11.113,85.611,-281.79,220.105
Engenharia de Computação (Bacharelado),EP_R2_PPIQ,1,-67.012,-67.012,,-67.012,-67.012,55.801,55.801,,55.801,55.801,122.813,,122.813,122.813,,
Engenharia de Produção (Bacharelado),AC,6,-9.411,-3.186,58.723,-75.158,49.032,101.171,104.096,54.31,14.375,159.558,120.901,42.172,80.528,179.254,-623.961,53.681
Engenharia de Produção (Bacharelado),CN,6,-15.976,-16.779,34.705,-71.003,27.336,-15.007,-16.779,35.744,-71.003,27.336,0.968,2.372,0.0,5.809,-217.236,-238.174
Engenharia de Produção (Bacharelado),EP_R1_NPPI,1,-47.974,-47.974,,-47.974,-47.974,-47.974,-47.974,,-47.974,-47.974,0.0,,0.0,0.0,,
Engenharia de Produção (Bacharelado),EP_R1_NPPIQ,1,-20.589,-20.589,,-20.589,-20.589,-16.273,-16.273,,-16.273,-16.273,4.316,,4.316,4.316,,
Engenharia de Produção (Bacharelado),EP_R1_PPI,2,3.177,3.177,11.63,-5.047,11.401,3.177,3.177,11.63,-5.047,11.401,0.0,0.0,0.0,0.0,366.084,366.084
Engenharia de Produção (Bacharelado),EP_R2_NPPI,2,8.033,8.033,54.848,-30.751,46.816,26.682,26.682,63.28,-18.063,71.428,18.65,8.432,12.688,24.612,682.828,237.158
Engenharia de Produção (Bacharelado),EP_R2_NPPIQ,1,-30.464,-30.464,,-30.464,-30.464,60.182,60.182,,60.182,60.182,90.646,,90.646,90.646,,
Engenharia de Produção (Bacharelado),EP_R2_PPI,1,-86.266,-86.266,,-86.266,-86.266,14.269,14.269,,14.269,14.269,100.535,,100.535,100.535,,
Engenharia de Produção (Bacharelado),EP_R2_PPIQ,1,-5.763,-5.763,,-5.763,-5.763,-5.763,-5.763,,-5.763,-5.763,0.0,,0.0,0.0,,
Engenharia de Redes de Comunicação (Bacharelado),AC,6,-10.826,-15.104,33.861,-50.195,34.703,55.624,62.529,30.379,-2.835,84.551,66.449,34.005,28.703,121.62,-312.787,54.615
Engenharia de Redes de Comunicação (Bacharelado),CN,5,24.95,24.498,38.76,-20.38,67.472,25.218,24.498,38.496,-20.38,67.472,0.267,0.597,0.0,1.336,155.349,152.655
Engenharia de Redes de Comunicação (Bacharelado),EP_R1_NPPI,2,-55.174,-55.174,15.998,-66.487,-43.862,-26.441,-26.441,24.637,-43.862,-9.02,28.734,40.635,0.0,57.467,-28.996,-93.177
Engenharia de Redes de Comunicação (Bacharelado),EP_R1_NPPIQ,1,-55.125,-55.125,,-55.125,-55.125,-55.125,-55.125,,-55.125,-55.125,0.0,,0.0,0.0,,
Engenharia de Redes de Comunicação (Bacharelado),EP_R1_PPI,2,-26.218,-26.218,5.183,-29.883,-22.553,-26.218,-26.218,5.183,-29.883,-22.553,0.0,0.0,0.0,0.0,-19.769,-19.769
Engenharia de Redes de Comunicação (Bacharelado),EP_R2_NPPI,4,-51.939,-57.6,19.801,-67.492,-25.064,-32.183,-35.201,32.457,-66.201,7.869,19.756,23.436,0.0,46.09,-38.123,-100.851
Engenharia de Redes de Comunicação (Bacharelado),EP_R2_NPPIQ,1,-73.187,-73.187,,-73.187,-73.187,2.297,2.297,,2.297,2.297,75.484,,75.484,75.484,,
Engenharia de Redes de Comunicação (Bacharelado),EP_R2_PPI,3,-35.396,-41.369,18.938,-50.627,-14.191,13.847,13.092,10.305,3.941,24.509,49.243,19.841,27.283,65.878,-53.504,74.417
Engenharia de Redes de Comunicação (Bacharelado),EP_R2_PPIQ,1,-54.018,-54.018,,-54.018,-54.018,-24.926,-24.926,,-24.926,-24.926,29.092,,29.092,29.092,,
Engenharias (FGA),AC,6,25.899,50.484,64.538,-101.981,70.386,130.405,144.063,47.74,50.424,178.331,109.365,79.343,26.107,235.798,249.191,36.609
Engenharias (FGA),CN,6,2.295,10.382,32.516,-57.125,33.37,69.661,69.49,37.053,15.846,129.802,67.365,42.869,23.149,133.156,1416.621,53.191
Engenharias (FGA),EP_R1_NPPI,4,-43.208,-41.756,8.519,-53.711,-35.606,37.142,45.22,22.276,4.292,53.835,80.35,21.155,50.812,99.332,-19.716,59.974
Engenharias (FGA),EP_R1_NPPIQ,1,-52.564,-52.564,,-52.564,-52.564,-11.45,-11.45,,-11.45,-11.45,41.114,,41.114,41.114,,
Engenharias (FGA),EP_R1_PPI,4,-56.554,-55.473,7.947,-67.127,-48.142,24.148,24.892,20.821,-0.878,47.686,80.702,18.765,56.109,101.645,-14.052,86.222
Engenharias (FGA),EP_R2_NPPI,5,-30.697,11.743,59.18,-100.534,13.073,60.681,81.398,43.331,-6.587,93.718,91.378,28.68,69.655,141.768,-192.792,71.408
Engenharias (FGA),EP_R2_NPPIQ,1,-8.202,-8.202,,-8.202,-8.202,60.62,60.62,,60.62,60.62,68.822,,68.822,68.822,,
Engenharias (FGA),EP_R2_NPPIQ_PCD,1,-2.52,-2.52,,-2.52,-2.52,19.278,19.278,,19.278,19.278,21.798,,21.798,21.798,,
Engenharias (FGA),EP_R2_PPI,4,-60.864,-59.572,15.33,-80.254,-44.055,55.948,57.623,44.669,1.161,107.386,116.812,31.98,81.415,151.441,-25.188,79.84
Engenharias (FGA),EP_R2_PPIQ,1,-63.197,-63.197,,-63.197,-63.197,17.991,17.991,,17.991,17.991,81.188,,81.188,81.188,,
Estatística (Bacharelado),AC,6,-11.436,12.464,53.356,-86.083,34.508,85.62,111.408,56.572,-0.406,136.549,106.244,16.638,85.677,129.943,-466.563,66.073
Estatística (Bacharelado),CN,4,-29.262,-40.37,25.149,-44.549,8.239,-20.075,-21.995,25.332,-44.549,8.239,9.188,18.376,0.0,36.751,-85.941,-126.186
Estatística (Bacharelado),EP_R1_NPPI,1,-32.737,-32.737,,-32.737,-32.737,-32.737,-32.737,,-32.737,-32.737,0.0,,0.0,0.0,,
Estatística (Bacharelado),EP_R1_PPI,1,-20.062,-20.062,,-20.062,-20.062,-12.041,-12.041,,-12.041,-12.041,8.021,,8.021,8.021,,
Estatística (Bacharelado),EP_R2_NPPI,4,-25.852,-26.832,21.195,-49.618,-0.124,-6.671,-6.633,11.439,-19.116,5.697,19.18,26.118,0.0,55.315,-81.989,-171.474
Estatística (Bacharelado),EP_R2_NPPIQ,1,-27.068,-27.068,,-27.068,-27.068,22.541,22.541,,22.541,22.541,49.609,,49.609,49.609,,
Estatística (Bacharelado),EP_R2_PPI,2,-19.577,-19.577,27.73,-39.185,0.031,-19.577,-19.577,27.73,-39.185,0.031,0.0,0.0,0.0,0.0,-141.645,-141.645
Estatística (Bacharelado),EP_R2_PPIQ,1,-34.447,-34.447,,-34.447,-34.447,-34.447,-34.447,,-34.447,-34.447,0.0,,0.0,0.0,,
Farmácia (Bacharelado),AC,18,7.955,15.297,46.534,-85.275,76.858,61.836,66.477,39.551,-9.583,148.69,56.959,37.833,13.601,167.23,584.924,63.962
Farmácia (Bacharelado),CN,14,9.709,15.584,29.205,-53.795,51.589,11.527,15.76,29.34,-53.795,51.589,1.818,6.68,0.0,25.022,300.807,254.54
Farmácia (Bacharelado),EP_R1_NPPI,12,-25.893,-18.935,22.808,-60.347,15.342,7.386,7.82,30.955,-42.092,60.896,33.279,35.821,0.0,107.926,-88.087,419.09
Farmácia (Bacharelado),EP_R1_NPPIQ,3,-36.985,-33.173,7.308,-45.41,-32.371,3.294,3.367,11.137,-7.88,14.394,40.278,13.686,24.491,48.777,-19.758,338.139
Farmácia (Bacharelado),EP_R1_PPI,12,-29.189,-29.72,27.589,-93.87,2.818,-10.535,-3.907,29.702,-55.265,40.572,18.654,20.828,0.0,53.032,-94.52,-281.944
Farmácia (Bacharelado),EP_R2_NPPI,14,-11.165,-4.155,46.474,-86.268,72.441,25.065,22.18,45.603,-84.214,86.786,36.23,31.243,0.0,88.597,-416.236,181.94
Farmácia (Bacharelado),EP_R2_NPPIQ,3,18.461,14.796,30.576,-10.117,50.704,25.613,18.796,22.472,7.338,50.704,7.152,9.144,0.0,17.455,165.623,87.739
Farmácia (Bacharelado),EP_R2_NPPIQ_PCD,1,0.119,0.119,,0.119,0.119,0.119,0.119,,0.119,0.119,0.0,,0.0,0.0,,
Farmácia (Bacharelado),EP_R2_PPI,11,-51.665,-50.438,22.596,-83.874,-17.25,12.805,14.729,22.719,-15.667,63.724,64.47,26.433,18.415,103.581,-43.736,177.426
Farmácia (Bacharelado),EP_R2_PPIQ,3,-50.107,-46.669,31.993,-83.68,-19.971,4.227,-4.707,31.232,-21.564,38.952,54.334,27.226,25.105,78.973,-63.85,738.858
Filosofia (Bacharelado/Licenciatura),AC,5,-67.838,-69.896,25.039,-100.426,-30.256,44.564,34.653,36.397,-3.548,92.933,112.402,36.667,64.909,158.711,-36.91,81.674
Filosofia (Bacharelado/Licenciatura),CN,2,-7.947,-7.947,22.134,-23.598,7.704,3.168,3.168,37.852,-23.598,29.933,11.114,15.718,0.0,22.229,-278.518,1195.016
Filosofia (Bacharelado/Licenciatura),EP_R1_NPPI,3,-34.292,-17.946,29.315,-68.136,-16.795,-34.292,-17.946,29.315,-68.136,-16.795,0.0,0.0,0.0,0.0,-85.486,-85.486
Filosofia (Bacharelado/Licenciatura),EP_R1_PPI,2,-46.456,-46.456,12.587,-55.356,-37.555,-46.456,-46.456,12.587,-55.356,-37.555,0.0,0.0,0.0,0.0,-27.095,-27.095
Filosofia (Bacharelado/Licenciatura),EP_R2_NPPI,3,-19.943,-36.86,58.563,-68.186,45.216,19.641,29.673,31.801,-15.966,45.216,39.584,35.02,0.0,66.533,-293.647,161.91
Filosofia (Bacharelado/Licenciatura),EP_R2_PPI,3,-39.923,-24.861,40.998,-86.322,-8.586,-8.341,-8.586,9.863,-18.079,1.642,31.582,48.946,0.0,87.964,-102.694,-118.245
Filosofia (Bacharelado/Licenciatura),EP_R2_PPI_PCD,1,-48.451,-48.451,,-48.451,-48.451,-48.451,-48.451,,-48.451,-48.451,0.0,,0.0,0.0,,
Filosofia (Licenciatura),AC,4,-45.911,-50.224,10.664,-52.983,-30.212,-0.718,3.971,35.445,-48.29,37.478,45.193,38.254,0.0,90.461,-23.228,-4938.383
Filosofia (Licenciatura),EP_R1_PPI,1,-59.768,-59.768,,-59.768,-59.768,-59.768,-59.768,,-59.768,-59.768,0.0,,0.0,0.0,,
Filosofia (Licenciatura),EP_R2_NPPI,1,-22.521,-22.521,,-22.521,-22.521,-22.521,-22.521,,-22.521,-22.521,0.0,,0.0,0.0,,
Filosofia (Licenciatura),EP_R2_PPI,2,-42.174,-42.174,30.285,-63.589,-20.759,-42.174,-42.174,30.285,-63.589,-20.759,0.0,0.0,0.0,0.0,-71.811,-71.811
Fisioterapia (Bacharelado),AC,6,22.355,30.424,13.877,3.438,33.173,64.9,79.217,30.095,16.934,91.814,44.198,17.649,13.496,58.641,62.074,46.371
Fisioterapia (Bacharelado),CN,6,6.309,7.092,12.133,-9.095,23.699,10.374,8.666,16.946,-9.095,34.882,4.065,9.958,0.0,24.393,192.324,163.348
Fisioterapia (Bacharelado),EP_R1_NPPI,5,-19.844,-19.321,31.605,-65.973,16.592,13.303,17.749,48.271,-65.973,61.01,33.147,30.77,0.0,80.331,-159.267,362.844
Fisioterapia (Bacharelado),EP_R1_NPPIQ,1,-35.235,-35.235,,-35.235,-35.235,-33.078,-33.078,,-33.078,-33.078,2.157,,2.157,2.157,,
Fisioterapia (Bacharelado),EP_R1_PPI,4,-28.932,-23.011,19.53,-56.29,-13.417,6.823,8.46,10.224,-6.075,16.447,35.756,25.219,16.916,72.737,-67.5,149.839
Fisioterapia (Bacharelado),EP_R1_PPIQ,1,-59.032,-59.032,,-59.032,-59.032,-59.032,-59.032,,-59.032,-59.032,0.0,,0.0,0.0,,
Fisioterapia (Bacharelado),EP_R2_NPPI,5,8.696,10.703,23.03,-19.889,43.008,24.801,27.267,16.298,-0.296,45.269,16.105,9.879,2.261,29.512,264.832,65.718
Fisioterapia (Bacharelado),EP_R2_NPPIQ,1,12.991,12.991,,12.991,12.991,24.746,24.746,,24.746,24.746,11.755,,11.755,11.755,,
Fisioterapia (Bacharelado),EP_R2_PPI,5,-34.362,-26.611,33.244,-79.757,-1.257,-0.263,11.757,35.744,-46.126,40.374,34.098,19.941,13.014,66.985,-96.746,-13570.369
Fisioterapia (Bacharelado),EP_R2_PPIQ,1,-59.558,-59.558,,-59.558,-59.558,8.862,8.862,,8.862,8.862,68.42,,68.42,68.42,,
Fonoaudiologia (Bacharelado),AC,6,-5.29,-3.42,23.787,-40.855,19.105,36.886,43.75,25.594,0.53,64.645,42.176,29.046,20.401,98.137,-449.668,69.387
Fonoaudiologia (Bacharelado),CN,5,0.941,2.749,29.59,-28.93,46.715,15.754,5.402,29.435,-21.229,46.715,14.812,33.122,0.0,74.062,3143.165,186.844
Fonoaudiologia (Bacharelado),EP_R1_NPPI,4,-26.832,-30.388,12.878,-37.896,-8.658,-0.812,-1.891,14.916,-17.719,18.255,26.021,11.468,9.542,34.43,-47.995,-1838.109
Fonoaudiologia (Bacharelado),EP_R1_NPPIQ,1,-60.121,-60.121,,-60.121,-60.121,-60.121,-60.121,,-60.121,-60.121,0.0,,0.0,0.0,,
Fonoaudiologia (Bacharelado),EP_R1_PPI,4,-31.037,-24.867,28.683,-68.611,-5.802,-2.174,4.414,26.386,-37.971,20.447,28.862,42.015,0.0,89.058,-92.417,-1213.561
Fonoaudiologia (Bacharelado),EP_R2_NPPI,5,-33.534,-38.678,41.162,-75.822,25.151,3.523,6.478,28.924,-37.894,34.443,37.057,38.904,0.0,82.3,-122.746,821.098
Fonoaudiologia (Bacharelado),EP_R2_NPPIQ,1,-20.384,-20.384,,-20.384,-20.384,5.716,5.716,,5.716,5.716,26.1,,26.1,26.1,,
Fonoaudiologia (Bacharelado),EP_R2_NPPIQ_PCD,1,-43.816,-43.816,,-43.816,-43.816,-43.816,-43.816,,-43.816,-43.816,0.0,,0.0,0.0,,
Fonoaudiologia (Bacharelado),EP_R2_PPI,4,-52.634,-50.208,12.302,-69.725,-40.393,-12.22,-11.262,30.243,-49.838,23.483,40.414,39.605,0.0,93.208,-23.372,-247.497
Fonoaudiologia (Bacharelado),EP_R2_PPIQ,1,-48.358,-48.358,,-48.358,-48.358,-48.358,-48.358,,-48.358,-48.358,0.0,,0.0,0.0,,
Física (Bacharelado),AC,5,13.691,14.167,51.249,-49.177,91.722,115.32,114.03,24.454,91.641,141.578,121.137,29.813,83.425,148.784,374.33,21.205
Física (Bacharelado),CN,3,28.92,37.136,36.041,-10.52,60.143,75.394,60.143,47.746,37.136,128.902,46.474,80.495,0.0,139.422,124.624,63.329
Física (Bacharelado),EP_R1_NPPI,3,-31.562,-20.071,24.108,-59.265,-15.349,38.98,43.762,29.514,7.367,65.812,70.542,51.509,22.716,125.077,-76.383,75.716
Física (Bacharelado),EP_R1_PPI,3,12.421,39.226,77.316,-74.73,72.767,12.421,39.226,77.316,-74.73,72.767,0.0,0.0,0.0,0.0,622.46,622.46
Física (Bacharelado),EP_R2_NPPI,4,-36.568,-34.6,33.767,-72.92,-4.154,44.399,44.942,45.55,-11.788,99.501,80.968,73.044,0.0,172.421,-92.339,102.592
Física (Bacharelado),EP_R2_NPPIQ,1,-29.298,-29.298,,-29.298,-29.298,5.538,5.538,,5.538,5.538,34.836,,34.836,34.836,,
Física (Bacharelado),EP_R2_PPI,3,-15.059,-19.355,33.229,-45.931,20.11,9.119,20.11,24.872,-19.355,26.603,24.178,41.878,0.0,72.534,-220.667,272.742
Física (Bacharelado),EP_R2_PPIQ,1,-15.865,-15.865,,-15.865,-15.865,-15.865,-15.865,,-15.865,-15.865,0.0,,0.0,0.0,,
Física (Licenciatura),AC,5,-33.182,-62.273,55.173,-76.547,55.585,92.233,94.263,47.141,38.883,149.957,125.415,53.475,53.418,187.951,-166.274,51.11
Física (Licenciatura),CN,1,-46.226,-46.226,,-46.226,-46.226,-46.226,-46.226,,-46.226,-46.226,0.0,,0.0,0.0,,
Física (Licenciatura),EP_R1_NPPI,1,-59.91,-59.91,,-59.91,-59.91,26.842,26.842,,26.842,26.842,86.752,,86.752,86.752,,
Física (Licenciatura),EP_R2_NPPI,1,-30.161,-30.161,,-30.161,-30.161,26.655,26.655,,26.655,26.655,56.816,,56.816,56.816,,
Geofísica (Bacharelado),AC,5,-51.248,-47.993,19.05,-82.398,-30.09,34.593,8.759,47.432,-2.424,113.042,85.841,35.729,56.28,143.132,-37.171,137.114
Geofísica (Bacharelado),CN,1,-6.216,-6.216,,-6.216,-6.216,-6.216,-6.216,,-6.216,-6.216,0.0,,0.0,0.0,,
Geofísica (Bacharelado),EP_R1_NPPI,2,-45.062,-45.062,6.992,-50.006,-40.118,-45.062,-45.062,6.992,-50.006,-40.118,0.0,0.0,0.0,0.0,-15.516,-15.516
Geofísica (Bacharelado),EP_R1_PPI,1,-16.259,-16.259,,-16.259,-16.259,-16.259,-16.259,,-16.259,-16.259,0.0,,0.0,0.0,,
Geofísica (Bacharelado),EP_R2_NPPI,2,-37.81,-37.81,15.204,-48.561,-27.06,-37.81,-37.81,15.204,-48.561,-27.06,0.0,0.0,0.0,0.0,-40.21,-40.21
Geofísica (Bacharelado),EP_R2_PPI,1,-20.904,-20.904,,-20.904,-20.904,-20.904,-20.904,,-20.904,-20.904,0.0,,0.0,0.0,,
Geografia (Bacharelado/Licenciatura),AC,5,-40.624,-25.568,31.281,-90.016,-11.709,69.768,44.499,41.369,33.9,129.343,110.392,65.477,56.208,219.359,-77.002,59.296
Geografia (Bacharelado/Licenciatura),CN,2,-29.986,-29.986,30.611,-51.632,-8.341,-24.906,-24.906,23.426,-41.47,-8.341,5.081,7.186,0.0,10.162,-102.084,-94.059
Geografia (Bacharelado/Licenciatura),EP_R1_NPPI,4,-14.927,-13.841,29.727,-45.35,13.323,-9.528,-3.042,26.576,-45.35,13.323,5.4,10.8,0.0,21.6,-199.144,-278.939
Geografia (Bacharelado/Licenciatura),EP_R1_PPI,2,-39.201,-39.201,20.208,-53.491,-24.912,-24.794,-24.794,40.583,-53.491,3.902,14.407,20.375,0.0,28.814,-51.55,-163.677
Geografia (Bacharelado/Licenciatura),EP_R2_NPPI,3,-23.81,-8.556,26.738,-54.684,-8.19,7.84,18.368,19.611,-14.787,19.938,31.65,7.208,26.558,39.897,-112.299,250.151
Geografia (Bacharelado/Licenciatura),EP_R2_NPPIQ,1,-66.839,-66.839,,-66.839,-66.839,-44.521,-44.521,,-44.521,-44.521,22.318,,22.318,22.318,,
Geografia (Bacharelado/Licenciatura),EP_R2_PPI,3,-20.451,-16.626,6.833,-28.339,-16.387,-9.976,-16.626,14.878,-20.368,7.067,10.475,11.926,0.0,23.454,-33.41,-149.138
Geologia (Bacharelado),AC,5,-67.95,-63.489,17.031,-96.644,-54.123,72.563,77.924,21.772,38.599,97.846,140.513,8.937,132.047,154.609,-25.064,30.005
Geologia (Bacharelado),CN,2,-35.318,-35.318,1.911,-36.67,-33.967,-35.318,-35.318,1.911,-36.67,-33.967,0.0,0.0,0.0,0.0,-5.412,-5.412
Geologia (Bacharelado),EP_R1_NPPI,1,-36.351,-36.351,,-36.351,-36.351,-36.351,-36.351,,-36.351,-36.351,0.0,,0.0,0.0,,
Geologia (Bacharelado),EP_R1_PPI,3,-25.839,-14.615,29.595,-59.404,-3.498,-25.839,-14.615,29.595,-59.404,-3.498,0.0,0.0,0.0,0.0,-114.536,-114.536
Geologia (Bacharelado),EP_R2_NPPI,3,4.905,9.264,31.362,-28.409,33.859,4.905,9.264,31.362,-28.409,33.859,0.0,0.0,0.0,0.0,639.433,639.433
Geologia (Bacharelado),EP_R2_PPI,1,-34.358,-34.358,,-34.358,-34.358,-10.741,-10.741,,-10.741,-10.741,23.617,,23.617,23.617,,
Gestão Ambiental (Bacharelado),AC,2,-54.457,-54.457,10.886,-62.155,-46.76,-15.09,-15.09,66.56,-62.155,31.975,39.368,55.674,0.0,78.735,-19.99,-441.087
Gestão Ambiental (Bacharelado),EP_R2_NPPI,2,-42.118,-42.118,44.393,-73.509,-10.728,14.195,14.195,35.246,-10.728,39.118,56.314,79.639,0.0,112.627,-105.4,248.302
Gestão Ambiental (Bacharelado),EP_R2_PPI,1,-34.138,-34.138,,-34.138,-34.138,-34.138,-34.138,,-34.138,-34.138,0.0,,0.0,0.0,,
Gestão de Agronegócio (Bacharelado),AC,5,-69.012,-61.028,19.339,-93.752,-46.176,-12.004,-19.741,24.85,-40.181,16.69,57.008,11.748,40.473,72.217,-28.023,-207.021
Gestão de Agronegócio (Bacharelado),CN,2,-18.77,-18.77,9.547,-25.521,-12.02,-18.77,-18.77,9.547,-25.521,-12.02,0.0,0.0,0.0,0.0,-50.86,-50.86
Gestão de Agronegócio (Bacharelado),EP_R1_NPPI,1,-32.966,-32.966,,-32.966,-32.966,-32.966,-32.966,,-32.966,-32.966,0.0,,0.0,0.0,,
Gestão de Agronegócio (Bacharelado),EP_R1_PPI,1,-57.616,-57.616,,-57.616,-57.616,-57.616,-57.616,,-57.616,-57.616,0.0,,0.0,0.0,,
Gestão de Agronegócio (Bacharelado),EP_R2_NPPI,2,-59.714,-59.714,16.405,-71.314,-48.114,-24.626,-24.626,33.216,-48.114,-1.139,35.088,49.621,0.0,70.175,-27.472,-134.88
Gestão de Agronegócio (Bacharelado),EP_R2_PPI,1,-44.795,-44.795,,-44.795,-44.795,-33.635,-33.635,,-33.635,-33.635,11.16,,11.16,11.16,,
Gestão de Políticas Públicas (Bacharelado),AC,5,-42.388,-51.535,30.085,-72.389,-2.832,64.12,64.854,19.077,40.755,89.961,106.508,27.697,67.686,145.775,-70.975,29.752
Gestão de Políticas Públicas (Bacharelado),CN,5,-22.165,-18.676,26.895,-66.75,5.313,-13.147,-10.584,34.29,-66.75,24.96,9.018,20.165,0.0,45.09,-121.336,-260.815
Gestão de Políticas Públicas (Bacharelado),EP_R1_NPPI,4,-51.806,-49.856,34.52,-94.961,-12.548,-47.37,-40.986,34.443,-94.961,-12.548,4.435,8.87,0.0,17.741,-66.633,-72.711
Gestão de Políticas Públicas (Bacharelado),EP_R1_NPPIQ,1,-34.132,-34.132,,-34.132,-34.132,-29.67,-29.67,,-29.67,-29.67,4.462,,4.462,4.462,,
Gestão de Políticas Públicas (Bacharelado),EP_R1_PPI,4,-62.333,-56.154,25.21,-95.963,-41.061,-31.971,-40.002,29.109,-57.354,9.475,30.362,35.257,0.0,76.738,-40.444,-91.047
Gestão de Políticas Públicas (Bacharelado),EP_R2_NPPI,4,-53.949,-54.078,24.198,-81.612,-26.029,-0.897,-6.52,14.698,-11.424,20.875,53.052,30.053,19.363,85.245,-44.854,-1638.588
Gestão de Políticas Públicas (Bacharelado),EP_R2_NPPIQ,1,-39.713,-39.713,,-39.713,-39.713,-11.757,-11.757,,-11.757,-11.757,27.956,,27.956,27.956,,
Gestão de Políticas Públicas (Bacharelado),EP_R2_PPI,3,-54.392,-60.85,15.969,-66.12,-36.205,-14.489,-6.58,19.037,-36.205,-0.681,39.903,35.005,0.0,65.439,-29.359,-131.391
Gestão de Políticas Públicas (Bacharelado),EP_R2_PPIQ,1,-50.028,-50.028,,-50.028,-50.028,-41.002,-41.002,,-41.002,-41.002,9.026,,9.026,9.026,,
Gestão do Agronegócio (Bacharelado),AC,5,-78.812,-80.136,14.517,-96.675,-56.321,-37.787,-36.7,30.21,-78.135,4.58,41.024,38.898,0.0,101.255,-18.42,-79.946
Gestão do Agronegócio (Bacharelado),CN,1,-45.106,-45.106,,-45.106,-45.106,-45.106,-45.106,,-45.106,-45.106,0.0,,0.0,0.0,,
Gestão do Agronegócio (Bacharelado),EP_R2_NPPI,1,-54.109,-54.109,,-54.109,-54.109,-22.499,-22.499,,-22.499,-22.499,31.61,,31.61,31.61,,
História (Bacharelado/Licenciatura),AC,6,27.598,39.08,23.611,-8.561,47.472,82.69,96.499,39.459,17.254,120.935,58.382,30.082,25.815,94.998,85.556,47.72
História (Bacharelado/Licenciatura),CN,6,-6.744,-7.701,26.521,-36.358,25.571,-2.987,-7.701,32.855,-36.358,48.115,3.757,9.204,0.0,22.544,-393.252,-1100.065
História (Bacharelado/Licenciatura),EP_R1_NPPI,4,3.342,1.787,14.427,-9.575,19.371,30.526,35.63,27.223,-2.267,53.113,27.184,14.568,7.308,41.432,431.617,89.18
História (Bacharelado/Licenciatura),EP_R1_NPPIQ,1,-17.032,-17.032,,-17.032,-17.032,14.503,14.503,,14.503,14.503,31.535,,31.535,31.535,,
História (Bacharelado/Licenciatura),EP_R1_PPI,4,-9.205,-9.18,12.363,-24.22,5.759,22.036,19.877,12.26,10.211,38.18,31.241,11.327,18.654,45.218,-134.309,55.636
História (Bacharelado/Licenciatura),EP_R2_NPPI,5,5.641,19.641,34.788,-54.201,32.467,26.888,34.497,23.434,-12.401,45.889,21.247,18.602,0.27,41.8,616.729,87.156
História (Bacharelado/Licenciatura),EP_R2_NPPIQ,1,21.418,21.418,,21.418,21.418,21.418,21.418,,21.418,21.418,0.0,,0.0,0.0,,
História (Bacharelado/Licenciatura),EP_R2_NPPIQ_PCD,1,-4.958,-4.958,,-4.958,-4.958,-4.958,-4.958,,-4.958,-4.958,0.0,,0.0,0.0,,
História (Bacharelado/Licenciatura),EP_R2_PPI,4,-23.495,-26.499,19.136,-41.891,0.911,8.301,2.434,26.821,-16.391,44.728,31.796,10.622,18.665,43.817,-81.448,323.108
História (Bacharelado/Licenciatura),EP_R2_PPIQ,1,-31.06,-31.06,,-31.06,-31.06,16.426,16.426,,16.426,16.426,47.486,,47.486,47.486,,
História (Bacharelado/Licenciatura),EP_R2_PPIQ_PCD,1,-30.955,-30.955,,-30.955,-30.955,-30.955,-30.955,,-30.955,-30.955,0.0,,0.0,0.0,,
História (Licenciatura),AC,5,-63.348,-67.087,17.315,-85.388,-38.56,40.391,45.426,21.451,12.295,60.754,103.74,29.902,62.873,130.814,-27.334,53.107
História (Licenciatura),CN,3,-20.668,-27.164,42.846,-59.895,25.055,-20.668,-27.164,42.846,-59.895,25.055,0.0,0.0,0.0,0.0,-207.306,-207.306
História (Licenciatura),EP_R1_NPPI,4,-30.764,-32.755,33.514,-66.834,9.29,-17.554,-6.336,34.823,-66.834,9.29,13.21,26.134,0.0,52.41,-108.941,-198.378
História (Licenciatura),EP_R1_PPI,4,-29.612,-30.374,19.21,-48.659,-9.043,-13.35,-21.396,32.307,-43.023,32.413,16.262,20.144,0.0,41.456,-64.87,-241.992
História (Licenciatura),EP_R2_NPPI,3,-34.291,-25.475,30.732,-68.468,-8.931,8.687,1.031,30.429,-17.183,42.212,42.978,58.638,8.292,110.68,-89.62,350.291
História (Licenciatura),EP_R2_NPPIQ,1,-61.207,-61.207,,-61.207,-61.207,-26.631,-26.631,,-26.631,-26.631,34.576,,34.576,34.576,,
História (Licenciatura),EP_R2_PPI,3,-39.972,-34.556,18.973,-61.065,-24.296,18.701,15.096,30.301,-9.636,50.644,58.674,38.384,14.66,85.2,-47.466,162.027
Japonês (Licenciatura),AC,5,-53.077,-60.848,29.127,-83.555,-5.043,-16.442,-0.264,34.723,-60.848,18.808,36.634,32.805,0.0,81.733,-54.877,-211.18
Japonês (Licenciatura),CN,2,-64.984,-64.984,7.78,-70.486,-59.483,-64.984,-64.984,7.78,-70.486,-59.483,0.0,0.0,0.0,0.0,-11.973,-11.973
Japonês (Licenciatura),EP_R2_NPPI,3,-11.974,-18.525,12.356,-19.674,2.278,-11.974,-18.525,12.356,-19.674,2.278,0.0,0.0,0.0,0.0,-103.19,-103.19
Japonês (Licenciatura),EP_R2_PPI_PCD,1,5.9,5.9,,5.9,5.9,5.9,5.9,,5.9,5.9,0.0,,0.0,0.0,,
Jornalismo (Bacharelado),AC,6,83.043,83.131,8.5,69.365,95.519,106.989,107.228,18.978,78.377,130.233,24.338,11.004,9.012,34.714,10.236,17.738
Jornalismo (Bacharelado),CN,6,37.246,41.333,29.073,-3.462,76.01,39.29,41.333,27.563,-3.462,76.01,2.044,5.007,0.0,12.264,78.056,70.153
Jornalismo (Bacharelado),EP_R1_NPPI,5,6.224,1.728,21.053,-11.956,40.539,6.283,1.728,21.0,-11.956,40.539,0.059,0.132,0.0,0.296,338.254,334.221
Jornalismo (Bacharelado),EP_R1_NPPIQ,1,-37.174,-37.174,,-37.174,-37.174,-31.769,-31.769,,-31.769,-31.769,5.405,,5.405,5.405,,
Jornalismo (Bacharelado),EP_R1_PPI,4,-14.316,-15.396,31.227,-45.399,18.926,-2.483,-3.797,19.729,-22.287,19.95,11.834,11.658,1.024,23.112,-218.119,-794.654
Jornalismo (Bacharelado),EP_R2_NPPI,5,36.54,21.437,29.315,7.89,69.465,40.305,26.716,25.702,16.995,69.465,3.765,8.419,0.0,18.826,80.228,63.768
Jornalismo (Bacharelado),EP_R2_NPPIQ,1,41.607,41.607,,41.607,41.607,41.607,41.607,,41.607,41.607,0.0,,0.0,0.0,,
Jornalismo (Bacharelado),EP_R2_PPI,5,-8.816,-5.212,28.565,-53.574,23.778,21.245,13.931,21.437,-0.525,44.224,30.061,15.787,17.907,53.049,-323.996,100.903
Jornalismo (Bacharelado),EP_R2_PPIQ,1,-49.264,-49.264,,-49.264,-49.264,20.148,20.148,,20.148,20.148,69.412,,69.412,69.412,,
Letras - Espanhol (Licenciatura),AC,5,-70.106,-71.142,20.511,-98.76,-46.586,-18.7,-13.667,27.8,-60.693,13.701,51.406,36.144,18.336,112.461,-29.257,-148.661
Letras - Espanhol (Licenciatura),EP_R1_NPPI,1,-27.424,-27.424,,-27.424,-27.424,-27.424,-27.424,,-27.424,-27.424,0.0,,0.0,0.0,,
Letras - Espanhol (Licenciatura),EP_R1_PPI,2,-49.589,-49.589,7.476,-54.875,-44.303,-40.352,-40.352,5.588,-44.303,-36.401,9.237,13.063,0.0,18.474,-15.075,-13.847
Letras - Espanhol (Licenciatura),EP_R2_NPPI,2,-44.218,-44.218,4.207,-47.192,-41.243,-8.226,-8.226,41.874,-37.835,21.384,35.992,46.081,3.408,68.576,-9.513,-509.077
Letras - Espanhol (Licenciatura),EP_R2_PPI,3,-32.78,-38.583,16.184,-45.262,-14.494,-32.78,-38.583,16.184,-45.262,-14.494,0.0,0.0,0.0,0.0,-49.373,-49.373
Letras - Francês (Bacharelado/Licenciatura),AC,4,-62.638,-59.351,18.113,-87.339,-44.511,0.875,0.59,22.537,-26.043,28.361,63.512,6.349,58.739,72.872,-28.917,2577.08
Letras - Francês (Bacharelado/Licenciatura),CN,1,-84.371,-84.371,,-84.371,-84.371,-84.371,-84.371,,-84.371,-84.371,0.0,,0.0,0.0,,
Letras - Francês (Bacharelado/Licenciatura),EP_R1_NPPI,2,-25.668,-25.668,32.561,-48.692,-2.644,-1.22,-1.22,2.015,-2.644,0.205,24.448,34.575,0.0,48.897,-126.854,-165.195
Letras - Francês (Bacharelado/Licenciatura),EP_R2_NPPI,3,-32.545,-33.805,11.785,-43.649,-20.18,-32.545,-33.805,11.785,-43.649,-20.18,0.0,0.0,0.0,0.0,-36.212,-36.212
Letras - Francês (Bacharelado/Licenciatura),EP_R2_PPI,3,-49.995,-48.718,29.695,-80.307,-20.959,-16.699,-20.312,6.753,-20.877,-8.908,33.296,30.483,0.082,59.995,-59.396,-40.44
Letras - Inglês (Bacharelado/Licenciatura),AC,6,12.801,18.868,20.965,-15.468,32.546,48.583,55.574,30.58,4.023,83.036,35.782,18.159,18.099,67.73,163.77,62.945
Letras - Inglês (Bacharelado/Licenciatura),CN,4,-17.16,-21.325,32.977,-52.719,26.727,-14.134,-21.325,28.933,-40.613,26.727,3.027,6.053,0.0,12.106,-192.166,-204.705
Letras - Inglês (Bacharelado/Licenciatura),EP_R1_NPPI,5,-13.272,-12.715,9.217,-26.435,-3.967,-4.587,-5.532,19.123,-26.435,25.713,8.685,19.42,0.0,43.425,-69.443,-416.879
Letras - Inglês (Bacharelado/Licenciatura),EP_R1_PPI,4,-21.213,-24.622,20.741,-42.015,6.406,-12.003,-7.452,21.185,-39.516,6.406,9.21,16.152,0.0,33.388,-97.773,-176.496
Letras - Inglês (Bacharelado/Licenciatura),EP_R2_NPPI,5,6.931,14.039,28.962,-40.908,30.669,14.494,21.415,20.287,-19.451,30.669,7.563,8.796,0.0,21.457,417.85,139.966
Letras - Inglês (Bacharelado/Licenciatura),EP_R2_NPPIQ,1,-14.226,-14.226,,-14.226,-14.226,12.035,12.035,,12.035,12.035,26.261,,26.261,26.261,,
Letras - Inglês (Bacharelado/Licenciatura),EP_R2_PPI,4,-33.727,-31.02,43.243,-77.785,4.915,-6.546,3.966,52.304,-77.785,43.669,27.181,23.874,0.0,53.897,-128.213,-799.026
Letras - Inglês (Bacharelado/Licenciatura),EP_R2_PPIQ,1,-34.486,-34.486,,-34.486,-34.486,-34.486,-34.486,,-34.486,-34.486,0.0,,0.0,0.0,,
Letras - Português (Bacharelado/Licenciatura),AC,6,20.908,37.335,35.578,-25.6,52.636,55.983,57.954,32.87,-4.114,88.696,35.075,26.458,11.599,84.803,170.163,58.714
Letras - Português (Bacharelado/Licenciatura),CN,6,-4.554,7.141,40.096,-60.705,35.734,-0.329,7.141,35.872,-60.705,35.734,4.225,10.35,0.0,25.351,-880.397,-10897.712
Letras - Português (Bacharelado/Licenciatura),EP_R1_NPPI,5,-2.272,-16.142,26.686,-26.314,39.574,7.057,8.396,28.702,-26.314,39.574,9.329,20.861,0.0,46.646,-1174.352,406.735
Letras - Português (Bacharelado/Licenciatura),EP_R1_NPPIQ,1,-21.143,-21.143,,-21.143,-21.143,-21.143,-21.143,,-21.143,-21.143,0.0,,0.0,0.0,,
Letras - Português (Bacharelado/Licenciatura),EP_R1_PPI,4,-18.73,-15.848,15.684,-39.486,-3.737,-1.776,-1.0,23.698,-31.425,26.323,16.954,16.192,0.0,36.436,-83.741,-1334.73
Letras - Português (Bacharelado/Licenciatura),EP_R2_NPPI,5,-4.197,17.882,35.149,-53.691,23.426,24.996,23.426,35.994,-27.208,73.365,29.193,42.57,0.0,102.582,-837.391,144.0
Letras - Português (Bacharelado/Licenciatura),EP_R2_NPPIQ,1,-39.521,-39.521,,-39.521,-39.521,-1.814,-1.814,,-1.814,-1.814,37.707,,37.707,37.707,,
Letras - Português (Bacharelado/Licenciatura),EP_R2_PPI,4,-46.132,-47.698,32.302,-75.985,-13.148,0.739,14.112,35.155,-51.065,25.795,46.871,29.414,24.92,90.134,-70.021,4760.281
Letras - Português (Bacharelado/Licenciatura),EP_R2_PPIQ,1,-30.58,-30.58,,-30.58,-30.58,-30.58,-30.58,,-30.58,-30.58,0.0,,0.0,0.0,,
Letras - Português (Licenciatura),AC,5,-61.616,-56.955,13.46,-79.901,-46.157,33.304,23.041,40.175,-9.045,78.089,94.92,53.088,37.112,152.623,-21.845,120.631
Letras - Português (Licenciatura),CN,1,-31.96,-31.96,,-31.96,-31.96,-31.96,-31.96,,-31.96,-31.96,0.0,,0.0,0.0,,
Letras - Português (Licenciatura),EP_R1_NPPI,3,-31.437,-45.745,33.239,-55.127,6.56,-10.9,6.56,37.589,-54.044,14.783,20.537,34.637,0.0,60.528,-105.732,-344.843
Letras - Português (Licenciatura),EP_R1_PPI,1,-39.823,-39.823,,-39.823,-39.823,-20.991,-20.991,,-20.991,-20.991,18.832,,18.832,18.832,,
Letras - Português (Licenciatura),EP_R2_NPPI,4,-21.35,-15.122,21.273,-51.267,-3.889,-8.865,-1.117,30.127,-51.267,18.043,12.485,13.804,0.0,26.691,-99.641,-339.848
Letras - Português (Licenciatura),EP_R2_PPI,3,-17.007,-13.592,5.967,-23.897,-13.532,-17.007,-13.592,5.967,-23.897,-13.532,0.0,0.0,0.0,0.0,-35.085,-35.085
Letras – Português do Brasil como Segunda Língua (Licenciatura),AC,5,-46.602,-49.96,26.288,-75.904,-10.942,35.524,45.035,24.313,-4.147,58.052,82.125,20.394,55.977,108.012,-56.41,68.44
Letras – Português do Brasil como Segunda Língua (Licenciatura),CN,2,-36.482,-36.482,13.124,-45.762,-27.202,-36.482,-36.482,13.124,-45.762,-27.202,0.0,0.0,0.0,0.0,-35.974,-35.974
Letras – Português do Brasil como Segunda Língua (Licenciatura),EP_R1_NPPI,3,-31.655,-35.816,12.511,-41.555,-17.594,-28.283,-25.7,12.188,-41.555,-17.594,3.372,5.84,0.0,10.116,-39.522,-43.091
Letras – Português do Brasil como Segunda Língua (Licenciatura),EP_R1_PPI,3,-46.7,-48.36,9.994,-55.76,-35.98,-46.7,-48.36,9.994,-55.76,-35.98,0.0,0.0,0.0,0.0,-21.4,-21.4
Letras – Português do Brasil como Segunda Língua (Licenciatura),EP_R2_NPPI,3,-25.489,-24.411,21.357,-47.365,-4.691,-10.896,-4.691,11.717,-24.411,-3.586,14.593,25.276,0.0,43.779,-83.791,-107.538
Letras – Português do Brasil como Segunda Língua (Licenciatura),EP_R2_PPI,3,-46.859,-60.95,45.38,-83.522,3.895,-28.279,-38.117,28.556,-50.615,3.895,18.58,16.861,0.0,32.907,-96.844,-100.978
Letras – Tradução – Espanhol (Bacharelado),AC,5,-58.181,-56.295,15.349,-80.944,-37.809,-41.871,-52.043,17.941,-56.295,-20.326,16.309,16.182,0.0,35.163,-26.381,-42.848
Letras – Tradução – Espanhol (Bacharelado),EP_R1_PPI,1,-45.083,-45.083,,-45.083,-45.083,-45.083,-45.083,,-45.083,-45.083,0.0,,0.0,0.0,,
Letras – Tradução – Espanhol (Bacharelado),EP_R2_NPPI,3,-57.502,-49.61,14.377,-74.097,-48.799,-33.282,-25.873,14.161,-49.61,-24.363,24.22,24.892,0.0,49.734,-25.003,-42.547
Letras – Tradução – Espanhol (Bacharelado),EP_R2_PPI,1,-26.219,-26.219,,-26.219,-26.219,-26.219,-26.219,,-26.219,-26.219,0.0,,0.0,0.0,,
Letras – Tradução – Francês (Bacharelado),AC,5,-43.467,-28.614,26.069,-75.823,-18.595,9.084,8.992,64.11,-67.216,108.22,52.551,58.119,0.0,135.308,-59.975,705.726
Letras – Tradução – Francês (Bacharelado),EP_R2_PPI,1,-28.725,-28.725,,-28.725,-28.725,-28.725,-28.725,,-28.725,-28.725,0.0,,0.0,0.0,,
Letras – Tradução – Inglês (Bacharelado),AC,6,-31.932,-35.282,41.267,-75.983,14.876,44.879,35.754,46.993,-20.242,119.299,76.81,36.093,32.186,112.132,-129.237,104.711
Letras – Tradução – Inglês (Bacharelado),CN,4,-24.042,-26.775,31.379,-51.286,8.667,-14.706,-8.103,25.967,-51.286,8.667,9.336,18.672,0.0,37.345,-130.514,-176.575
Letras – Tradução – Inglês (Bacharelado),EP_R1_NPPI,1,21.242,21.242,,21.242,21.242,21.242,21.242,,21.242,21.242,0.0,,0.0,0.0,,
Letras – Tradução – Inglês (Bacharelado),EP_R1_PPI,3,-58.404,-61.692,7.224,-63.398,-50.121,-25.993,-35.869,21.973,-41.295,-0.815,32.411,14.75,22.103,49.306,-12.368,-84.534
Letras – Tradução – Inglês (Bacharelado),EP_R2_NPPI,4,-20.493,-9.024,32.752,-66.721,2.798,10.482,8.608,27.213,-20.341,45.052,30.974,38.924,0.0,81.223,-159.823,259.63
Letras – Tradução – Inglês (Bacharelado),EP_R2_NPPIQ,1,-59.741,-59.741,,-59.741,-59.741,-59.741,-59.741,,-59.741,-59.741,0.0,,0.0,0.0,,
Letras – Tradução – Inglês (Bacharelado),EP_R2_NPPIQ_PCD,1,-20.506,-20.506,,-20.506,-20.506,-20.506,-20.506,,-20.506,-20.506,0.0,,0.0,0.0,,
Letras – Tradução – Inglês (Bacharelado),EP_R2_PPI,2,-48.482,-48.482,19.233,-62.082,-34.883,-11.216,-11.216,17.722,-23.747,1.315,37.266,36.954,11.136,63.397,-39.669,-158.002
Línguas Estrangeiras Aplicadas (Bacharelado),AC,5,-50.294,-54.738,10.784,-60.26,-32.749,41.458,50.274,24.072,-0.938,59.227,91.752,21.499,59.322,113.965,-21.442,58.063
Línguas Estrangeiras Aplicadas (Bacharelado),CN,2,5.058,5.058,55.9,-34.469,44.585,5.058,5.058,55.9,-34.469,44.585,0.0,0.0,0.0,0.0,1105.172,1105.172
Línguas Estrangeiras Aplicadas (Bacharelado),EP_R1_NPPI,2,22.446,22.446,35.657,-2.767,47.66,22.446,22.446,35.657,-2.767,47.66,0.0,0.0,0.0,0.0,158.854,158.854
Línguas Estrangeiras Aplicadas (Bacharelado),EP_R1_PPI,2,-35.805,-35.805,14.412,-45.996,-25.614,-29.265,-29.265,5.163,-32.916,-25.614,6.54,9.249,0.0,13.08,-40.252,-17.643
Línguas Estrangeiras Aplicadas (Bacharelado),EP_R2_NPPI,3,-21.723,-13.842,24.024,-48.698,-2.629,1.598,-0.945,13.859,-10.814,16.552,23.321,12.998,12.897,37.884,-110.594,867.456
Línguas Estrangeiras Aplicadas (Bacharelado),EP_R2_NPPIQ,1,-67.757,-67.757,,-67.757,-67.757,-67.757,-67.757,,-67.757,-67.757,0.0,,0.0,0.0,,
Línguas Estrangeiras Aplicadas (Bacharelado),EP_R2_PPI,3,-23.664,-15.779,49.496,-76.629,21.416,3.847,5.904,18.683,-15.779,21.416,27.511,47.65,0.0,82.533,-209.161,485.641
Matemática (Bacharelado/Licenciatura),AC,6,-18.201,-11.806,44.151,-74.606,31.531,75.965,83.078,30.549,17.561,105.88,94.166,37.928,55.261,153.97,-242.572,40.215
Matemática (Bacharelado/Licenciatura),CN,4,-23.457,-14.116,41.039,-78.171,12.575,-23.457,-14.116,41.039,-78.171,12.575,0.0,0.0,0.0,0.0,-174.957,-174.957
Matemática (Bacharelado/Licenciatura),EP_R1_NPPI,4,-54.285,-49.992,31.737,-96.948,-20.208,-18.22,3.99,52.899,-96.948,16.087,36.065,28.365,0.0,64.748,-58.464,-290.333
Matemática (Bacharelado/Licenciatura),EP_R1_PPI,4,-17.43,-3.534,31.606,-64.581,1.929,6.449,7.617,22.913,-22.149,32.712,23.879,18.546,0.0,42.432,-181.336,355.283
Matemática (Bacharelado/Licenciatura),EP_R2_NPPI,5,-4.448,14.603,40.872,-53.025,40.087,5.332,14.603,34.914,-53.025,40.087,9.781,21.871,0.0,48.904,-918.793,654.743
Matemática (Bacharelado/Licenciatura),EP_R2_NPPIQ,1,-20.656,-20.656,,-20.656,-20.656,-20.656,-20.656,,-20.656,-20.656,0.0,,0.0,0.0,,
Matemática (Bacharelado/Licenciatura),EP_R2_PPI,4,-54.692,-53.448,3.71,-60.003,-51.87,20.808,26.35,16.142,-2.143,32.678,75.5,17.414,52.309,92.681,-6.783,77.572
Matemática (Bacharelado/Licenciatura),EP_R2_PPIQ,1,-29.962,-29.962,,-29.962,-29.962,-29.962,-29.962,,-29.962,-29.962,0.0,,0.0,0.0,,
Matemática (Licenciatura),AC,5,-53.891,-50.656,11.286,-73.474,-44.481,12.343,22.858,33.933,-44.481,42.289,66.234,39.819,0.0,96.332,-20.943,274.916
Matemática (Licenciatura),CN,3,-6.23,2.629,54.268,-64.383,43.063,-6.23,2.629,54.268,-64.383,43.063,0.0,0.0,0.0,0.0,-871.03,-871.03
Matemática (Licenciatura),EP_R1_PPI,2,-7.541,-7.541,43.334,-38.182,23.101,1.213,1.213,30.954,-20.674,23.101,8.754,12.38,0.0,17.508,-574.678,2550.77
Matemática (Licenciatura),EP_R2_NPPI,1,-54.593,-54.593,,-54.593,-54.593,1.689,1.689,,1.689,1.689,56.282,,56.282,56.282,,
Matemática (Licenciatura),EP_R2_PPI,2,-22.49,-22.49,15.578,-33.505,-11.475,3.601,3.601,27.622,-15.931,23.132,26.091,12.044,17.574,34.607,-69.264,767.163
Medicina (Bacharelado),AC,5,171.083,166.75,9.122,162.424,183.5,194.988,190.742,15.808,173.057,211.738,23.905,8.396,10.633,33.857,5.332,8.107
Medicina (Bacharelado),CN,5,138.106,146.826,30.702,94.772,171.622,138.25,146.826,30.815,94.772,171.622,0.144,0.322,0.0,0.719,22.231,22.29
Medicina (Bacharelado),EP_R1_NPPI,4,92.819,93.682,3.373,88.009,95.903,117.56,113.405,20.022,98.249,145.179,24.741,18.434,4.617,49.276,3.634,17.032
Medicina (Bacharelado),EP_R1_NPPIQ,1,98.649,98.649,,98.649,98.649,98.649,98.649,,98.649,98.649,0.0,,0.0,0.0,,
Medicina (Bacharelado),EP_R1_NPPIQ_PCD,1,46.775,46.775,,46.775,46.775,46.775,46.775,,46.775,46.775,0.0,,0.0,0.0,,
Medicina (Bacharelado),EP_R1_PPI,5,55.444,55.923,19.825,28.975,78.064,91.744,86.39,28.898,61.257,138.392,36.3,28.705,5.334,65.964,35.757,31.499
Medicina (Bacharelado),EP_R1_PPIQ,1,81.446,81.446,,81.446,81.446,96.795,96.795,,96.795,96.795,15.349,,15.349,15.349,,
Medicina (Bacharelado),EP_R1_PPI_PCD,2,-23.356,-23.356,23.573,-40.024,-6.687,-23.356,-23.356,23.573,-40.024,-6.687,0.0,0.0,0.0,0.0,-100.93,-100.93
Medicina (Bacharelado),EP_R2_NPPI,4,155.278,153.821,15.426,137.999,175.472,173.581,174.316,14.545,155.1,190.592,18.303,24.841,0.0,52.593,9.934,8.379
Medicina (Bacharelado),EP_R2_NPPIQ,1,162.281,162.281,,162.281,162.281,162.281,162.281,,162.281,162.281,0.0,,0.0,0.0,,
Medicina (Bacharelado),EP_R2_NPPIQ_PCD,1,103.215,103.215,,103.215,103.215,103.215,103.215,,103.215,103.215,0.0,,0.0,0.0,,
Medicina (Bacharelado),EP_R2_NPPI_PCD,1,107.509,107.509,,107.509,107.509,107.509,107.509,,107.509,107.509,0.0,,0.0,0.0,,
Medicina (Bacharelado),EP_R2_PPI,4,97.292,101.48,12.768,78.632,107.578,117.738,119.248,15.684,98.015,134.438,20.445,6.395,12.02,26.86,13.123,13.321
Medicina (Bacharelado),EP_R2_PPIQ,1,115.802,115.802,,115.802,115.802,119.954,119.954,,119.954,119.954,4.152,,4.152,4.152,,
Medicina (Bacharelado),EP_R2_PPIQ_PCD,1,-27.585,-27.585,,-27.585,-27.585,-2.377,-2.377,,-2.377,-2.377,25.208,,25.208,25.208,,
Medicina Veterinária (Bacharelado),AC,6,69.067,67.584,16.9,50.187,93.664,108.721,118.151,28.595,63.333,134.95,42.4,24.462,10.751,67.964,24.469,26.301
Medicina Veterinária (Bacharelado),CN,6,50.499,51.712,22.369,10.471,73.643,56.959,62.064,26.557,10.471,86.323,6.459,15.822,0.0,38.757,44.297,46.625
Medicina Veterinária (Bacharelado),EP_R1_NPPI,5,-2.415,7.066,33.037,-58.651,22.149,34.109,34.654,17.039,16.671,56.233,36.524,23.393,19.479,76.843,-1367.78,49.956
Medicina Veterinária (Bacharelado),EP_R1_NPPIQ,1,-18.653,-18.653,,-18.653,-18.653,20.35,20.35,,20.35,20.35,39.003,,39.003,39.003,,
Medicina Veterinária (Bacharelado),EP_R1_PPI,4,-21.187,-26.928,22.31,-40.671,9.779,32.421,31.68,9.185,22.881,43.442,53.608,27.884,13.102,76.796,-105.298,28.33
Medicina Veterinária (Bacharelado),EP_R1_PPIQ,1,-40.556,-40.556,,-40.556,-40.556,10.004,10.004,,10.004,10.004,50.56,,50.56,50.56,,
Medicina Veterinária (Bacharelado),EP_R2_NPPI,5,43.878,49.328,15.358,20.855,60.933,58.41,58.293,11.373,41.765,70.061,14.533,19.507,3.258,49.206,35.001,19.471
Medicina Veterinária (Bacharelado),EP_R2_NPPIQ,1,53.433,53.433,,53.433,53.433,53.433,53.433,,53.433,53.433,0.0,,0.0,0.0,,
Medicina Veterinária (Bacharelado),EP_R2_NPPIQ_PCD,1,-34.547,-34.547,,-34.547,-34.547,-34.547,-34.547,,-34.547,-34.547,0.0,,0.0,0.0,,
Medicina Veterinária (Bacharelado),EP_R2_PPI,5,11.061,16.694,46.321,-62.784,60.745,37.7,48.048,42.454,-29.375,78.776,26.639,22.469,4.699,62.082,418.786,112.609
Medicina Veterinária (Bacharelado),EP_R2_PPIQ,1,11.522,11.522,,11.522,11.522,23.973,23.973,,23.973,23.973,12.451,,12.451,12.451,,
Museologia (Bacharelado),AC,5,-63.708,-63.96,12.45,-79.405,-45.669,26.598,21.708,13.189,11.393,42.048,90.306,13.323,71.35,106.008,-19.543,49.584
Museologia (Bacharelado),CN,3,-55.471,-59.2,15.055,-68.311,-38.902,-55.471,-59.2,15.055,-68.311,-38.902,0.0,0.0,0.0,0.0,-27.14,-27.14
Museologia (Bacharelado),EP_R1_NPPI,1,-54.777,-54.777,,-54.777,-54.777,-54.777,-54.777,,-54.777,-54.777,0.0,,0.0,0.0,,
Museologia (Bacharelado),EP_R2_NPPI,2,-84.606,-84.606,2.029,-86.04,-83.171,-34.853,-34.853,40.898,-63.772,-5.934,49.753,38.869,22.268,77.237,-2.398,-117.343
Museologia (Bacharelado),EP_R2_PPI,2,-63.64,-63.64,16.734,-75.472,-51.807,-61.942,-61.942,19.134,-75.472,-48.412,1.698,2.401,0.0,3.395,-26.294,-30.891
Música (Bacharelado),AC,4,-12.09,-12.901,17.38,-29.764,7.205,29.386,40.828,41.374,-29.764,65.653,41.477,33.662,0.0,69.676,-143.747,140.792
Música (Licenciatura),AC,5,-48.315,-52.883,20.732,-66.315,-15.971,24.625,25.412,77.065,-66.315,132.273,72.939,58.741,0.0,148.244,-42.91,312.956
Música (Licenciatura),EP_R1_NPPI,2,-28.307,-28.307,58.878,-69.94,13.326,-28.307,-28.307,58.878,-69.94,13.326,0.0,0.0,0.0,0.0,-207.998,-207.998
Música (Licenciatura),EP_R2_NPPI,3,15.579,17.12,15.593,-0.727,30.345,19.463,17.12,21.457,-0.727,41.995,3.883,6.726,0.0,11.65,100.089,110.248
Música (Licenciatura),EP_R2_PPI,1,-64.024,-64.024,,-64.024,-64.024,-64.024,-64.024,,-64.024,-64.024,0.0,,0.0,0.0,,
Nutrição (Bacharelado),AC,6,54.602,61.696,17.117,26.002,70.097,95.65,96.637,23.692,56.753,130.595,41.048,31.947,14.764,104.593,31.349,24.77
Nutrição (Bacharelado),CN,6,19.344,19.95,21.743,-9.709,50.784,23.221,27.152,20.347,-9.709,50.784,3.877,9.496,0.0,23.261,112.401,87.624
Nutrição (Bacharelado),EP_R1_NPPI,5,5.039,4.712,13.947,-16.923,18.954,6.064,4.712,11.98,-11.802,18.954,1.024,2.29,0.0,5.121,276.751,197.57
Nutrição (Bacharelado),EP_R1_NPPIQ,1,-26.223,-26.223,,-26.223,-26.223,13.911,13.911,,13.911,13.911,40.134,,40.134,40.134,,
Nutrição (Bacharelado),EP_R1_PPI,4,-42.421,-39.234,18.015,-65.619,-25.597,6.548,2.248,10.977,-1.114,22.813,48.97,21.397,28.64,70.173,-42.466,167.632
Nutrição (Bacharelado),EP_R1_PPIQ,1,-31.894,-31.894,,-31.894,-31.894,-31.894,-31.894,,-31.894,-31.894,0.0,,0.0,0.0,,
Nutrição (Bacharelado),EP_R2_NPPI,5,39.687,41.689,28.441,3.412,79.99,48.728,48.358,20.634,24.985,79.99,9.041,14.577,0.0,33.487,71.663,42.345
Nutrição (Bacharelado),EP_R2_NPPIQ,1,31.534,31.534,,31.534,31.534,31.534,31.534,,31.534,31.534,0.0,,0.0,0.0,,
Nutrição (Bacharelado),EP_R2_PPI,5,-24.803,-13.868,25.869,-67.72,-5.548,16.322,42.128,48.873,-67.72,47.747,41.125,28.945,0.0,77.666,-104.298,299.423
Nutrição (Bacharelado),EP_R2_PPIQ,1,-7.668,-7.668,,-7.668,-7.668,10.936,10.936,,10.936,10.936,18.604,,18.604,18.604,,
Odontologia (Bacharelado),AC,6,78.348,86.122,19.435,49.534,97.52,113.736,127.254,26.794,71.127,136.8,36.075,30.556,11.775,87.266,24.806,23.558
Odontologia (Bacharelado),CN,6,45.687,44.746,27.323,9.216,78.514,49.053,44.746,32.86,9.216,98.713,3.366,8.246,0.0,20.199,59.806,66.989
Odontologia (Bacharelado),EP_R1_NPPI,5,34.842,21.849,24.738,11.177,69.514,42.049,51.88,25.251,11.177,69.514,7.208,16.117,0.0,36.039,71.002,60.051
Odontologia (Bacharelado),EP_R1_NPPIQ,1,-36.853,-36.853,,-36.853,-36.853,-34.533,-34.533,,-34.533,-34.533,2.32,,2.32,2.32,,
Odontologia (Bacharelado),EP_R1_PPI,4,-21.226,-25.576,33.741,-50.524,16.771,42.161,46.314,14.514,21.783,54.234,63.387,23.181,37.463,90.808,-158.961,34.426
Odontologia (Bacharelado),EP_R1_PPIQ,1,-62.296,-62.296,,-62.296,-62.296,-47.773,-47.773,,-47.773,-47.773,14.523,,14.523,14.523,,
Odontologia (Bacharelado),EP_R2_NPPI,5,64.764,66.216,33.747,30.482,113.007,70.53,66.216,28.355,36.069,113.007,5.766,12.561,0.0,28.232,52.108,40.202
Odontologia (Bacharelado),EP_R2_NPPIQ,1,84.068,84.068,,84.068,84.068,84.068,84.068,,84.068,84.068,0.0,,0.0,0.0,,
Odontologia (Bacharelado),EP_R2_PPI,5,9.814,29.357,43.551,-50.627,50.089,49.937,66.986,45.146,0.839,97.122,40.123,14.528,21.773,55.937,443.762,90.406
Odontologia (Bacharelado),EP_R2_PPIQ,1,-28.308,-28.308,,-28.308,-28.308,0.733,0.733,,0.733,0.733,29.041,,29.041,29.041,,
Pedagogia (Licenciatura),AC,11,-46.147,-58.685,32.852,-98.292,-4.674,19.063,9.451,32.511,-22.179,65.014,65.21,19.953,16.589,92.024,-71.191,170.547
Pedagogia (Licenciatura),CN,10,-26.657,-25.152,29.69,-89.114,17.691,-8.265,-9.372,22.007,-52.111,17.691,18.392,32.731,0.0,96.577,-111.379,-266.263
Pedagogia (Licenciatura),EP_R1_NPPI,7,-47.979,-55.369,25.995,-78.056,-2.29,-13.223,-8.815,34.236,-55.588,26.289,34.756,26.247,10.389,81.231,-54.18,-258.918
Pedagogia (Licenciatura),EP_R1_NPPIQ,1,-58.937,-58.937,,-58.937,-58.937,-19.995,-19.995,,-19.995,-19.995,38.942,,38.942,38.942,,
Pedagogia (Licenciatura),EP_R1_PPI,7,-68.665,-69.472,22.579,-96.102,-36.471,-7.934,-11.148,21.884,-41.609,26.623,60.731,23.856,11.669,83.944,-32.883,-275.842
Pedagogia (Licenciatura),EP_R2_NPPI,9,-45.948,-62.118,27.092,-76.273,-8.669,-13.311,-13.596,24.584,-54.697,22.02,32.638,20.603,0.086,74.598,-58.963,-184.689
Pedagogia (Licenciatura),EP_R2_NPPIQ,2,-56.202,-56.202,24.231,-73.336,-39.068,-25.603,-25.603,28.989,-46.101,-5.105,30.599,4.757,27.235,33.963,-43.114,-113.223
Pedagogia (Licenciatura),EP_R2_PPI,8,-52.156,-47.699,33.269,-92.894,-14.474,-7.9,-11.673,14.799,-28.92,17.832,44.256,41.962,0.0,110.726,-63.787,-187.332
Pedagogia (Licenciatura),EP_R2_PPIQ,1,-62.243,-62.243,,-62.243,-62.243,-20.304,-20.304,,-20.304,-20.304,41.939,,41.939,41.939,,
Psicologia (Bacharelado / Licenciatura / Psicólogo),AC,5,91.697,92.692,10.79,80.474,105.646,129.337,139.15,23.534,93.909,149.897,37.64,16.161,12.356,57.205,11.767,18.196
Psicologia (Bacharelado / Licenciatura / Psicólogo),CN,6,53.849,58.547,21.469,19.287,83.135,59.749,60.934,22.386,19.287,83.135,5.9,14.453,0.0,35.403,39.869,37.466
Psicologia (Bacharelado / Licenciatura / Psicólogo),EP_R1_NPPI,5,23.827,26.153,22.052,-0.561,47.859,40.429,40.23,21.797,8.523,69.85,16.602,15.127,1.944,39.754,92.55,53.916
Psicologia (Bacharelado / Licenciatura / Psicólogo),EP_R1_NPPIQ,1,0.742,0.742,,0.742,0.742,19.87,19.87,,19.87,19.87,19.128,,19.128,19.128,,
Psicologia (Bacharelado / Licenciatura / Psicólogo),EP_R1_NPPI_PCD,1,-11.536,-11.536,,-11.536,-11.536,-11.536,-11.536,,-11.536,-11.536,0.0,,0.0,0.0,,
Psicologia (Bacharelado / Licenciatura / Psicólogo),EP_R1_PPI,5,-4.667,7.379,38.072,-60.075,32.086,28.65,38.511,36.898,-34.654,61.601,33.317,19.739,10.899,64.469,-815.83,128.787
Psicologia (Bacharelado / Licenciatura / Psicólogo),EP_R1_PPIQ,1,-37.309,-37.309,,-37.309,-37.309,2.578,2.578,,2.578,2.578,39.887,,39.887,39.887,,
Psicologia (Bacharelado / Licenciatura / Psicólogo),EP_R2_NPPI,4,78.771,71.62,24.159,59.772,112.073,89.395,80.911,18.439,78.747,117.01,10.624,9.631,0.0,18.975,30.67,20.626
Psicologia (Bacharelado / Licenciatura / Psicólogo),EP_R2_NPPIQ,1,75.146,75.146,,75.146,75.146,75.146,75.146,,75.146,75.146,0.0,,0.0,0.0,,
Psicologia (Bacharelado / Licenciatura / Psicólogo),EP_R2_NPPIQ_PCD,1,-2.927,-2.927,,-2.927,-2.927,-2.927,-2.927,,-2.927,-2.927,0.0,,0.0,0.0,,
Psicologia (Bacharelado / Licenciatura / Psicólogo),EP_R2_NPPI_PCD,1,2.412,2.412,,2.412,2.412,2.412,2.412,,2.412,2.412,0.0,,0.0,0.0,,
Psicologia (Bacharelado / Licenciatura / Psicólogo),EP_R2_PPI,5,18.975,20.6,18.028,-3.291,43.34,52.422,66.078,29.45,10.344,84.313,33.448,26.542,13.635,77.227,95.012,56.179
Psicologia (Bacharelado / Licenciatura / Psicólogo),EP_R2_PPIQ,1,29.315,29.315,,29.315,29.315,44.612,44.612,,44.612,44.612,15.297,,15.297,15.297,,
Química (Bacharelado),AC,6,7.118,11.132,35.264,-58.334,40.202,85.144,98.242,37.355,32.131,126.092,78.026,28.106,27.825,105.71,495.446,43.873
Química (Bacharelado),CN,5,-7.646,-9.802,10.898,-22.823,6.547,-7.646,-9.802,10.898,-22.823,6.547,0.0,0.0,0.0,0.0,-142.521,-142.521
Química (Bacharelado),EP_R1_NPPI,3,-20.039,-31.14,44.377,-57.812,28.834,20.055,20.502,9.011,10.829,28.834,40.094,39.191,0.0,78.314,-221.449,44.931
Química (Bacharelado),EP_R1_PPI,1,22.563,22.563,,22.563,22.563,26.649,26.649,,26.649,26.649,4.086,,4.086,4.086,,
Química (Bacharelado),EP_R2_NPPI,5,-42.078,-37.593,20.949,-76.374,-23.583,8.913,22.033,53.777,-76.374,57.929,50.991,42.511,0.0,95.522,-49.785,603.371
Química (Bacharelado),EP_R2_NPPIQ,1,-54.782,-54.782,,-54.782,-54.782,11.654,11.654,,11.654,11.654,66.436,,66.436,66.436,,
Química (Bacharelado),EP_R2_PPI,3,-12.026,-22.661,38.094,-43.672,30.256,2.692,21.491,40.391,-43.672,30.256,14.717,25.491,0.0,44.152,-316.774,1500.579
Química (Bacharelado),EP_R2_PPIQ,1,-12.868,-12.868,,-12.868,-12.868,-12.868,-12.868,,-12.868,-12.868,0.0,,0.0,0.0,,
Química (Licenciatura),AC,5,-25.015,-21.346,20.417,-54.702,0.306,7.389,1.634,34.154,-32.77,44.043,32.404,40.781,0.0,98.745,-81.62,462.258
Química (Licenciatura),CN,1,-44.645,-44.645,,-44.645,-44.645,-44.645,-44.645,,-44.645,-44.645,0.0,,0.0,0.0,,
Química (Licenciatura),EP_R1_NPPI,2,-8.741,-8.741,31.3,-30.874,13.391,-8.741,-8.741,31.3,-30.874,13.391,0.0,0.0,0.0,0.0,-358.063,-358.063
Química (Licenciatura),EP_R1_PPI,1,-59.081,-59.081,,-59.081,-59.081,-1.061,-1.061,,-1.061,-1.061,58.02,,58.02,58.02,,
Química (Licenciatura),EP_R2_NPPI,4,-28.742,-26.524,34.912,-73.401,11.482,-14.315,-19.04,18.238,-30.664,11.482,14.426,28.758,0.0,57.563,-121.467,-127.405
Química (Licenciatura),EP_R2_PPI,2,-30.022,-30.022,8.152,-35.787,-24.258,-6.079,-6.079,25.708,-24.258,12.099,23.943,33.861,0.0,47.886,-27.154,-422.868
Química Tecnológica (Bacharelado),AC,5,-45.067,-47.561,18.377,-67.895,-23.379,52.796,53.064,51.832,-17.112,126.278,97.863,46.383,30.449,156.364,-40.778,98.173
Química Tecnológica (Bacharelado),CN,2,-17.209,-17.209,21.258,-32.241,-2.177,-17.209,-17.209,21.258,-32.241,-2.177,0.0,0.0,0.0,0.0,-123.531,-123.531
Química Tecnológica (Bacharelado),EP_R1_NPPI,1,23.339,23.339,,23.339,23.339,23.339,23.339,,23.339,23.339,0.0,,0.0,0.0,,
Química Tecnológica (Bacharelado),EP_R2_NPPI,4,-18.784,-24.034,33.502,-53.722,26.655,-7.843,-15.172,25.653,-27.683,26.655,10.941,13.22,0.0,26.652,-178.353,-327.087
Química Tecnológica (Bacharelado),EP_R2_PPI,2,-38.224,-38.224,10.356,-45.547,-30.902,-7.092,-7.092,54.383,-45.547,31.362,31.132,44.027,0.0,62.264,-27.091,-766.766
Relações Internacionais (Bacharelado),AC,6,88.904,93.998,14.529,68.855,105.105,133.283,138.473,31.407,80.765,162.477,46.261,20.008,11.91,60.713,16.343,23.564
Relações Internacionais (Bacharelado),CN,6,68.227,63.435,25.572,39.989,100.775,68.734,63.435,24.922,43.033,100.775,0.507,1.243,0.0,3.044,37.481,36.258
Relações Internacionais (Bacharelado),EP_R1_NPPI,5,5.755,11.118,12.283,-9.56,18.254,41.027,52.21,26.452,0.805,64.536,35.272,26.354,5.829,68.971,213.436,64.475
Relações Internacionais (Bacharelado),EP_R1_NPPIQ,1,-59.284,-59.284,,-59.284,-59.284,22.165,22.165,,22.165,22.165,81.449,,81.449,81.449,,
Relações Internacionais (Bacharelado),EP_R1_PPI,4,-18.284,-26.287,24.357,-37.873,17.31,29.052,35.1,57.361,-35.003,81.011,47.336,45.251,2.87,106.578,-133.213,197.443
Relações Internacionais (Bacharelado),EP_R2_NPPI,4,47.436,43.451,16.082,34.208,68.634,61.691,62.15,23.749,34.299,88.167,14.255,25.551,0.0,52.454,33.902,38.496
Relações Internacionais (Bacharelado),EP_R2_NPPIQ,1,72.126,72.126,,72.126,72.126,90.752,90.752,,90.752,90.752,18.626,,18.626,18.626,,
Relações Internacionais (Bacharelado),EP_R2_NPPI_PCD,1,22.69,22.69,,22.69,22.69,22.69,22.69,,22.69,22.69,0.0,,0.0,0.0,,
Relações Internacionais (Bacharelado),EP_R2_PPI,5,-2.365,-10.252,30.337,-29.25,46.911,26.447,26.982,26.818,-2.275,54.101,41.131,21.435,20.39,66.913,-1282.845,101.403
Relações Internacionais (Bacharelado),EP_R2_PPIQ,1,1.225,1.225,,1.225,1.225,60.338,60.338,,60.338,60.338,59.113,,59.113,59.113,,
Saúde Coletiva (Bacharelado),AC,10,-73.137,-73.19,13.719,-90.691,-47.301,-5.447,-4.665,17.617,-44.554,25.273,67.69,25.903,10.582,104.99,-18.758,-323.435
Saúde Coletiva (Bacharelado),CN,4,-33.712,-38.116,9.949,-39.762,-18.853,-30.991,-33.192,9.203,-38.727,-18.853,2.721,5.443,0.0,10.885,-29.511,-29.696
Saúde Coletiva (Bacharelado),EP_R1_NPPI,5,-45.261,-55.278,40.445,-92.731,-1.391,-34.994,-31.583,36.815,-92.731,-1.391,10.267,14.128,0.0,27.64,-89.359,-105.204
Saúde Coletiva (Bacharelado),EP_R1_PPI,5,-73.181,-78.911,26.118,-105.487,-34.476,-48.718,-34.476,42.428,-105.487,-1.885,24.463,36.155,0.0,80.4,-35.69,-87.09
Saúde Coletiva (Bacharelado),EP_R2_NPPI,7,-62.333,-67.831,28.157,-95.903,-11.312,-32.19,-31.801,12.924,-50.55,-11.312,30.143,21.083,0.0,67.707,-45.172,-40.148
Saúde Coletiva (Bacharelado),EP_R2_PPI,5,-61.407,-63.379,25.744,-88.498,-20.34,-27.746,-20.34,23.354,-58.614,-4.543,33.66,31.862,0.0,66.412,-41.924,-84.171
Serviço Social (Bacharelado),AC,10,-48.13,-53.421,23.204,-76.148,3.922,20.756,14.24,26.109,-17.915,58.364,68.886,20.315,52.977,107.7,-48.212,125.792
Serviço Social (Bacharelado),CN,8,-14.31,-16.227,24.038,-41.755,16.93,-10.204,-16.227,26.418,-41.755,26.594,4.106,8.512,0.0,23.586,-167.985,-258.898
Serviço Social (Bacharelado),EP_R1_NPPI,5,-47.352,-35.078,29.998,-96.288,-19.616,-38.452,-35.078,15.138,-53.956,-18.297,8.9,19.173,0.0,43.182,-63.351,-39.37
Serviço Social (Bacharelado),EP_R1_PPI,6,-34.055,-38.654,15.345,-48.812,-10.261,-22.882,-27.074,22.587,-46.647,19.595,11.173,12.979,0.0,29.856,-45.059,-98.709
Serviço Social (Bacharelado),EP_R2_NPPI,7,-51.572,-56.018,11.436,-61.615,-33.578,-23.856,-14.877,20.721,-61.615,-2.724,27.716,17.74,0.0,53.294,-22.174,-86.861
Serviço Social (Bacharelado),EP_R2_NPPIQ,1,-49.665,-49.665,,-49.665,-49.665,-35.419,-35.419,,-35.419,-35.419,14.246,,14.246,14.246,,
Serviço Social (Bacharelado),EP_R2_PPI,5,-49.177,-46.944,12.014,-65.588,-33.215,-16.988,-13.972,18.53,-45.238,1.085,32.189,19.721,0.0,51.616,-24.431,-109.073
Serviço Social (Bacharelado),EP_R2_PPIQ,1,-37.837,-37.837,,-37.837,-37.837,-37.837,-37.837,,-37.837,-37.837,0.0,,0.0,0.0,,
"Teoria, Crítica e História da Arte (Bacharelado)",AC,5,-43.551,-56.171,31.361,-74.639,-0.054,0.583,8.621,47.246,-74.639,50.763,44.135,30.681,0.0,81.734,-72.011,8098.315
"Teoria, Crítica e História da Arte (Bacharelado)",CN,1,4.736,4.736,,4.736,4.736,4.736,4.736,,4.736,4.736,0.0,,0.0,0.0,,
"Teoria, Crítica e História da Arte (Bacharelado)",EP_R1_PPI,1,3.161,3.161,,3.161,3.161,3.161,3.161,,3.161,3.161,0.0,,0.0,0.0,,
"Teoria, Crítica e História da Arte (Bacharelado)",EP_R2_NPPI,1,-27.615,-27.615,,-27.615,-27.615,-13.504,-13.504,,-13.504,-13.504,14.111,,14.111,14.111,,
"Teoria, Crítica e História da Arte (Bacharelado)",EP_R2_PPI,1,-51.341,-51.341,,-51.341,-51.341,-51.341,-51.341,,-51.341,-51.341,0.0,,0.0,0.0,,
Terapia Ocupacional (Bacharelado),AC,6,-28.596,-25.168,26.769,-73.944,2.706,27.989,31.565,24.103,-12.674,51.395,56.585,25.4,27.707,94.321,-93.611,86.116
Terapia Ocupacional (Bacharelado),CN,5,-8.855,-8.712,16.482,-31.006,8.543,-8.624,-8.712,16.736,-31.006,8.543,0.231,0.516,0.0,1.154,-186.133,-194.066
Terapia Ocupacional (Bacharelado),EP_R1_NPPI,4,-62.291,-63.698,32.999,-92.652,-29.114,-18.101,-14.81,17.07,-38.795,-3.99,44.19,48.941,0.0,88.451,-52.976,-94.301
Terapia Ocupacional (Bacharelado),EP_R1_NPPIQ,1,-82.855,-82.855,,-82.855,-82.855,-36.853,-36.853,,-36.853,-36.853,46.002,,46.002,46.002,,
Terapia Ocupacional (Bacharelado),EP_R1_PPI,3,-51.923,-62.296,31.351,-76.773,-16.701,0.178,-16.701,48.912,-38.06,55.294,52.101,70.305,0.0,132.067,-60.378,27530.354
Terapia Ocupacional (Bacharelado),EP_R2_NPPI,5,-58.503,-59.047,31.37,-98.316,-14.518,1.946,1.824,31.412,-37.282,37.811,60.449,24.504,39.118,101.937,-53.621,1614.015
Terapia Ocupacional (Bacharelado),EP_R2_NPPIQ,1,-14.671,-14.671,,-14.671,-14.671,-6.035,-6.035,,-6.035,-6.035,8.636,,8.636,8.636,,
Terapia Ocupacional (Bacharelado),EP_R2_PPI,3,-50.866,-45.148,16.79,-69.768,-37.682,-6.91,-4.11,17.783,-25.927,9.306,43.956,31.248,19.221,79.074,-33.008,-257.334
Terapia Ocupacional (Bacharelado),EP_R2_PPIQ,1,-72.221,-72.221,,-72.221,-72.221,-22.382,-22.382,,-22.382,-22.382,49.839,,49.839,49.839,,
Turismo (Bacharelado),AC,5,-86.439,-89.917,15.066,-101.482,-62.252,8.805,12.676,31.458,-32.42,51.489,95.244,19.575,62.701,113.741,-17.429,357.254
Turismo (Bacharelado),CN,4,-36.583,-35.394,16.551,-53.591,-21.951,-36.583,-35.394,16.551,-53.591,-21.951,0.0,0.0,0.0,0.0,-45.243,-45.243
Turismo (Bacharelado),EP_R1_NPPI,3,-37.763,-35.506,25.604,-64.42,-13.362,-35.714,-35.506,28.603,-64.42,-7.216,2.049,3.548,0.0,6.146,-67.802,-80.088
Turismo (Bacharelado),EP_R1_PPI,1,-54.814,-54.814,,-54.814,-54.814,-54.814,-54.814,,-54.814,-54.814,0.0,,0.0,0.0,,
Turismo (Bacharelado),EP_R2_NPPI,4,-58.737,-67.324,26.057,-79.506,-20.793,-26.593,-23.818,7.728,-37.943,-20.793,32.144,24.593,0.0,54.876,-44.362,-29.061
Turismo (Bacharelado),EP_R2_PPI,1,-68.241,-68.241,,-68.241,-68.241,-14.636,-14.636,,-14.636,-14.636,53.605,,53.605,53.605,,
