Curso A,Curso B,Similaridade,Triênios A,Triênios B,Ocorrências A,Ocorrências B
Ciências Contábeis (Bacharelado),Ciências Contábeis,100.0,"2018-2020, 2019-2021, 2020-2022, 2021-2023, 2022-2024, 2023-2025",2019-2021,10,1
Língua Portuguesa e Respectiva Literatura (Bacharelado/Licenciatura),Língua Portuguesa (Bacharelado/ Licenciatura),100.0,"2018-2020, 2020-2022, 2021-2023, 2022-2024",2023-2025,4,1
Artes Cênicas - Interpretação Teatral (Bacharelado) *,Artes Cênicas - Interpretação Teatral (Bacharelado),100.0,"2018-2020, 2019-2021, 2020-2022","2021-2023, 2022-2024",3,2
"Teoria, Crítica e História da Arte (Bacharelado)",História (Bacharelado/Licenciat ura),100.0,"2018-2020, 2019-2021, 2020-2022, 2021-2023",2019-2021,4,1
Matemática (Bacharelado/ Licenciatura),Matemática (Licenciatura),100.0,"2018-2020, 2020-2022, 2021-2023, 2022-2024",2023-2025,4,1
Matemática (Bacharelado/ Licenciatura),Matemática (Bacharelado/Licenciatura),100.0,"2018-2020, 2020-2022, 2021-2023, 2022-2024",2023-2025,4,1
Matemática (Bacharelado/ Licenciatura),Matemática (Bacharelado/Licenciat ura),100.0,"2018-2020, 2020-2022, 2021-2023, 2022-2024",2019-2021,4,1
Língua Portuguesa e Respectiva Literatura (Licenciatura),Língua Portuguesa e Respectiva Literatura (Bacharelado/Licenciat ura),100.0,"2018-2020, 2019-2021, 2020-2022, 2021-2023",2019-2021,4,1
Língua Portuguesa e Respectiva Literatura (Licenciatura),Língua Portuguesa (Licenciatura),100.0,"2018-2020, 2019-2021, 2020-2022, 2021-2023",2023-2025,4,1
Língua Portuguesa e Respectiva Literatura (Licenciatura),Língua Portuguesa (Bacharelado/ Licenciatura),100.0,"2018-2020, 2019-2021, 2020-2022, 2021-2023",2023-2025,4,1
Língua Portuguesa e Respectiva Literatura (Bacharelado/Licenciatura),Língua Portuguesa e Respectiva Literatura (Bacharelado/Licenciat ura),100.0,"2018-2020, 2020-2022, 2021-2023, 2022-2024",2019-2021,4,1
Língua Portuguesa e Respectiva Literatura (Bacharelado/Licenciatura),Língua Portuguesa (Licenciatura),100.0,"2018-2020, 2020-2022, 2021-2023, 2022-2024",2023-2025,4,1
Língua Portuguesa e Respectiva Literatura (Bacharelado/Licenciatura),Língua Portuguesa e Respectiva Literatura (Licenciatura),100.0,"2018-2020, 2020-2022, 2021-2023, 2022-2024","2018-2020, 2019-2021, 2020-2022, 2021-2023",4,4
Letras – Tradução Espanhol (Bacharelado),Letras Tradução Espanhol (Bacharelado),100.0,"2018-2020, 2019-2021, 2020-2022, 2021-2023",2023-2025,4,1
Língua Inglesa e Respectiva Literatura (Bacharelado/Licenciatura),Língua Inglesa e Respectiva Literatura (Bacharelado/Licenciat ura),100.0,"2018-2020, 2020-2022, 2021-2023, 2022-2024",2019-2021,4,1
Língua Inglesa e Respectiva Literatura (Bacharelado/Licenciatura),Língua Inglesa (Bacharelado/ Licenciatura),100.0,"2018-2020, 2020-2022, 2021-2023, 2022-2024",2023-2025,4,1
Licenciatura em Química,Química (Licenciatura),100.0,"2018-2020, 2019-2021, 2020-2022, 2021-2023",2023-2025,4,1
Licenciatura em Matemática,Matemática (Licenciatura),100.0,"2018-2020, 2019-2021, 2020-2022, 2021-2023",2023-2025,4,1
Licenciatura em Matemática,Matemática (Bacharelado/Licenciatura),100.0,"2018-2020, 2019-2021, 2020-2022, 2021-2023",2023-2025,4,1
Licenciatura em Matemática,Matemática (Bacharelado/Licenciat ura),100.0,"2018-2020, 2019-2021, 2020-2022, 2021-2023",2019-2021,4,1
Licenciatura em Matemática,Matemática (Bacharelado/ Licenciatura),100.0,"2018-2020, 2019-2021, 2020-2022, 2021-2023","2018-2020, 2020-2022, 2021-2023, 2022-2024",4,4
Ciência da Computação (Bacharelado),Computação (Licenciatura),100.0,"2018-2020, 2019-2021, 2020-2022, 2021-2023, 2022-2024, 2023-2025","2018-2020, 2019-2021, 2020-2022, 2021-2023, 2022-2024, 2023-2025",6,6
Licenciatura em Ciências Biológicas,Ciências Biológicas (Licenciatura),100.0,"2018-2020, 2019-2021, 2020-2022, 2021-2023",2023-2025,4,1
Licenciatura em Ciências Biológicas,Ciências Biológicas,100.0,"2018-2020, 2019-2021, 2020-2022, 2021-2023",2019-2021,4,1
Artes Cênicas - Interpretação Teatral (Bacharelado) *,Artes Cênicas (Licenciatura),100.0,"2018-2020, 2019-2021, 2020-2022",2023-2025,3,2
Artes Cênicas - Interpretação Teatral (Bacharelado) *,Artes Cênicas (Bacharelado),100.0,"2018-2020, 2019-2021, 2020-2022",2023-2025,3,1
Ciências Sociais – Antropologia / Sociologia (Bacharelado/ Licenciatura),Ciências Sociais – Antropologia / Sociologia (Bacharelado/Licenciat ura),100.0,"2018-2020, 2020-2022, 2021-2023",2019-2021,3,1
Língua Francesa e Respectiva Literatura (Bacharelado/Licenciatura),Língua Francesa (Bacharelado/ Licenciatura),100.0,"2018-2020, 2020-2022, 2021-2023",2023-2025,3,1
Matemática (Bacharelado/Licenciat ura),Matemática (Licenciatura),100.0,2019-2021,2023-2025,1,1
Matemática (Bacharelado/Licenciat ura),Matemática (Bacharelado/Licenciatura),100.0,2019-2021,2023-2025,1,1
Língua Portuguesa (Licenciatura),Língua Portuguesa e Respectiva Literatura (Bacharelado/Licenciat ura),100.0,2023-2025,2019-2021,1,1
Língua Portuguesa (Bacharelado/ Licenciatura),Língua Portuguesa e Respectiva Literatura (Bacharelado/Licenciat ura),100.0,2023-2025,2019-2021,1,1
Língua Portuguesa (Bacharelado/ Licenciatura),Língua Portuguesa (Licenciatura),100.0,2023-2025,2023-2025,1,1
Língua Inglesa (Bacharelado/ Licenciatura),Língua Inglesa e Respectiva Literatura (Bacharelado/Licenciat ura),100.0,2023-2025,2019-2021,1,1
Língua Francesa (Bacharelado/ Licenciatura),Língua Francesa e Respectiva Literatura (Bacharelado/Licenciat ura),100.0,2023-2025,2019-2021,1,1
História (Bacharelado/Licenciat ura),Teoria Crítica e História da Arte (Bacharelado),100.0,2019-2021,2023-2025,1,1
Educação Física Ciclo Básico (Bacharelado/Licenciatura),Física (Licenciatura),100.0,2023-2025,2023-2025,1,1
Educação Física Ciclo Básico,Física (Licenciatura),100.0,2022-2024,2023-2025,1,1
Educação Física Ciclo Básico,Educação Física Ciclo Básico (Bacharelado/Licenciatura),100.0,2022-2024,2023-2025,1,1
Design (Bacharelado),Design – Programação Visual/Projeto do Produto (Bacharelado),100.0,2023-2025,2019-2021,1,1
Ciências Biológicas,Ciências Biológicas (Licenciatura),100.0,2019-2021,2023-2025,1,1
Licenciatura em Artes Cênicas,Artes Cênicas (Bacharelado),100.0,2021-2023,2023-2025,2,1
Artes Cênicas (Licenciatura),Artes Cênicas (Bacharelado),100.0,2023-2025,2023-2025,2,1
Artes Cênicas (Licenciatura),Licenciatura em Artes Cênicas,100.0,2023-2025,2021-2023,2,2
Artes Visuais (Bacharelado),Artes Visuais Licenciatura,100.0,"2022-2024, 2023-2025",2022-2024,2,1
Artes Cênicas - Interpretação Teatral (Bacharelado),Artes Cênicas (Bacharelado),100.0,"2021-2023, 2022-2024",2023-2025,2,1
Artes Cênicas - Interpretação Teatral (Bacharelado),Artes Cênicas (Licenciatura),100.0,"2021-2023, 2022-2024",2023-2025,2,2
Artes Visuais (Licenciatura)*,Artes Visuais (Bacharelado),100.0,"2018-2020, 2020-2022","2022-2024, 2023-2025",3,2
Língua Francesa e Respectiva Literatura (Bacharelado/Licenciatura),Língua Francesa e Respectiva Literatura (Bacharelado/Licenciat ura),100.0,"2018-2020, 2020-2022, 2021-2023",2019-2021,3,1
Letras – Tradução – Francês (Bacharelado),Letras Tradução Francês (Bacharelado),100.0,"2018-2020, 2019-2021, 2020-2022, 2021-2023",2023-2025,4,1
Licenciatura em Física,Física (Licenciatura),100.0,"2018-2020, 2019-2021, 2020-2022, 2021-2023",2023-2025,4,1
História (Bacharelado/Licenciatura),História (Bacharelado/Licenciat ura),100.0,"2018-2020, 2020-2022, 2021-2023, 2022-2024, 2023-2025",2019-2021,5,1
História (Licenciatura),"Teoria, Crítica e História da Arte (Bacharelado)",100.0,"2018-2020, 2019-2021, 2020-2022, 2021-2023, 2023-2025","2018-2020, 2019-2021, 2020-2022, 2021-2023",5,4
Geografia (Bacharelado/Licenciatura),Geografia (Bacharelado/Licenciat ura),100.0,"2018-2020, 2020-2022, 2021-2023, 2023-2025",2019-2021,4,1
História (Bacharelado/Licenciatura),"Teoria, Crítica e História da Arte (Bacharelado)",100.0,"2018-2020, 2020-2022, 2021-2023, 2022-2024, 2023-2025","2018-2020, 2019-2021, 2020-2022, 2021-2023",5,4
História (Bacharelado/Licenciatura),História (Licenciatura),100.0,"2018-2020, 2020-2022, 2021-2023, 2022-2024, 2023-2025","2018-2020, 2019-2021, 2020-2022, 2021-2023, 2023-2025",5,5
Física (Bacharelado),Física (Licenciatura),100.0,"2018-2020, 2019-2021, 2020-2022, 2021-2023, 2023-2025",2023-2025,5,1
Física (Bacharelado),Educação Física Ciclo Básico (Bacharelado/Licenciatura),100.0,"2018-2020, 2019-2021, 2020-2022, 2021-2023, 2023-2025",2023-2025,5,1
Física (Bacharelado),Educação Física Ciclo Básico,100.0,"2018-2020, 2019-2021, 2020-2022, 2021-2023, 2023-2025",2022-2024,5,1
Física (Bacharelado),Licenciatura em Física,100.0,"2018-2020, 2019-2021, 2020-2022, 2021-2023, 2023-2025","2018-2020, 2019-2021, 2020-2022, 2021-2023",5,4
Física (Bacharelado),Educação Física (Licenciatura),100.0,"2018-2020, 2019-2021, 2020-2022, 2021-2023, 2023-2025","2018-2020, 2019-2021, 2020-2022, 2021-2023",5,4
Física (Bacharelado),Educação Física (Bacharelado),100.0,"2018-2020, 2019-2021, 2020-2022, 2021-2023, 2023-2025","2018-2020, 2019-2021, 2020-2022, 2021-2023",5,4
Filosofia (Licenciatura),Filosofia (Bacharelado/Licenciat ura),100.0,"2018-2020, 2019-2021, 2020-2022, 2021-2023, 2023-2025",2019-2021,5,1
Filosofia (Licenciatura),Filosofia (Bacharelado/Licenciatura),100.0,"2018-2020, 2019-2021, 2020-2022, 2021-2023, 2023-2025","2018-2020, 2020-2022, 2021-2023, 2023-2025",5,4
Engenharia Mecatrônica – Controle e Automação (Bacharelado),Engenharia Mecatrônica (Bacharelado),100.0,"2018-2020, 2019-2021, 2020-2022, 2021-2023, 2022-2024",2023-2025,5,1
Comunicação Social - Publicidade e Propaganda (Bacharelado),Comunicação Social – Publicidade e Propaganda (Bacharelado),100.0,"2018-2020, 2019-2021, 2020-2022, 2021-2023, 2022-2024",2023-2025,5,1
Ciências Biológicas (Bacharelado),Ciências Biológicas (Licenciatura),100.0,"2018-2020, 2020-2022, 2021-2023, 2022-2024, 2023-2025",2023-2025,5,1
Ciências Biológicas (Bacharelado),Ciências Biológicas,100.0,"2018-2020, 2020-2022, 2021-2023, 2022-2024, 2023-2025",2019-2021,5,1
Ciências Biológicas (Bacharelado),Licenciatura em Ciências Biológicas,100.0,"2018-2020, 2020-2022, 2021-2023, 2022-2024, 2023-2025","2018-2020, 2019-2021, 2020-2022, 2021-2023",5,4
Química (Bacharelado),Química (Licenciatura),100.0,"2018-2020, 2019-2021, 2020-2022, 2021-2023, 2022-2024, 2023-2025",2023-2025,6,1
Química (Bacharelado),Licenciatura em Química,100.0,"2018-2020, 2019-2021, 2020-2022, 2021-2023, 2022-2024, 2023-2025","2018-2020, 2019-2021, 2020-2022, 2021-2023",6,4
Química (Bacharelado),Química Tecnológica (Bacharelado),100.0,"2018-2020, 2019-2021, 2020-2022, 2021-2023, 2022-2024, 2023-2025","2018-2020, 2019-2021, 2020-2022, 2021-2023, 2023-2025",6,5
Medicina (Bacharelado),Medicina Veterinária (Bacharelado),100.0,"2018-2020, 2019-2021, 2020-2022, 2021-2023, 2022-2024, 2023-2025","2018-2020, 2019-2021, 2020-2022, 2021-2023, 2022-2024, 2023-2025",6,6
Engenharia Química (Bacharelado),Química (Licenciatura),100.0,"2018-2020, 2019-2021, 2020-2022, 2021-2023, 2022-2024, 2023-2025",2023-2025,6,1
Engenharia Química (Bacharelado),Química (Bacharelado),100.0,"2018-2020, 2019-2021, 2020-2022, 2021-2023, 2022-2024, 2023-2025","2018-2020, 2019-2021, 2020-2022, 2021-2023, 2022-2024, 2023-2025",6,6
Computação (Licenciatura),Engenharia de Computação (Bacharelado),100.0,"2018-2020, 2019-2021, 2020-2022, 2021-2023, 2022-2024, 2023-2025","2018-2020, 2019-2021, 2020-2022, 2021-2023, 2022-2024, 2023-2025",6,6
História (Bacharelado/Licenciatura),Teoria Crítica e História da Arte (Bacharelado),100.0,"2018-2020, 2020-2022, 2021-2023, 2022-2024, 2023-2025",2023-2025,5,1
Matemática (Bacharelado/Licenciatura),Matemática (Licenciatura),100.0,2023-2025,2023-2025,1,1
Ciências Ambientais (Bacharelado),Ciências Ambientais,100.0,"2018-2020, 2020-2022, 2021-2023, 2023-2025",2019-2021,4,1
Educação Física (Licenciatura),Educação Física Ciclo Básico (Bacharelado/Licenciatura),100.0,"2018-2020, 2019-2021, 2020-2022, 2021-2023",2023-2025,4,1
Educação Física (Bacharelado),Educação Física Ciclo Básico (Bacharelado/Licenciatura),100.0,"2018-2020, 2019-2021, 2020-2022, 2021-2023",2023-2025,4,1
Educação Física (Bacharelado),Física (Licenciatura),100.0,"2018-2020, 2019-2021, 2020-2022, 2021-2023",2023-2025,4,1
Design – Programação Visual/ Projeto do Produto (Bacharelado),Design (Bacharelado),100.0,"2018-2020, 2020-2022, 2021-2023, 2022-2024",2023-2025,4,1
Educação Física (Licenciatura),Educação Física Ciclo Básico,100.0,"2018-2020, 2019-2021, 2020-2022, 2021-2023",2022-2024,4,1
Artes Visuais (Bacharelado)*,Artes Visuais (Bacharelado),100.0,"2018-2020, 2019-2021, 2020-2022, 2021-2023","2022-2024, 2023-2025",4,2
Artes Visuais (Bacharelado)*,Artes Visuais (Licenciatura)*,100.0,"2018-2020, 2019-2021, 2020-2022, 2021-2023","2018-2020, 2020-2022",4,3
Educação Física (Bacharelado),Educação Física Ciclo Básico,100.0,"2018-2020, 2019-2021, 2020-2022, 2021-2023",2022-2024,4,1
Química Tecnológica (Bacharelado),Química (Licenciatura),100.0,"2018-2020, 2019-2021, 2020-2022, 2021-2023, 2023-2025",2023-2025,5,1
Arquivologia (Bacharelado),Arquivologia,100.0,"2018-2020, 2020-2022, 2021-2023, 2023-2025",2019-2021,4,1
Psicologia (Bacharelado / Licenciatura / Psicólogo),Psicologia (Bacharelado/Licenciatura/ Psicólogo),100.0,"2018-2020, 2019-2021, 2020-2022, 2021-2023, 2022-2024",2023-2025,5,1
Educação Física (Licenciatura),Física (Licenciatura),100.0,"2018-2020, 2019-2021, 2020-2022, 2021-2023",2023-2025,4,1
Filosofia (Bacharelado/Licenciatura),Filosofia (Bacharelado/Licenciat ura),100.0,"2018-2020, 2020-2022, 2021-2023, 2023-2025",2019-2021,4,1
Música (Licenciatura)*,Música (Bacharelado)*,100.0,"2018-2020, 2019-2021, 2020-2022, 2021-2023, 2023-2025","2018-2020, 2020-2022, 2021-2023, 2023-2025",5,4
Letras – Tradução – Inglês (Bacharelado),Letras Tradução Inglês (Bacharelado),100.0,"2018-2020, 2019-2021, 2020-2022, 2021-2023, 2022-2024",2023-2025,5,1
História (Licenciatura),Teoria Crítica e História da Arte (Bacharelado),100.0,"2018-2020, 2019-2021, 2020-2022, 2021-2023, 2023-2025",2023-2025,5,1
História (Licenciatura),História (Bacharelado/Licenciat ura),100.0,"2018-2020, 2019-2021, 2020-2022, 2021-2023, 2023-2025",2019-2021,5,1
Educação Física (Bacharelado),Educação Física (Licenciatura),100.0,"2018-2020, 2019-2021, 2020-2022, 2021-2023","2018-2020, 2019-2021, 2020-2022, 2021-2023",4,4
Design – Programação Visual/ Projeto do Produto (Bacharelado),Design – Programação Visual/Projeto do Produto (Bacharelado),98.9247311827957,"2018-2020, 2020-2022, 2021-2023, 2022-2024",2019-2021,4,1
Ciências Sociais – Antropologia / Sociologia (Bacharelado/ Licenciatura),Ciências Sociais – Antropologia/ Sociologia (Bacharelado/Licenciatura),98.85057471264368,"2018-2020, 2020-2022, 2021-2023",2023-2025,3,1
Ciências Sociais – Antropologia / Sociologia (Bacharelado/Licenciat ura),Ciências Sociais – Antropologia/ Sociologia (Bacharelado/Licenciatura),98.85057471264368,2019-2021,2023-2025,1,1
"Teoria, Crítica e História da Arte (Bacharelado)",Teoria Crítica e História da Arte (Bacharelado),98.50746268656717,"2018-2020, 2019-2021, 2020-2022, 2021-2023",2023-2025,4,1
Língua Espanhola e Literatura Espanhola e Hispano-Americana (Licenciatura),Língua Espanhola e Literatura Espanhola e Hispano - Americana (Licenciatura),98.33333333333333,"2018-2020, 2019-2021, 2020-2022, 2021-2023",2023-2025,4,1
Licenciatura em Artes Cênicas*,Licenciatura em Artes Cênicas,98.30508474576271,"2018-2020, 2019-2021, 2020-2022",2021-2023,5,2
Gestão de Agronegócio (Bacharelado),Gestão do Agronegócio (Bacharelado),95.23809523809524,"2018-2020, 2019-2021, 2020-2022, 2021-2023, 2023-2025","2018-2020, 2019-2021, 2020-2022, 2021-2023, 2023-2025",5,5
Letras – Português do Brasil como Segunda Língua (Licenciatura),Letras Português do Brasil como Seg. Língua (Licenciatura),93.82716049382717,"2018-2020, 2019-2021, 2020-2022, 2021-2023",2023-2025,4,1
Artes Visuais (Bacharelado)*,Artes Visuais Licenciatura,92.85714285714286,"2018-2020, 2019-2021, 2020-2022, 2021-2023",2022-2024,4,1
Artes Visuais (Licenciatura)*,Artes Visuais Licenciatura,92.85714285714286,"2018-2020, 2020-2022",2022-2024,3,1
Língua Francesa e Respectiva Literatura (Bacharelado/Licenciat ura),Língua Inglesa e Respectiva Literatura (Bacharelado/Licenciat ura),90.9090909090909,2019-2021,2019-2021,1,1
Língua Inglesa e Respectiva Literatura (Bacharelado/Licenciatura),Língua Francesa e Respectiva Literatura (Bacharelado/Licenciatura),90.9090909090909,"2018-2020, 2020-2022, 2021-2023, 2022-2024","2018-2020, 2020-2022, 2021-2023",4,3
Língua Inglesa e Respectiva Literatura (Bacharelado/Licenciatura),Língua Francesa e Respectiva Literatura (Bacharelado/Licenciat ura),90.9090909090909,"2018-2020, 2020-2022, 2021-2023, 2022-2024",2019-2021,4,1
Língua Francesa e Respectiva Literatura (Bacharelado/Licenciatura),Língua Inglesa e Respectiva Literatura (Bacharelado/Licenciat ura),90.9090909090909,"2018-2020, 2020-2022, 2021-2023",2019-2021,3,1
