Triênio,Curso
2018-2020,Campus UnB — Ceilândia / DF
2018-2020,Terapia Ocupacional (Bacharelado)
2018-2020,Fonoaudiologia (Bacharelado)
2018-2020,Fisioterapia (Bacharelado)
2018-2020,Farmácia (Bacharelado)
2018-2020,Enfermagem (Bacharelado)
2018-2020,Saúde Coletiva (Bacharelado)
2018-2020,Campus UnB — Darcy Ribeiro (Plano Piloto) / DF
2018-2020,Artes Visuais (Licenciatura)*
2018-2020,Língua Espanhola e Literatura Espanhola e Hispano-Americana (Licenciatura)
2018-2020,Museologia (Bacharelado)
2018-2020,Letras – Tradução – Inglês (Bacharelado)
2018-2020,Letras – Tradução – Francês (Bacharelado)
2018-2020,Língua e Literatura Japonesa (Licenciatura)
2018-2020,Engenharia Mecânica (Bacharelado)
2018-2020,Arquivologia (Bacharelado)
2018-2020,Ciência Política (Bacharelado)
2018-2020,Licenciatura em Artes Cênicas*
2018-2020,Geofísica (Bacharelado)
2018-2020,Engenharia de Computação (Bacharelado)
2018-2020,História (Licenciatura)
2018-2020,Licenciatura em Música*
2018-2020,Química Tecnológica (Bacharelado)
2018-2020,Língua Estrangeira Aplicada – Multilinguismo e Sociedade da Informação (Bacharelado)
2018-2020,Engenharia Ambiental (Bacharelado)
2018-2020,Saúde Coletiva (Bacharelado)
2018-2020,Odontologia (Bacharelado)
2018-2020,Comunicação Organizacional (Bacharelado)
2018-2020,Biblioteconomia (Bacharelado)
2018-2020,Nutrição (Bacharelado)
2018-2020,Engenharia Química (Bacharelado)
2018-2020,Medicina Veterinária (Bacharelado)
2018-2020,Filosofia (Bacharelado/Licenciatura)
2018-2020,Música (Licenciatura)*
2018-2020,Comunicação Social – Audiovisual (Bacharelado)
2018-2020,Geografia (Bacharelado/Licenciatura)
2018-2020,Artes Visuais (Bacharelado)*
2018-2020,Licenciatura em Matemática
2018-2020,Licenciatura em Química
2018-2020,Estatística (Bacharelado)
2018-2020,Serviço Social (Bacharelado)
2018-2020,Física (Bacharelado)
2018-2020,Ciências Ambientais (Bacharelado)
2018-2020,Gestão de Agronegócio (Bacharelado)
2018-2020,Letras – Português do Brasil como Segunda Língua (Licenciatura)
2018-2020,Farmácia (Bacharelado)
2018-2020,Farmácia (Bacharelado)
2018-2020,Gestão de Políticas Públicas (Bacharelado)
2018-2020,Biotecnologia (Bacharelado)
2018-2020,Ciência da Computação (Bacharelado)
2018-2020,Computação (Licenciatura)
2018-2020,Licenciatura em Ciências Biológicas
2018-2020,Filosofia (Licenciatura)
2018-2020,Engenharia de Produção (Bacharelado)
2018-2020,Educação Física (Bacharelado)
2018-2020,Engenharia Civil (Bacharelado)
2018-2020,Engenharia Elétrica (Bacharelado)
2018-2020,Arquitetura e Urbanismo (Bacharelado)
2018-2020,Arquitetura e Urbanismo (Bacharelado)
2018-2020,Engenharia de Redes de Comunicação (Bacharelado)
2018-2020,Medicina (Bacharelado)
2018-2020,Geologia (Bacharelado)
2018-2020,Química (Bacharelado)
2018-2020,Língua Portuguesa e Respectiva Literatura (Bacharelado/Licenciatura)
2018-2020,Língua Portuguesa e Respectiva Literatura (Licenciatura)
2018-2020,Língua Francesa e Respectiva Literatura (Bacharelado/Licenciatura)
2018-2020,Língua Inglesa e Respectiva Literatura (Bacharelado/Licenciatura)
2018-2020,Letras – Tradução Espanhol (Bacharelado)
2018-2020,Engenharia Mecatrônica – Controle e Automação (Bacharelado)
2018-2020,Jornalismo (Bacharelado)
2018-2020,Pedagogia (Licenciatura)
2018-2020,Pedagogia (Licenciatura)
2018-2020,Licenciatura em Física
2018-2020,"Teoria, Crítica e História da Arte (Bacharelado)"
2018-2020,Engenharia Florestal (Bacharelado)
2018-2020,Psicologia (Bacharelado / Licenciatura / Psicólogo)
2018-2020,Matemática (Bacharelado/ Licenciatura)
2018-2020,Ciências Biológicas (Bacharelado)
2018-2020,Ciências Sociais – Antropologia / Sociologia (Bacharelado/ Licenciatura)
2018-2020,Ciências Econômicas (Bacharelado)
2018-2020,História (Bacharelado/Licenciatura)
2018-2020,Serviço Social (Bacharelado)
2018-2020,Relações Internacionais (Bacharelado)
2018-2020,Artes Cênicas - Interpretação Teatral (Bacharelado) *
2018-2020,Design – Programação Visual/ Projeto do Produto (Bacharelado)
2018-2020,Turismo (Bacharelado)
2018-2020,Administração (Bacharelado)
2018-2020,Administração (Bacharelado)
2018-2020,Comunicação Social - Publicidade e Propaganda (Bacharelado)
2018-2020,Direito (Bacharelado)
2018-2020,Ciências Contábeis (Bacharelado)
2018-2020,Ciências Contábeis (Bacharelado)
2018-2020,Direito (Bacharelado)
2018-2020,Artes Visuais (Licenciatura)*
2018-2020,Licenciatura em Artes Cênicas*
2018-2020,Enfermagem (Bacharelado)
2018-2020,Agronomia (Bacharelado)
2018-2020,Música (Bacharelado)*
2018-2020,Educação Física (Licenciatura)
2018-2020,Campus UnB — Gama / DF
2018-2020,Engenharias – Aeroespacial / Automotiva / Eletrônica / Energia / Software (Bacharelados)**
2018-2020,Campus UnB — Planaltina / DF
2018-2020,Gestão do Agronegócio (Bacharelado)
2018-2020,Gestão Ambiental (Bacharelado)
2018-2020,Ciências Naturais (Licenciatura)
2018-2020,Ciências Naturais (Licenciatura)
2019-2021,Administração (Bacharelado)
2019-2021,Administração (Bacharelado)
2019-2021,Agronomia (Bacharelado)
2019-2021,Arquitetura e Urbanismo (Bacharelado)
2019-2021,Arquitetura e Urbanismo (Bacharelado)
2019-2021,Arquivologia
2019-2021,Artes Cênicas - Interpretação Teatral (Bacharelado) *
2019-2021,Artes Visuais (Bacharelado)*
2019-2021,Biblioteconomia (Bacharelado)
2019-2021,Biotecnologia (Bacharelado)
2019-2021,Ciência da Computação (Bacharelado)
2019-2021,Ciência Política (Bacharelado)
2019-2021,Ciências Ambientais
2019-2021,Ciências Biológicas
2019-2021,Ciências Contábeis
2019-2021,Ciências Contábeis (Bacharelado)
2019-2021,Ciências Econômicas (Bacharelado)
2019-2021,Ciências Sociais – Antropologia / Sociologia (Bacharelado/Licenciat ura)
2019-2021,Computação (Licenciatura)
2019-2021,Comunicação Organizacional (Bacharelado)
2019-2021,Comunicação Social – Audiovisual (Bacharelado)
2019-2021,Comunicação Social - Publicidade e Propaganda (Bacharelado)
2019-2021,Design – Programação Visual/Projeto do Produto (Bacharelado)
2019-2021,Direito (Bacharelado)
2019-2021,Direito (Bacharelado)
2019-2021,Educação Física (Bacharelado)
2019-2021,Educação Física (Licenciatura)
2019-2021,Enfermagem (Bacharelado)
2019-2021,Engenharia Ambiental (Bacharelado)
2019-2021,Engenharia Civil (Bacharelado)
2019-2021,Engenharia de Computação (Bacharelado)
2019-2021,Engenharia de Produção (Bacharelado)
2019-2021,Engenharia de Redes de Comunicação (Bacharelado)
2019-2021,Engenharia Elétrica (Bacharelado)
2019-2021,Engenharia Florestal (Bacharelado)
2019-2021,Engenharia Mecânica (Bacharelado)
2019-2021,Engenharia Mecatrônica – Controle e Automação (Bacharelado)
2019-2021,Engenharia Química (Bacharelado)
2019-2021,Estatística (Bacharelado)
2019-2021,Farmácia (Bacharelado)
2019-2021,Farmácia (Bacharelado)
2019-2021,Filosofia (Bacharelado/Licenciat ura)
2019-2021,Filosofia (Licenciatura)
2019-2021,Física (Bacharelado)
2019-2021,Geofísica (Bacharelado)
2019-2021,Geografia (Bacharelado/Licenciat ura)
2019-2021,Geologia (Bacharelado)
2019-2021,Gestão de Agronegócio (Bacharelado)
2019-2021,Gestão de Políticas Públicas (Bacharelado)
2019-2021,História (Bacharelado/Licenciat ura)
2019-2021,História (Licenciatura)
2019-2021,Jornalismo (Bacharelado)
2019-2021,Letras – Português do Brasil como Segunda Língua (Licenciatura)
2019-2021,Letras – Tradução – Francês (Bacharelado)
2019-2021,Letras – Tradução – Inglês (Bacharelado)
2019-2021,Letras – Tradução Espanhol (Bacharelado)
2019-2021,Licenciatura em Artes Cênicas*
2019-2021,Licenciatura em Artes Cênicas*
2019-2021,Licenciatura em Ciências Biológicas
2019-2021,Licenciatura em Física
2019-2021,Licenciatura em Matemática
2019-2021,Licenciatura em Música*
2019-2021,Licenciatura em Química
2019-2021,Língua e Literatura Japonesa (Licenciatura)
2019-2021,Língua Espanhola e Literatura Espanhola e Hispano-Americana (Licenciatura)
2019-2021,Língua Estrangeira Aplicada – Multilinguismo e Sociedade da Informação (Bacharelado)
2019-2021,Língua Francesa e Respectiva Literatura (Bacharelado/Licenciat ura)
2019-2021,Língua Inglesa e Respectiva Literatura (Bacharelado/Licenciat ura)
2019-2021,Língua Portuguesa e Respectiva Literatura (Bacharelado/Licenciat ura)
2019-2021,Língua Portuguesa e Respectiva Literatura (Licenciatura)
2019-2021,Matemática (Bacharelado/Licenciat ura)
2019-2021,Medicina (Bacharelado)
2019-2021,Medicina Veterinária (Bacharelado)
2019-2021,Museologia (Bacharelado)
2019-2021,Música (Licenciatura)*
2019-2021,Nutrição (Bacharelado)
2019-2021,Odontologia (Bacharelado)
2019-2021,Pedagogia (Licenciatura)
2019-2021,Pedagogia (Licenciatura)
2019-2021,Psicologia (Bacharelado / Licenciatura / Psicólogo)
2019-2021,Química (Bacharelado)
2019-2021,Química Tecnológica (Bacharelado)
2019-2021,Relações Internacionais (Bacharelado)
2019-2021,Saúde Coletiva (Bacharelado)
2019-2021,Serviço Social (Bacharelado)
2019-2021,Serviço Social (Bacharelado)
2019-2021,"Teoria, Crítica e História da Arte (Bacharelado)"
2019-2021,Turismo (Bacharelado)
2019-2021,Enfermagem (Bacharelado)
2019-2021,Farmácia (Bacharelado)
2019-2021,Fisioterapia (Bacharelado)
2019-2021,Fonoaudiologia (Bacharelado)
2019-2021,Saúde Coletiva (Bacharelado)
2019-2021,Terapia Ocupacional (Bacharelado)
2019-2021,Engenharias – Aeroespacial / Automotiva / Eletrônica / Energia / Software (Bacharelados)**
2019-2021,Ciências Naturais (Licenciatura)
2019-2021,Ciências Naturais (Licenciatura)
2019-2021,Gestão Ambiental (Bacharelado)
2019-2021,Gestão do Agronegócio (Bacharelado)
2020-2022,Campus UnB — Ceilândia / DF
2020-2022,Enfermagem (Bacharelado)
2020-2022,Farmácia (Bacharelado)
2020-2022,Fisioterapia (Bacharelado)
2020-2022,Fonoaudiologia (Bacharelado)
2020-2022,Saúde Coletiva (Bacharelado)
2020-2022,Terapia Ocupacional (Bacharelado)
2020-2022,Campus UnB — Darcy Ribeiro (Plano Piloto) / DF
2020-2022,Administração (Bacharelado)
2020-2022,Administração (Bacharelado)
2020-2022,Agronomia (Bacharelado)
2020-2022,Arquitetura e Urbanismo (Bacharelado)
2020-2022,Arquitetura e Urbanismo (Bacharelado)
2020-2022,Arquivologia (Bacharelado)
2020-2022,Artes Cênicas - Interpretação Teatral (Bacharelado) *
2020-2022,Artes Visuais (Bacharelado)*
2020-2022,Artes Visuais (Licenciatura)*
2020-2022,Biblioteconomia (Bacharelado)
2020-2022,Biotecnologia (Bacharelado)
2020-2022,Ciência da Computação (Bacharelado)
2020-2022,Ciência Política (Bacharelado)
2020-2022,Ciências Ambientais (Bacharelado)
2020-2022,Ciências Biológicas (Bacharelado)
2020-2022,Ciências Contábeis (Bacharelado)
2020-2022,Ciências Contábeis (Bacharelado)
2020-2022,Ciências Econômicas (Bacharelado)
2020-2022,Ciências Sociais – Antropologia / Sociologia (Bacharelado/ Licenciatura)
2020-2022,Computação (Licenciatura)
2020-2022,Comunicação Organizacional (Bacharelado)
2020-2022,Comunicação Social – Audiovisual (Bacharelado)
2020-2022,Comunicação Social - Publicidade e Propaganda (Bacharelado)
2020-2022,Design – Programação Visual/ Projeto do Produto (Bacharelado)
2020-2022,Direito (Bacharelado)
2020-2022,Direito (Bacharelado)
2020-2022,Educação Física (Bacharelado)
2020-2022,Educação Física (Licenciatura)
2020-2022,Enfermagem (Bacharelado)
2020-2022,Engenharia Ambiental (Bacharelado)
2020-2022,Engenharia Civil (Bacharelado)
2020-2022,Engenharia de Computação (Bacharelado)
2020-2022,Engenharia de Produção (Bacharelado)
2020-2022,Engenharia de Redes de Comunicação (Bacharelado)
2020-2022,Engenharia Elétrica (Bacharelado)
2020-2022,Engenharia Florestal (Bacharelado)
2020-2022,Engenharia Mecânica (Bacharelado)
2020-2022,Engenharia Mecatrônica – Controle e Automação (Bacharelado)
2020-2022,Engenharia Química (Bacharelado)
2020-2022,Estatística (Bacharelado)
2020-2022,Farmácia (Bacharelado)
2020-2022,Farmácia (Bacharelado)
2020-2022,Filosofia (Bacharelado/Licenciatura)
2020-2022,Filosofia (Licenciatura)
2020-2022,Física (Bacharelado)
2020-2022,Geofísica (Bacharelado)
2020-2022,Geografia (Bacharelado/Licenciatura)
2020-2022,Geologia (Bacharelado)
2020-2022,Gestão de Agronegócio (Bacharelado)
2020-2022,Gestão de Políticas Públicas (Bacharelado)
2020-2022,História (Bacharelado/Licenciatura)
2020-2022,História (Licenciatura)
2020-2022,Jornalismo (Bacharelado)
2020-2022,Letras – Português do Brasil como Segunda Língua (Licenciatura)
2020-2022,Letras – Tradução – Francês (Bacharelado)
2020-2022,Letras – Tradução – Inglês (Bacharelado)
2020-2022,Letras – Tradução Espanhol (Bacharelado)
2020-2022,Licenciatura em Artes Cênicas*
2020-2022,Licenciatura em Ciências Biológicas
2020-2022,Licenciatura em Física
2020-2022,Licenciatura em Matemática
2020-2022,Licenciatura em Química
2020-2022,Língua e Literatura Japonesa (Licenciatura)
2020-2022,Língua Espanhola e Literatura Espanhola e Hispano-Americana (Licenciatura)
2020-2022,Língua Estrangeira Aplicada – Multilinguismo e Sociedade da Informação (Bacharelado)
2020-2022,Língua Francesa e Respectiva Literatura (Bacharelado/Licenciatura)
2020-2022,Língua Inglesa e Respectiva Literatura (Bacharelado/Licenciatura)
2020-2022,Língua Portuguesa e Respectiva Literatura (Bacharelado/Licenciatura)
2020-2022,Língua Portuguesa e Respectiva Literatura (Licenciatura)
2020-2022,Matemática (Bacharelado/ Licenciatura)
2020-2022,Medicina (Bacharelado)
2020-2022,Medicina Veterinária (Bacharelado)
2020-2022,Museologia (Bacharelado)
2020-2022,Música (Bacharelado)*
2020-2022,Música (Licenciatura)*
2020-2022,Nutrição (Bacharelado)
2020-2022,Odontologia (Bacharelado)
2020-2022,Pedagogia (Licenciatura)
2020-2022,Pedagogia (Licenciatura)
2020-2022,Psicologia (Bacharelado / Licenciatura / Psicólogo)
2020-2022,Química (Bacharelado)
2020-2022,Química Tecnológica (Bacharelado)
2020-2022,Relações Internacionais (Bacharelado)
2020-2022,Saúde Coletiva (Bacharelado)
2020-2022,Serviço Social (Bacharelado)
2020-2022,Serviço Social (Bacharelado)
2020-2022,"Teoria, Crítica e História da Arte (Bacharelado)"
2020-2022,Turismo (Bacharelado)
2020-2022,Campus UnB — Gama / DF
2020-2022,Engenharias – Aeroespacial / Automotiva / Eletrônica / Energia / Software (Bacharelados)**
2020-2022,Campus UnB — Planaltina / DF
2020-2022,Ciências Naturais (Licenciatura)
2020-2022,Ciências Naturais (Licenciatura)
2020-2022,Gestão Ambiental (Bacharelado)
2020-2022,Gestão do Agronegócio (Bacharelado)
2021-2023,Campus UnB — Ceilândia / DF
2021-2023,Enfermagem (Bacharelado)
2021-2023,Farmácia (Bacharelado)
2021-2023,Fisioterapia (Bacharelado)
2021-2023,Fonoaudiologia (Bacharelado)
2021-2023,Saúde Coletiva (Bacharelado)
2021-2023,Terapia Ocupacional (Bacharelado)
2021-2023,Campus UnB — Darcy Ribeiro (Plano Piloto) / DF
2021-2023,Administração (Bacharelado)
2021-2023,Administração (Bacharelado)
2021-2023,Agronomia (Bacharelado)
2021-2023,Arquitetura e Urbanismo (Bacharelado)
2021-2023,Arquitetura e Urbanismo (Bacharelado)
2021-2023,Arquivologia (Bacharelado)
2021-2023,Artes Cênicas - Interpretação Teatral (Bacharelado)
2021-2023,Artes Visuais (Bacharelado)*
2021-2023,Biblioteconomia (Bacharelado)
2021-2023,Biotecnologia (Bacharelado)
2021-2023,Ciência da Computação (Bacharelado)
2021-2023,Ciência Política (Bacharelado)
2021-2023,Ciências Ambientais (Bacharelado)
2021-2023,Ciências Biológicas (Bacharelado)
2021-2023,Ciências Contábeis (Bacharelado)
2021-2023,Ciências Contábeis (Bacharelado)
2021-2023,Ciências Econômicas (Bacharelado)
2021-2023,Ciências Sociais – Antropologia / Sociologia (Bacharelado/ Licenciatura)
2021-2023,Computação (Licenciatura)
2021-2023,Comunicação Organizacional (Bacharelado)
2021-2023,Comunicação Social – Audiovisual (Bacharelado)
2021-2023,Comunicação Social - Publicidade e Propaganda (Bacharelado)
2021-2023,Design – Programação Visual/ Projeto do Produto (Bacharelado)
2021-2023,Direito (Bacharelado)
2021-2023,Direito (Bacharelado)
2021-2023,Educação Física (Bacharelado)
2021-2023,Educação Física (Licenciatura)
2021-2023,Enfermagem (Bacharelado)
2021-2023,Engenharia Ambiental (Bacharelado)
2021-2023,Engenharia Civil (Bacharelado)
2021-2023,Engenharia de Computação (Bacharelado)
2021-2023,Engenharia de Produção (Bacharelado)
2021-2023,Engenharia de Redes de Comunicação (Bacharelado)
2021-2023,Engenharia Elétrica (Bacharelado)
2021-2023,Engenharia Florestal (Bacharelado)
2021-2023,Engenharia Mecânica (Bacharelado)
2021-2023,Engenharia Mecatrônica – Controle e Automação (Bacharelado)
2021-2023,Engenharia Química (Bacharelado)
2021-2023,Estatística (Bacharelado)
2021-2023,Farmácia (Bacharelado)
2021-2023,Farmácia (Bacharelado)
2021-2023,Filosofia (Bacharelado/Licenciatura)
2021-2023,Filosofia (Licenciatura)
2021-2023,Física (Bacharelado)
2021-2023,Geofísica (Bacharelado)
2021-2023,Geografia (Bacharelado/Licenciatura)
2021-2023,Geologia (Bacharelado)
2021-2023,Gestão de Agronegócio (Bacharelado)
2021-2023,Gestão de Políticas Públicas (Bacharelado)
2021-2023,História (Bacharelado/Licenciatura)
2021-2023,História (Licenciatura)
2021-2023,Jornalismo (Bacharelado)
2021-2023,Letras – Português do Brasil como Segunda Língua (Licenciatura)
2021-2023,Letras – Tradução – Francês (Bacharelado)
2021-2023,Letras – Tradução – Inglês (Bacharelado)
2021-2023,Letras – Tradução Espanhol (Bacharelado)
2021-2023,Licenciatura em Artes Cênicas
2021-2023,Licenciatura em Artes Cênicas
2021-2023,Licenciatura em Ciências Biológicas
2021-2023,Licenciatura em Física
2021-2023,Licenciatura em Matemática
2021-2023,Licenciatura em Química
2021-2023,Língua e Literatura Japonesa (Licenciatura)
2021-2023,Língua Espanhola e Literatura Espanhola e Hispano-Americana (Licenciatura)
2021-2023,Língua Estrangeira Aplicada – Multilinguismo e Sociedade da Informação (Bacharelado)
2021-2023,Língua Francesa e Respectiva Literatura (Bacharelado/Licenciatura)
2021-2023,Língua Inglesa e Respectiva Literatura (Bacharelado/Licenciatura)
2021-2023,Língua Portuguesa e Respectiva Literatura (Bacharelado/Licenciatura)
2021-2023,Língua Portuguesa e Respectiva Literatura (Licenciatura)
2021-2023,Matemática (Bacharelado/ Licenciatura)
2021-2023,Medicina (Bacharelado)
2021-2023,Medicina Veterinária (Bacharelado)
2021-2023,Museologia (Bacharelado)
2021-2023,Música (Bacharelado)*
2021-2023,Música (Licenciatura)*
2021-2023,Nutrição (Bacharelado)
2021-2023,Odontologia (Bacharelado)
2021-2023,Pedagogia (Licenciatura)
2021-2023,Pedagogia (Licenciatura)
2021-2023,Psicologia (Bacharelado / Licenciatura / Psicólogo)
2021-2023,Química (Bacharelado)
2021-2023,Química Tecnológica (Bacharelado)
2021-2023,Relações Internacionais (Bacharelado)
2021-2023,Saúde Coletiva (Bacharelado)
2021-2023,Serviço Social (Bacharelado)
2021-2023,Serviço Social (Bacharelado)
2021-2023,"Teoria, Crítica e História da Arte (Bacharelado)"
2021-2023,Turismo (Bacharelado)
2021-2023,Campus UnB — Gama / DF
2021-2023,Engenharias – Aeroespacial / Automotiva / Eletrônica / Energia / Software (Bacharelados)**
2021-2023,Campus UnB — Planaltina / DF
2021-2023,Ciências Naturais (Licenciatura)
2021-2023,Ciências Naturais (Licenciatura)
2021-2023,Gestão do Agronegócio (Bacharelado)
2022-2024,Campus UnB — Ceilândia / DF
2022-2024,Enfermagem (Bacharelado)
2022-2024,Farmácia (Bacharelado)
2022-2024,Fisioterapia (Bacharelado)
2022-2024,Fonoaudiologia (Bacharelado)
2022-2024,Terapia Ocupacional (Bacharelado)
2022-2024,Campus UnB — Darcy Ribeiro (Plano Piloto) / DF
2022-2024,Administração (Bacharelado)
2022-2024,Administração (Bacharelado)
2022-2024,Agronomia (Bacharelado)
2022-2024,Arquitetura e Urbanismo (Bacharelado)
2022-2024,Arquitetura e Urbanismo (Bacharelado)
2022-2024,Artes Cênicas - Interpretação Teatral (Bacharelado)
2022-2024,Artes Visuais (Bacharelado)
2022-2024,Artes Visuais Licenciatura
2022-2024,Biotecnologia (Bacharelado)
2022-2024,Ciência da Computação (Bacharelado)
2022-2024,Ciência Política (Bacharelado)
2022-2024,Ciências Biológicas (Bacharelado)
2022-2024,Ciências Contábeis (Bacharelado)
2022-2024,Ciências Econômicas (Bacharelado)
2022-2024,Computação (Licenciatura)
2022-2024,Comunicação Organizacional (Bacharelado)
2022-2024,Comunicação Social – Audiovisual (Bacharelado)
2022-2024,Comunicação Social - Publicidade e Propaganda (Bacharelado)
2022-2024,Design – Programação Visual/ Projeto do Produto (Bacharelado)
2022-2024,Direito (Bacharelado)
2022-2024,Direito (Bacharelado)
2022-2024,Educação Física Ciclo Básico
2022-2024,Enfermagem (Bacharelado)
2022-2024,Engenharia Civil (Bacharelado)
2022-2024,Engenharia de Computação (Bacharelado)
2022-2024,Engenharia de Produção (Bacharelado)
2022-2024,Engenharia de Redes de Comunicação (Bacharelado)
2022-2024,Engenharia Elétrica (Bacharelado)
2022-2024,Engenharia Mecânica (Bacharelado)
2022-2024,Engenharia Mecatrônica – Controle e Automação (Bacharelado)
2022-2024,Engenharia Química (Bacharelado)
2022-2024,Estatística (Bacharelado)
2022-2024,Farmácia (Bacharelado)
2022-2024,Farmácia (Bacharelado)
2022-2024,História (Bacharelado/Licenciatura)
2022-2024,Jornalismo (Bacharelado)
2022-2024,Letras – Tradução – Inglês (Bacharelado)
2022-2024,Língua Inglesa e Respectiva Literatura (Bacharelado/Licenciatura)
2022-2024,Língua Portuguesa e Respectiva Literatura (Bacharelado/Licenciatura)
2022-2024,Matemática (Bacharelado/ Licenciatura)
2022-2024,Medicina (Bacharelado)
2022-2024,Medicina Veterinária (Bacharelado)
2022-2024,Nutrição (Bacharelado)
2022-2024,Odontologia (Bacharelado)
2022-2024,Pedagogia (Licenciatura)
2022-2024,Psicologia (Bacharelado / Licenciatura / Psicólogo)
2022-2024,Química (Bacharelado)
2022-2024,Relações Internacionais (Bacharelado)
2022-2024,Campus UnB — Gama / DF
2022-2024,Engenharias – Aeroespacial / Automotiva / Eletrônica / Energia / Software (Bacharelados)**
2023-2025,Campus UnB — Ceilândia / DF
2023-2025,Enfermagem (Bacharelado)
2023-2025,Farmácia (Bacharelado)
2023-2025,Fisioterapia (Bacharelado)
2023-2025,Fonoaudiologia (Bacharelado)
2023-2025,Saúde Coletiva (Bacharelado)
2023-2025,Terapia Ocupacional (Bacharelado)
2023-2025,Campus UnB — Darcy Ribeiro (Plano Piloto) / DF
2023-2025,Administração (Bacharelado)
2023-2025,Administração (Bacharelado)
2023-2025,Agronomia (Bacharelado)
2023-2025,Arquitetura e Urbanismo (Bacharelado)
2023-2025,Arquitetura e Urbanismo (Bacharelado)
2023-2025,Arquivologia (Bacharelado)
2023-2025,Artes Cênicas (Bacharelado)
2023-2025,Artes Cênicas (Licenciatura)
2023-2025,Artes Cênicas (Licenciatura)
2023-2025,Artes Visuais (Bacharelado)
2023-2025,Biblioteconomia (Bacharelado)
2023-2025,Biotecnologia (Bacharelado)
2023-2025,Ciência da Computação (Bacharelado)
2023-2025,Ciência Política (Bacharelado)
2023-2025,Ciências Ambientais (Bacharelado)
2023-2025,Ciências Biológicas (Bacharelado)
2023-2025,Ciências Biológicas (Licenciatura)
2023-2025,Ciências Contábeis (Bacharelado)
2023-2025,Ciências Contábeis (Bacharelado)
2023-2025,Ciências Econômicas (Bacharelado)
2023-2025,Ciências Sociais – Antropologia/ Sociologia (Bacharelado/Licenciatura)
2023-2025,Computação (Licenciatura)
2023-2025,Comunicação Organizacional (Bacharelado)
2023-2025,Comunicação Social – Audiovisual (Bacharelado)
2023-2025,Comunicação Social – Publicidade e Propaganda (Bacharelado)
2023-2025,Design (Bacharelado)
2023-2025,Direito (Bacharelado)
2023-2025,Direito (Bacharelado)
2023-2025,Educação Física Ciclo Básico (Bacharelado/Licenciatura)
2023-2025,Enfermagem (Bacharelado)
2023-2025,Engenharia Ambiental (Bacharelado)
2023-2025,Engenharia Civil (Bacharelado)
2023-2025,Engenharia de Computação (Bacharelado)
2023-2025,Engenharia de Produção (Bacharelado)
2023-2025,Engenharia de Redes de Comunicação (Bacharelado)
2023-2025,Engenharia Elétrica (Bacharelado)
2023-2025,Engenharia Florestal (Bacharelado)
2023-2025,Engenharia Mecânica (Bacharelado)
2023-2025,Engenharia Mecatrônica (Bacharelado)
2023-2025,Engenharia Química (Bacharelado)
2023-2025,Estatística (Bacharelado)
2023-2025,Farmácia (Bacharelado)
2023-2025,Farmácia (Bacharelado)
2023-2025,Filosofia (Bacharelado/Licenciatura)
2023-2025,Filosofia (Licenciatura)
2023-2025,Física (Bacharelado)
2023-2025,Física (Licenciatura)
2023-2025,Geofísica (Bacharelado)
2023-2025,Geografia (Bacharelado/Licenciatura)
2023-2025,Geologia (Bacharelado)
2023-2025,Gestão de Agronegócio (Bacharelado)
2023-2025,Gestão de Políticas Públicas (Bacharelado)
2023-2025,História (Bacharelado/Licenciatura)
2023-2025,História (Licenciatura)
2023-2025,Jornalismo (Bacharelado)
2023-2025,Letras Português do Brasil como Seg. Língua (Licenciatura)
2023-2025,Letras Tradução Espanhol (Bacharelado)
2023-2025,Letras Tradução Francês (Bacharelado)
2023-2025,Letras Tradução Inglês (Bacharelado)
2023-2025,Língua e Literatura Japonesa (Licenciatura)
2023-2025,Língua Espanhola e Literatura Espanhola e Hispano - Americana (Licenciatura)
2023-2025,Língua Francesa (Bacharelado/ Licenciatura)
2023-2025,Língua Inglesa (Bacharelado/ Licenciatura)
2023-2025,Língua Portuguesa (Bacharelado/ Licenciatura)
2023-2025,Língua Portuguesa (Licenciatura)
2023-2025,Línguas Estrangeiras Aplicadas (Bacharelado)
2023-2025,Matemática (Bacharelado/Licenciatura)
2023-2025,Matemática (Licenciatura)
2023-2025,Medicina (Bacharelado)
2023-2025,Medicina Veterinária (Bacharelado)
2023-2025,Museologia (Bacharelado)
2023-2025,Música (Bacharelado)*
2023-2025,Música (Licenciatura)*
2023-2025,Nutrição (Bacharelado)
2023-2025,Odontologia (Bacharelado)
2023-2025,Pedagogia (Licenciatura)
2023-2025,Pedagogia (Licenciatura)
2023-2025,Psicologia (Bacharelado/Licenciatura/ Psicólogo)
2023-2025,Química (Bacharelado)
2023-2025,Química (Licenciatura)
2023-2025,Química Tecnológica (Bacharelado)
2023-2025,Relações Internacionais (Bacharelado)
2023-2025,Saúde Coletiva (Bacharelado)
2023-2025,Serviço Social (Bacharelado)
2023-2025,Serviço Social (Bacharelado)
2023-2025,Teoria Crítica e História da Arte (Bacharelado)
2023-2025,Turismo (Bacharelado)
2023-2025,Campus UnB — Planaltina / DF
2023-2025,Ciências Naturais (Licenciatura)
2023-2025,Gestão do Agronegócio (Bacharelado)
2023-2025,Campus UnB — Gama / DF
2023-2025,Engenharias – Aeroespacial / Automotiva / Eletrônica / Energia / Software (Bacharelados)**
