Curso original,Triênios,Número_de_triênios,Ocorrências
Farmácia (Bacharelado),"2018-2020, 2019-2021, 2020-2022, 2021-2023, 2022-2024, 2023-2025",6,18
Administração (Bacharelado),"2018-2020, 2019-2021, 2020-2022, 2021-2023, 2022-2024, 2023-2025",6,12
Arquitetura e Urbanismo (Bacharelado),"2018-2020, 2019-2021, 2020-2022, 2021-2023, 2022-2024, 2023-2025",6,12
Direito (Bacharelado),"2018-2020, 2019-2021, 2020-2022, 2021-2023, 2022-2024, 2023-2025",6,12
Enfermagem (Bacharelado),"2018-2020, 2019-2021, 2020-2022, 2021-2023, 2022-2024, 2023-2025",6,12
Pedagogia (Licenciatura),"2018-2020, 2019-2021, 2020-2022, 2021-2023, 2022-2024, 2023-2025",6,11
Ciências Contábeis (Bacharelado),"2018-2020, 2019-2021, 2020-2022, 2021-2023, 2022-2024, 2023-2025",6,10
Agronomia (Bacharelado),"2018-2020, 2019-2021, 2020-2022, 2021-2023, 2022-2024, 2023-2025",6,6
Biotecnologia (Bacharelado),"2018-2020, 2019-2021, 2020-2022, 2021-2023, 2022-2024, 2023-2025",6,6
Ciência Política (Bacharelado),"2018-2020, 2019-2021, 2020-2022, 2021-2023, 2022-2024, 2023-2025",6,6
Ciência da Computação (Bacharelado),"2018-2020, 2019-2021, 2020-2022, 2021-2023, 2022-2024, 2023-2025",6,6
Ciências Econômicas (Bacharelado),"2018-2020, 2019-2021, 2020-2022, 2021-2023, 2022-2024, 2023-2025",6,6
Computação (Licenciatura),"2018-2020, 2019-2021, 2020-2022, 2021-2023, 2022-2024, 2023-2025",6,6
Comunicação Organizacional (Bacharelado),"2018-2020, 2019-2021, 2020-2022, 2021-2023, 2022-2024, 2023-2025",6,6
Comunicação Social – Audiovisual (Bacharelado),"2018-2020, 2019-2021, 2020-2022, 2021-2023, 2022-2024, 2023-2025",6,6
Engenharia Civil (Bacharelado),"2018-2020, 2019-2021, 2020-2022, 2021-2023, 2022-2024, 2023-2025",6,6
Engenharia Elétrica (Bacharelado),"2018-2020, 2019-2021, 2020-2022, 2021-2023, 2022-2024, 2023-2025",6,6
Engenharia Mecânica (Bacharelado),"2018-2020, 2019-2021, 2020-2022, 2021-2023, 2022-2024, 2023-2025",6,6
Engenharia Química (Bacharelado),"2018-2020, 2019-2021, 2020-2022, 2021-2023, 2022-2024, 2023-2025",6,6
Engenharia de Computação (Bacharelado),"2018-2020, 2019-2021, 2020-2022, 2021-2023, 2022-2024, 2023-2025",6,6
Engenharia de Produção (Bacharelado),"2018-2020, 2019-2021, 2020-2022, 2021-2023, 2022-2024, 2023-2025",6,6
Engenharia de Redes de Comunicação (Bacharelado),"2018-2020, 2019-2021, 2020-2022, 2021-2023, 2022-2024, 2023-2025",6,6
Engenharias – Aeroespacial / Automotiva / Eletrônica / Energia / Software (Bacharelados)**,"2018-2020, 2019-2021, 2020-2022, 2021-2023, 2022-2024, 2023-2025",6,6
Estatística (Bacharelado),"2018-2020, 2019-2021, 2020-2022, 2021-2023, 2022-2024, 2023-2025",6,6
Fisioterapia (Bacharelado),"2018-2020, 2019-2021, 2020-2022, 2021-2023, 2022-2024, 2023-2025",6,6
Fonoaudiologia (Bacharelado),"2018-2020, 2019-2021, 2020-2022, 2021-2023, 2022-2024, 2023-2025",6,6
Jornalismo (Bacharelado),"2018-2020, 2019-2021, 2020-2022, 2021-2023, 2022-2024, 2023-2025",6,6
Medicina (Bacharelado),"2018-2020, 2019-2021, 2020-2022, 2021-2023, 2022-2024, 2023-2025",6,6
Medicina Veterinária (Bacharelado),"2018-2020, 2019-2021, 2020-2022, 2021-2023, 2022-2024, 2023-2025",6,6
Nutrição (Bacharelado),"2018-2020, 2019-2021, 2020-2022, 2021-2023, 2022-2024, 2023-2025",6,6
Odontologia (Bacharelado),"2018-2020, 2019-2021, 2020-2022, 2021-2023, 2022-2024, 2023-2025",6,6
Química (Bacharelado),"2018-2020, 2019-2021, 2020-2022, 2021-2023, 2022-2024, 2023-2025",6,6
Relações Internacionais (Bacharelado),"2018-2020, 2019-2021, 2020-2022, 2021-2023, 2022-2024, 2023-2025",6,6
Terapia Ocupacional (Bacharelado),"2018-2020, 2019-2021, 2020-2022, 2021-2023, 2022-2024, 2023-2025",6,6
Saúde Coletiva (Bacharelado),"2018-2020, 2019-2021, 2020-2022, 2021-2023, 2023-2025",5,10
Serviço Social (Bacharelado),"2018-2020, 2019-2021, 2020-2022, 2021-2023, 2023-2025",5,10
Ciências Naturais (Licenciatura),"2018-2020, 2019-2021, 2020-2022, 2021-2023, 2023-2025",5,9
Biblioteconomia (Bacharelado),"2018-2020, 2019-2021, 2020-2022, 2021-2023, 2023-2025",5,5
Campus UnB — Ceilândia / DF,"2018-2020, 2020-2022, 2021-2023, 2022-2024, 2023-2025",5,5
Campus UnB — Darcy Ribeiro (Plano Piloto) / DF,"2018-2020, 2020-2022, 2021-2023, 2022-2024, 2023-2025",5,5
Campus UnB — Gama / DF,"2018-2020, 2020-2022, 2021-2023, 2022-2024, 2023-2025",5,5
Ciências Biológicas (Bacharelado),"2018-2020, 2020-2022, 2021-2023, 2022-2024, 2023-2025",5,5
Comunicação Social - Publicidade e Propaganda (Bacharelado),"2018-2020, 2019-2021, 2020-2022, 2021-2023, 2022-2024",5,5
Engenharia Ambiental (Bacharelado),"2018-2020, 2019-2021, 2020-2022, 2021-2023, 2023-2025",5,5
Engenharia Florestal (Bacharelado),"2018-2020, 2019-2021, 2020-2022, 2021-2023, 2023-2025",5,5
Engenharia Mecatrônica – Controle e Automação (Bacharelado),"2018-2020, 2019-2021, 2020-2022, 2021-2023, 2022-2024",5,5
Filosofia (Licenciatura),"2018-2020, 2019-2021, 2020-2022, 2021-2023, 2023-2025",5,5
Física (Bacharelado),"2018-2020, 2019-2021, 2020-2022, 2021-2023, 2023-2025",5,5
Geofísica (Bacharelado),"2018-2020, 2019-2021, 2020-2022, 2021-2023, 2023-2025",5,5
Geologia (Bacharelado),"2018-2020, 2019-2021, 2020-2022, 2021-2023, 2023-2025",5,5
Gestão de Agronegócio (Bacharelado),"2018-2020, 2019-2021, 2020-2022, 2021-2023, 2023-2025",5,5
Gestão de Políticas Públicas (Bacharelado),"2018-2020, 2019-2021, 2020-2022, 2021-2023, 2023-2025",5,5
Gestão do Agronegócio (Bacharelado),"2018-2020, 2019-2021, 2020-2022, 2021-2023, 2023-2025",5,5
História (Bacharelado/Licenciatura),"2018-2020, 2020-2022, 2021-2023, 2022-2024, 2023-2025",5,5
História (Licenciatura),"2018-2020, 2019-2021, 2020-2022, 2021-2023, 2023-2025",5,5
Letras – Tradução – Inglês (Bacharelado),"2018-2020, 2019-2021, 2020-2022, 2021-2023, 2022-2024",5,5
Língua e Literatura Japonesa (Licenciatura),"2018-2020, 2019-2021, 2020-2022, 2021-2023, 2023-2025",5,5
Museologia (Bacharelado),"2018-2020, 2019-2021, 2020-2022, 2021-2023, 2023-2025",5,5
Música (Licenciatura)*,"2018-2020, 2019-2021, 2020-2022, 2021-2023, 2023-2025",5,5
Psicologia (Bacharelado / Licenciatura / Psicólogo),"2018-2020, 2019-2021, 2020-2022, 2021-2023, 2022-2024",5,5
Química Tecnológica (Bacharelado),"2018-2020, 2019-2021, 2020-2022, 2021-2023, 2023-2025",5,5
Turismo (Bacharelado),"2018-2020, 2019-2021, 2020-2022, 2021-2023, 2023-2025",5,5
Arquivologia (Bacharelado),"2018-2020, 2020-2022, 2021-2023, 2023-2025",4,4
Artes Visuais (Bacharelado)*,"2018-2020, 2019-2021, 2020-2022, 2021-2023",4,4
Campus UnB — Planaltina / DF,"2018-2020, 2020-2022, 2021-2023, 2023-2025",4,4
Ciências Ambientais (Bacharelado),"2018-2020, 2020-2022, 2021-2023, 2023-2025",4,4
Design – Programação Visual/ Projeto do Produto (Bacharelado),"2018-2020, 2020-2022, 2021-2023, 2022-2024",4,4
Educação Física (Bacharelado),"2018-2020, 2019-2021, 2020-2022, 2021-2023",4,4
Educação Física (Licenciatura),"2018-2020, 2019-2021, 2020-2022, 2021-2023",4,4
Filosofia (Bacharelado/Licenciatura),"2018-2020, 2020-2022, 2021-2023, 2023-2025",4,4
Geografia (Bacharelado/Licenciatura),"2018-2020, 2020-2022, 2021-2023, 2023-2025",4,4
Letras – Português do Brasil como Segunda Língua (Licenciatura),"2018-2020, 2019-2021, 2020-2022, 2021-2023",4,4
Letras – Tradução Espanhol (Bacharelado),"2018-2020, 2019-2021, 2020-2022, 2021-2023",4,4
Letras – Tradução – Francês (Bacharelado),"2018-2020, 2019-2021, 2020-2022, 2021-2023",4,4
Licenciatura em Ciências Biológicas,"2018-2020, 2019-2021, 2020-2022, 2021-2023",4,4
Licenciatura em Física,"2018-2020, 2019-2021, 2020-2022, 2021-2023",4,4
Licenciatura em Matemática,"2018-2020, 2019-2021, 2020-2022, 2021-2023",4,4
Licenciatura em Química,"2018-2020, 2019-2021, 2020-2022, 2021-2023",4,4
Língua Espanhola e Literatura Espanhola e Hispano-Americana (Licenciatura),"2018-2020, 2019-2021, 2020-2022, 2021-2023",4,4
Língua Estrangeira Aplicada – Multilinguismo e Sociedade da Informação (Bacharelado),"2018-2020, 2019-2021, 2020-2022, 2021-2023",4,4
Língua Inglesa e Respectiva Literatura (Bacharelado/Licenciatura),"2018-2020, 2020-2022, 2021-2023, 2022-2024",4,4
Língua Portuguesa e Respectiva Literatura (Bacharelado/Licenciatura),"2018-2020, 2020-2022, 2021-2023, 2022-2024",4,4
Língua Portuguesa e Respectiva Literatura (Licenciatura),"2018-2020, 2019-2021, 2020-2022, 2021-2023",4,4
Matemática (Bacharelado/ Licenciatura),"2018-2020, 2020-2022, 2021-2023, 2022-2024",4,4
Música (Bacharelado)*,"2018-2020, 2020-2022, 2021-2023, 2023-2025",4,4
"Teoria, Crítica e História da Arte (Bacharelado)","2018-2020, 2019-2021, 2020-2022, 2021-2023",4,4
Licenciatura em Artes Cênicas*,"2018-2020, 2019-2021, 2020-2022",3,5
Artes Cênicas - Interpretação Teatral (Bacharelado) *,"2018-2020, 2019-2021, 2020-2022",3,3
Ciências Sociais – Antropologia / Sociologia (Bacharelado/ Licenciatura),"2018-2020, 2020-2022, 2021-2023",3,3
Gestão Ambiental (Bacharelado),"2018-2020, 2019-2021, 2020-2022",3,3
Língua Francesa e Respectiva Literatura (Bacharelado/Licenciatura),"2018-2020, 2020-2022, 2021-2023",3,3
Artes Visuais (Licenciatura)*,"2018-2020, 2020-2022",2,3
Artes Cênicas - Interpretação Teatral (Bacharelado),"2021-2023, 2022-2024",2,2
Artes Visuais (Bacharelado),"2022-2024, 2023-2025",2,2
Licenciatura em Música*,"2018-2020, 2019-2021",2,2
Artes Cênicas (Licenciatura),2023-2025,1,2
Licenciatura em Artes Cênicas,2021-2023,1,2
Arquivologia,2019-2021,1,1
Artes Cênicas (Bacharelado),2023-2025,1,1
Artes Visuais Licenciatura,2022-2024,1,1
Ciências Ambientais,2019-2021,1,1
Ciências Biológicas,2019-2021,1,1
Ciências Biológicas (Licenciatura),2023-2025,1,1
Ciências Contábeis,2019-2021,1,1
Ciências Sociais – Antropologia / Sociologia (Bacharelado/Licenciat ura),2019-2021,1,1
Ciências Sociais – Antropologia/ Sociologia (Bacharelado/Licenciatura),2023-2025,1,1
Comunicação Social – Publicidade e Propaganda (Bacharelado),2023-2025,1,1
Design (Bacharelado),2023-2025,1,1
Design – Programação Visual/Projeto do Produto (Bacharelado),2019-2021,1,1
Educação Física Ciclo Básico,2022-2024,1,1
Educação Física Ciclo Básico (Bacharelado/Licenciatura),2023-2025,1,1
Engenharia Mecatrônica (Bacharelado),2023-2025,1,1
Filosofia (Bacharelado/Licenciat ura),2019-2021,1,1
Física (Licenciatura),2023-2025,1,1
Geografia (Bacharelado/Licenciat ura),2019-2021,1,1
História (Bacharelado/Licenciat ura),2019-2021,1,1
Letras Português do Brasil como Seg. Língua (Licenciatura),2023-2025,1,1
Letras Tradução Espanhol (Bacharelado),2023-2025,1,1
Letras Tradução Francês (Bacharelado),2023-2025,1,1
Letras Tradução Inglês (Bacharelado),2023-2025,1,1
Língua Espanhola e Literatura Espanhola e Hispano - Americana (Licenciatura),2023-2025,1,1
Língua Francesa (Bacharelado/ Licenciatura),2023-2025,1,1
Língua Francesa e Respectiva Literatura (Bacharelado/Licenciat ura),2019-2021,1,1
Língua Inglesa (Bacharelado/ Licenciatura),2023-2025,1,1
Língua Inglesa e Respectiva Literatura (Bacharelado/Licenciat ura),2019-2021,1,1
Língua Portuguesa (Bacharelado/ Licenciatura),2023-2025,1,1
Língua Portuguesa (Licenciatura),2023-2025,1,1
Língua Portuguesa e Respectiva Literatura (Bacharelado/Licenciat ura),2019-2021,1,1
Línguas Estrangeiras Aplicadas (Bacharelado),2023-2025,1,1
Matemática (Bacharelado/Licenciat ura),2019-2021,1,1
Matemática (Bacharelado/Licenciatura),2023-2025,1,1
Matemática (Licenciatura),2023-2025,1,1
Psicologia (Bacharelado/Licenciatura/ Psicólogo),2023-2025,1,1
Química (Licenciatura),2023-2025,1,1
Teoria Crítica e História da Arte (Bacharelado),2023-2025,1,1
