Curso,2018-2020,2019-2021,2020-2022,2021-2023,2022-2024,2023-2025
Administração (Bacharelado),1,1,1,1,1,1
Agronomia (Bacharelado),1,1,1,1,1,1
Arquitetura e Urbanismo (Bacharelado),1,1,1,1,1,1
Arquivologia,0,1,0,0,0,0
Arquivologia (Bacharelado),1,0,1,1,0,1
Artes Cênicas (Bacharelado),0,0,0,0,0,1
Artes Cênicas (Licenciatura),0,0,0,0,0,1
Artes Cênicas - Interpretação Teatral (Bacharelado),0,0,0,1,1,0
Artes Cênicas - Interpretação Teatral (Bacharelado) *,1,1,1,0,0,0
Artes Visuais (Bacharelado),0,0,0,0,1,1
Artes Visuais (Bacharelado)*,1,1,1,1,0,0
Artes Visuais (Licenciatura)*,1,0,1,0,0,0
Artes Visuais Licenciatura,0,0,0,0,1,0
Biblioteconomia (Bacharelado),1,1,1,1,0,1
Biotecnologia (Bacharelado),1,1,1,1,1,1
Campus UnB — Ceilândia / DF,1,0,1,1,1,1
Campus UnB — Darcy Ribeiro (Plano Piloto) / DF,1,0,1,1,1,1
Campus UnB — Gama / DF,1,0,1,1,1,1
Campus UnB — Planaltina / DF,1,0,1,1,0,1
Ciência Política (Bacharelado),1,1,1,1,1,1
Ciência da Computação (Bacharelado),1,1,1,1,1,1
Ciências Ambientais,0,1,0,0,0,0
Ciências Ambientais (Bacharelado),1,0,1,1,0,1
Ciências Biológicas,0,1,0,0,0,0
Ciências Biológicas (Bacharelado),1,0,1,1,1,1
Ciências Biológicas (Licenciatura),0,0,0,0,0,1
Ciências Contábeis,0,1,0,0,0,0
Ciências Contábeis (Bacharelado),1,1,1,1,1,1
Ciências Econômicas (Bacharelado),1,1,1,1,1,1
Ciências Naturais (Licenciatura),1,1,1,1,0,1
Ciências Sociais – Antropologia / Sociologia (Bacharelado/ Licenciatura),1,0,1,1,0,0
Ciências Sociais – Antropologia / Sociologia (Bacharelado/Licenciat ura),0,1,0,0,0,0
Ciências Sociais – Antropologia/ Sociologia (Bacharelado/Licenciatura),0,0,0,0,0,1
Computação (Licenciatura),1,1,1,1,1,1
Comunicação Organizacional (Bacharelado),1,1,1,1,1,1
Comunicação Social - Publicidade e Propaganda (Bacharelado),1,1,1,1,1,0
Comunicação Social – Audiovisual (Bacharelado),1,1,1,1,1,1
Comunicação Social – Publicidade e Propaganda (Bacharelado),0,0,0,0,0,1
Design (Bacharelado),0,0,0,0,0,1
Design – Programação Visual/ Projeto do Produto (Bacharelado),1,0,1,1,1,0
Design – Programação Visual/Projeto do Produto (Bacharelado),0,1,0,0,0,0
Direito (Bacharelado),1,1,1,1,1,1
Educação Física (Bacharelado),1,1,1,1,0,0
Educação Física (Licenciatura),1,1,1,1,0,0
Educação Física Ciclo Básico,0,0,0,0,1,0
Educação Física Ciclo Básico (Bacharelado/Licenciatura),0,0,0,0,0,1
Enfermagem (Bacharelado),1,1,1,1,1,1
Engenharia Ambiental (Bacharelado),1,1,1,1,0,1
Engenharia Civil (Bacharelado),1,1,1,1,1,1
Engenharia Elétrica (Bacharelado),1,1,1,1,1,1
Engenharia Florestal (Bacharelado),1,1,1,1,0,1
Engenharia Mecatrônica (Bacharelado),0,0,0,0,0,1
Engenharia Mecatrônica – Controle e Automação (Bacharelado),1,1,1,1,1,0
Engenharia Mecânica (Bacharelado),1,1,1,1,1,1
Engenharia Química (Bacharelado),1,1,1,1,1,1
Engenharia de Computação (Bacharelado),1,1,1,1,1,1
Engenharia de Produção (Bacharelado),1,1,1,1,1,1
Engenharia de Redes de Comunicação (Bacharelado),1,1,1,1,1,1
Engenharias – Aeroespacial / Automotiva / Eletrônica / Energia / Software (Bacharelados)**,1,1,1,1,1,1
Estatística (Bacharelado),1,1,1,1,1,1
Farmácia (Bacharelado),1,1,1,1,1,1
Filosofia (Bacharelado/Licenciat ura),0,1,0,0,0,0
Filosofia (Bacharelado/Licenciatura),1,0,1,1,0,1
Filosofia (Licenciatura),1,1,1,1,0,1
Fisioterapia (Bacharelado),1,1,1,1,1,1
Fonoaudiologia (Bacharelado),1,1,1,1,1,1
Física (Bacharelado),1,1,1,1,0,1
Física (Licenciatura),0,0,0,0,0,1
Geofísica (Bacharelado),1,1,1,1,0,1
Geografia (Bacharelado/Licenciat ura),0,1,0,0,0,0
Geografia (Bacharelado/Licenciatura),1,0,1,1,0,1
Geologia (Bacharelado),1,1,1,1,0,1
Gestão Ambiental (Bacharelado),1,1,1,0,0,0
Gestão de Agronegócio (Bacharelado),1,1,1,1,0,1
Gestão de Políticas Públicas (Bacharelado),1,1,1,1,0,1
Gestão do Agronegócio (Bacharelado),1,1,1,1,0,1
História (Bacharelado/Licenciat ura),0,1,0,0,0,0
História (Bacharelado/Licenciatura),1,0,1,1,1,1
História (Licenciatura),1,1,1,1,0,1
Jornalismo (Bacharelado),1,1,1,1,1,1
Letras Português do Brasil como Seg. Língua (Licenciatura),0,0,0,0,0,1
Letras Tradução Espanhol (Bacharelado),0,0,0,0,0,1
Letras Tradução Francês (Bacharelado),0,0,0,0,0,1
Letras Tradução Inglês (Bacharelado),0,0,0,0,0,1
Letras – Português do Brasil como Segunda Língua (Licenciatura),1,1,1,1,0,0
Letras – Tradução Espanhol (Bacharelado),1,1,1,1,0,0
Letras – Tradução – Francês (Bacharelado),1,1,1,1,0,0
Letras – Tradução – Inglês (Bacharelado),1,1,1,1,1,0
Licenciatura em Artes Cênicas,0,0,0,1,0,0
Licenciatura em Artes Cênicas*,1,1,1,0,0,0
Licenciatura em Ciências Biológicas,1,1,1,1,0,0
Licenciatura em Física,1,1,1,1,0,0
Licenciatura em Matemática,1,1,1,1,0,0
Licenciatura em Música*,1,1,0,0,0,0
Licenciatura em Química,1,1,1,1,0,0
Língua Espanhola e Literatura Espanhola e Hispano - Americana (Licenciatura),0,0,0,0,0,1
Língua Espanhola e Literatura Espanhola e Hispano-Americana (Licenciatura),1,1,1,1,0,0
Língua Estrangeira Aplicada – Multilinguismo e Sociedade da Informação (Bacharelado),1,1,1,1,0,0
Língua Francesa (Bacharelado/ Licenciatura),0,0,0,0,0,1
Língua Francesa e Respectiva Literatura (Bacharelado/Licenciat ura),0,1,0,0,0,0
Língua Francesa e Respectiva Literatura (Bacharelado/Licenciatura),1,0,1,1,0,0
Língua Inglesa (Bacharelado/ Licenciatura),0,0,0,0,0,1
Língua Inglesa e Respectiva Literatura (Bacharelado/Licenciat ura),0,1,0,0,0,0
Língua Inglesa e Respectiva Literatura (Bacharelado/Licenciatura),1,0,1,1,1,0
Língua Portuguesa (Bacharelado/ Licenciatura),0,0,0,0,0,1
Língua Portuguesa (Licenciatura),0,0,0,0,0,1
Língua Portuguesa e Respectiva Literatura (Bacharelado/Licenciat ura),0,1,0,0,0,0
Língua Portuguesa e Respectiva Literatura (Bacharelado/Licenciatura),1,0,1,1,1,0
Língua Portuguesa e Respectiva Literatura (Licenciatura),1,1,1,1,0,0
Língua e Literatura Japonesa (Licenciatura),1,1,1,1,0,1
Línguas Estrangeiras Aplicadas (Bacharelado),0,0,0,0,0,1
Matemática (Bacharelado/ Licenciatura),1,0,1,1,1,0
Matemática (Bacharelado/Licenciat ura),0,1,0,0,0,0
Matemática (Bacharelado/Licenciatura),0,0,0,0,0,1
Matemática (Licenciatura),0,0,0,0,0,1
Medicina (Bacharelado),1,1,1,1,1,1
Medicina Veterinária (Bacharelado),1,1,1,1,1,1
Museologia (Bacharelado),1,1,1,1,0,1
Música (Bacharelado)*,1,0,1,1,0,1
Música (Licenciatura)*,1,1,1,1,0,1
Nutrição (Bacharelado),1,1,1,1,1,1
Odontologia (Bacharelado),1,1,1,1,1,1
Pedagogia (Licenciatura),1,1,1,1,1,1
Psicologia (Bacharelado / Licenciatura / Psicólogo),1,1,1,1,1,0
Psicologia (Bacharelado/Licenciatura/ Psicólogo),0,0,0,0,0,1
Química (Bacharelado),1,1,1,1,1,1
Química (Licenciatura),0,0,0,0,0,1
Química Tecnológica (Bacharelado),1,1,1,1,0,1
Relações Internacionais (Bacharelado),1,1,1,1,1,1
Saúde Coletiva (Bacharelado),1,1,1,1,0,1
Serviço Social (Bacharelado),1,1,1,1,0,1
Teoria Crítica e História da Arte (Bacharelado),0,0,0,0,0,1
"Teoria, Crítica e História da Arte (Bacharelado)",1,1,1,1,0,0
Terapia Ocupacional (Bacharelado),1,1,1,1,1,1
Turismo (Bacharelado),1,1,1,1,0,1
