subprograma,ano_ingresso,campus,curso,turno,curso_id,modalidade_original,modalidade_normalizada,escola_publica,faixa_renda,limite_salario_minimo,grupo_etnico,pcd,nota_min,nota_max
2020-2022,2022,Ceilândia / DF,Enfermagem (Bacharelado),Diurno,Enfermagem (Bacharelado) | Diurno | Ceilândia / DF,EP_R1_PPI,EP_R1_PPI,True,R1,1.5,PPI,False,-39.237,25.484
2020-2022,2022,Ceilândia / DF,Enfermagem (Bacharelado),Diurno,Enfermagem (Bacharelado) | Diurno | Ceilândia / DF,EP_R1_NPPI,EP_R1_NPPI,True,R1,1.5,NPPI,False,-8.713,27.763
2020-2022,2022,Ceilândia / DF,Enfermagem (Bacharelado),Diurno,Enfermagem (Bacharelado) | Diurno | Ceilândia / DF,EP_R2_PPI,EP_R2_PPI,True,R2,1.5,PPI,False,-16.177,3.184
2020-2022,2022,Ceilândia / DF,Enfermagem (Bacharelado),Diurno,Enfermagem (Bacharelado) | Diurno | Ceilândia / DF,EP_R2_NPPI,EP_R2_NPPI,True,R2,1.5,NPPI,False,-2.391,4.712
2020-2022,2022,Ceilândia / DF,Enfermagem (Bacharelado),Diurno,Enfermagem (Bacharelado) | Diurno | Ceilândia / DF,CN,CN,False,,,NEGROS,False,20.513,20.513
2020-2022,2022,Ceilândia / DF,Enfermagem (Bacharelado),Diurno,Enfermagem (Bacharelado) | Diurno | Ceilândia / DF,AC,AC,False,,,,False,30.01,77.432
2020-2022,2022,Ceilândia / DF,Farmácia (Bacharelado),Diurno,Farmácia (Bacharelado) | Diurno | Ceilândia / DF,EP_R1_PPI,EP_R1_PPI,True,R1,1.5,PPI,False,-28.606,10.433
2020-2022,2022,Ceilândia / DF,Farmácia (Bacharelado),Diurno,Farmácia (Bacharelado) | Diurno | Ceilândia / DF,EP_R1_NPPI,EP_R1_NPPI,True,R1,1.5,NPPI,False,-18.323,13.031
2020-2022,2022,Ceilândia / DF,Farmácia (Bacharelado),Diurno,Farmácia (Bacharelado) | Diurno | Ceilândia / DF,EP_R2_PPI,EP_R2_PPI,True,R2,1.5,PPI,False,-50.438,-14.608
2020-2022,2022,Ceilândia / DF,Farmácia (Bacharelado),Diurno,Farmácia (Bacharelado) | Diurno | Ceilândia / DF,EP_R2_NPPI,EP_R2_NPPI,True,R2,1.5,NPPI,False,-6.499,38.946
2020-2022,2022,Ceilândia / DF,Farmácia (Bacharelado),Diurno,Farmácia (Bacharelado) | Diurno | Ceilândia / DF,CN,CN,False,,,NEGROS,False,37.12,37.12
2020-2022,2022,Ceilândia / DF,Farmácia (Bacharelado),Diurno,Farmácia (Bacharelado) | Diurno | Ceilândia / DF,AC,AC,False,,,,False,17.577,66.477
2020-2022,2022,Ceilândia / DF,Fisioterapia (Bacharelado),Diurno,Fisioterapia (Bacharelado) | Diurno | Ceilândia / DF,EP_R1_PPI,EP_R1_PPI,True,R1,1.5,PPI,False,-56.29,16.447
2020-2022,2022,Ceilândia / DF,Fisioterapia (Bacharelado),Diurno,Fisioterapia (Bacharelado) | Diurno | Ceilândia / DF,EP_R1_NPPI,EP_R1_NPPI,True,R1,1.5,NPPI,False,-19.321,61.01
2020-2022,2022,Ceilândia / DF,Fisioterapia (Bacharelado),Diurno,Fisioterapia (Bacharelado) | Diurno | Ceilândia / DF,EP_R2_PPI,EP_R2_PPI,True,R2,1.5,PPI,False,-1.257,11.757
2020-2022,2022,Ceilândia / DF,Fisioterapia (Bacharelado),Diurno,Fisioterapia (Bacharelado) | Diurno | Ceilândia / DF,EP_R2_NPPI,EP_R2_NPPI,True,R2,1.5,NPPI,False,43.008,45.269
2020-2022,2022,Ceilândia / DF,Fisioterapia (Bacharelado),Diurno,Fisioterapia (Bacharelado) | Diurno | Ceilândia / DF,CN,CN,False,,,NEGROS,False,3.695,3.695
2020-2022,2022,Ceilândia / DF,Fisioterapia (Bacharelado),Diurno,Fisioterapia (Bacharelado) | Diurno | Ceilândia / DF,AC,AC,False,,,,False,33.173,91.814
2020-2022,2022,Ceilândia / DF,Fonoaudiologia (Bacharelado),Diurno,Fonoaudiologia (Bacharelado) | Diurno | Ceilândia / DF,EP_R1_PPI,EP_R1_PPI,True,R1,1.5,PPI,False,-37.971,-37.971
2020-2022,2022,Ceilândia / DF,Fonoaudiologia (Bacharelado),Diurno,Fonoaudiologia (Bacharelado) | Diurno | Ceilândia / DF,EP_R1_NPPI,EP_R1_NPPI,True,R1,1.5,NPPI,False,-37.896,-4.698
2020-2022,2022,Ceilândia / DF,Fonoaudiologia (Bacharelado),Diurno,Fonoaudiologia (Bacharelado) | Diurno | Ceilândia / DF,EP_R2_PPI,EP_R2_PPI,True,R2,1.5,PPI,False,-50.578,-6.146
2020-2022,2022,Ceilândia / DF,Fonoaudiologia (Bacharelado),Diurno,Fonoaudiologia (Bacharelado) | Diurno | Ceilândia / DF,EP_R2_NPPI,EP_R2_NPPI,True,R2,1.5,NPPI,False,-12.187,-10.565
2020-2022,2022,Ceilândia / DF,Fonoaudiologia (Bacharelado),Diurno,Fonoaudiologia (Bacharelado) | Diurno | Ceilândia / DF,CN,CN,False,,,NEGROS,False,2.749,2.749
2020-2022,2022,Ceilândia / DF,Fonoaudiologia (Bacharelado),Diurno,Fonoaudiologia (Bacharelado) | Diurno | Ceilândia / DF,AC,AC,False,,,,False,8.094,46.991
2020-2022,2022,Ceilândia / DF,Saúde Coletiva (Bacharelado),Diurno,Saúde Coletiva (Bacharelado) | Diurno | Ceilândia / DF,EP_R1_PPI,EP_R1_PPI,True,R1,1.5,PPI,False,-34.476,-34.476
2020-2022,2022,Ceilândia / DF,Saúde Coletiva (Bacharelado),Diurno,Saúde Coletiva (Bacharelado) | Diurno | Ceilândia / DF,EP_R2_PPI,EP_R2_PPI,True,R2,1.5,PPI,False,-76.202,-9.79
2020-2022,2022,Ceilândia / DF,Saúde Coletiva (Bacharelado),Diurno,Saúde Coletiva (Bacharelado) | Diurno | Ceilândia / DF,EP_R2_NPPI,EP_R2_NPPI,True,R2,1.5,NPPI,False,-67.831,-31.801
2020-2022,2022,Ceilândia / DF,Saúde Coletiva (Bacharelado),Diurno,Saúde Coletiva (Bacharelado) | Diurno | Ceilândia / DF,CN,CN,False,,,NEGROS,False,-18.853,-18.853
2020-2022,2022,Ceilândia / DF,Saúde Coletiva (Bacharelado),Diurno,Saúde Coletiva (Bacharelado) | Diurno | Ceilândia / DF,AC,AC,False,,,,False,-84.455,-10.106
2020-2022,2022,Ceilândia / DF,Terapia Ocupacional (Bacharelado),Diurno,Terapia Ocupacional (Bacharelado) | Diurno | Ceilândia / DF,EP_R1_PPI,EP_R1_PPI,True,R1,1.5,PPI,False,-76.773,55.294
2020-2022,2022,Ceilândia / DF,Terapia Ocupacional (Bacharelado),Diurno,Terapia Ocupacional (Bacharelado) | Diurno | Ceilândia / DF,EP_R1_NPPI,EP_R1_NPPI,True,R1,1.5,NPPI,False,-38.795,-38.795
2020-2022,2022,Ceilândia / DF,Terapia Ocupacional (Bacharelado),Diurno,Terapia Ocupacional (Bacharelado) | Diurno | Ceilândia / DF,EP_R2_NPPI,EP_R2_NPPI,True,R2,1.5,NPPI,False,-59.047,-19.929
2020-2022,2022,Ceilândia / DF,Terapia Ocupacional (Bacharelado),Diurno,Terapia Ocupacional (Bacharelado) | Diurno | Ceilândia / DF,CN,CN,False,,,NEGROS,False,-31.006,-31.006
2020-2022,2022,Ceilândia / DF,Terapia Ocupacional (Bacharelado),Diurno,Terapia Ocupacional (Bacharelado) | Diurno | Ceilândia / DF,AC,AC,False,,,,False,-28.652,51.395
2020-2022,2022,Darcy Ribeiro (Plano Piloto) / DF,Administração (Bacharelado),Diurno,Administração (Bacharelado) | Diurno | Darcy Ribeiro (Plano Piloto) / DF,EP_R1_PPI,EP_R1_PPI,True,R1,1.5,PPI,False,-46.661,16.258
2020-2022,2022,Darcy Ribeiro (Plano Piloto) / DF,Administração (Bacharelado),Diurno,Administração (Bacharelado) | Diurno | Darcy Ribeiro (Plano Piloto) / DF,EP_R1_NPPI,EP_R1_NPPI,True,R1,1.5,NPPI,False,-41.769,16.153
2020-2022,2022,Darcy Ribeiro (Plano Piloto) / DF,Administração (Bacharelado),Diurno,Administração (Bacharelado) | Diurno | Darcy Ribeiro (Plano Piloto) / DF,EP_R2_PPI,EP_R2_PPI,True,R2,1.5,PPI,False,-14.213,17.044
2020-2022,2022,Darcy Ribeiro (Plano Piloto) / DF,Administração (Bacharelado),Diurno,Administração (Bacharelado) | Diurno | Darcy Ribeiro (Plano Piloto) / DF,EP_R2_NPPI,EP_R2_NPPI,True,R2,1.5,NPPI,False,0.373,53.503
2020-2022,2022,Darcy Ribeiro (Plano Piloto) / DF,Administração (Bacharelado),Diurno,Administração (Bacharelado) | Diurno | Darcy Ribeiro (Plano Piloto) / DF,CN,CN,False,,,NEGROS,False,-49.856,-49.856
2020-2022,2022,Darcy Ribeiro (Plano Piloto) / DF,Administração (Bacharelado),Diurno,Administração (Bacharelado) | Diurno | Darcy Ribeiro (Plano Piloto) / DF,AC,AC,False,,,,False,45.565,98.219
2020-2022,2022,Darcy Ribeiro (Plano Piloto) / DF,Administração (Bacharelado),Noturno,Administração (Bacharelado) | Noturno | Darcy Ribeiro (Plano Piloto) / DF,EP_R1_PPI,EP_R1_PPI,True,R1,1.5,PPI,False,-46.477,-16.586
2020-2022,2022,Darcy Ribeiro (Plano Piloto) / DF,Administração (Bacharelado),Noturno,Administração (Bacharelado) | Noturno | Darcy Ribeiro (Plano Piloto) / DF,EP_R1_NPPI,EP_R1_NPPI,True,R1,1.5,NPPI,False,-34.78,-34.78
2020-2022,2022,Darcy Ribeiro (Plano Piloto) / DF,Administração (Bacharelado),Noturno,Administração (Bacharelado) | Noturno | Darcy Ribeiro (Plano Piloto) / DF,EP_R2_PPI,EP_R2_PPI,True,R2,1.5,PPI,False,-84.174,-84.174
2020-2022,2022,Darcy Ribeiro (Plano Piloto) / DF,Administração (Bacharelado),Noturno,Administração (Bacharelado) | Noturno | Darcy Ribeiro (Plano Piloto) / DF,EP_R2_NPPI,EP_R2_NPPI,True,R2,1.5,NPPI,False,-12.505,3.601
2020-2022,2022,Darcy Ribeiro (Plano Piloto) / DF,Administração (Bacharelado),Noturno,Administração (Bacharelado) | Noturno | Darcy Ribeiro (Plano Piloto) / DF,CN,CN,False,,,NEGROS,False,-48.922,19.031
2020-2022,2022,Darcy Ribeiro (Plano Piloto) / DF,Administração (Bacharelado),Noturno,Administração (Bacharelado) | Noturno | Darcy Ribeiro (Plano Piloto) / DF,AC,AC,False,,,,False,-15.266,50.144
2020-2022,2022,Darcy Ribeiro (Plano Piloto) / DF,Agronomia (Bacharelado),Diurno,Agronomia (Bacharelado) | Diurno | Darcy Ribeiro (Plano Piloto) / DF,EP_R1_PPI,EP_R1_PPI,True,R1,1.5,PPI,False,-82.722,-82.722
2020-2022,2022,Darcy Ribeiro (Plano Piloto) / DF,Agronomia (Bacharelado),Diurno,Agronomia (Bacharelado) | Diurno | Darcy Ribeiro (Plano Piloto) / DF,EP_R2_PPI,EP_R2_PPI,True,R2,1.5,PPI,False,-81.527,-28.783
2020-2022,2022,Darcy Ribeiro (Plano Piloto) / DF,Agronomia (Bacharelado),Diurno,Agronomia (Bacharelado) | Diurno | Darcy Ribeiro (Plano Piloto) / DF,EP_R2_NPPI,EP_R2_NPPI,True,R2,1.5,NPPI,False,-94.126,25.397
2020-2022,2022,Darcy Ribeiro (Plano Piloto) / DF,Agronomia (Bacharelado),Diurno,Agronomia (Bacharelado) | Diurno | Darcy Ribeiro (Plano Piloto) / DF,CN,CN,False,,,NEGROS,False,-74.847,-66.324
2020-2022,2022,Darcy Ribeiro (Plano Piloto) / DF,Agronomia (Bacharelado),Diurno,Agronomia (Bacharelado) | Diurno | Darcy Ribeiro (Plano Piloto) / DF,AC,AC,False,,,,False,-6.614,104.416
2020-2022,2022,Darcy Ribeiro (Plano Piloto) / DF,Arquitetura e Urbanismo (Bacharelado),Diurno,Arquitetura e Urbanismo (Bacharelado) | Diurno | Darcy Ribeiro (Plano Piloto) / DF,EP_R1_PPI,EP_R1_PPI,True,R1,1.5,PPI,False,-16.413,47.826
2020-2022,2022,Darcy Ribeiro (Plano Piloto) / DF,Arquitetura e Urbanismo (Bacharelado),Diurno,Arquitetura e Urbanismo (Bacharelado) | Diurno | Darcy Ribeiro (Plano Piloto) / DF,EP_R1_NPPI,EP_R1_NPPI,True,R1,1.5,NPPI,False,36.319,57.664
2020-2022,2022,Darcy Ribeiro (Plano Piloto) / DF,Arquitetura e Urbanismo (Bacharelado),Diurno,Arquitetura e Urbanismo (Bacharelado) | Diurno | Darcy Ribeiro (Plano Piloto) / DF,EP_R2_PPI,EP_R2_PPI,True,R2,1.5,PPI,False,14.502,52.696
2020-2022,2022,Darcy Ribeiro (Plano Piloto) / DF,Arquitetura e Urbanismo (Bacharelado),Diurno,Arquitetura e Urbanismo (Bacharelado) | Diurno | Darcy Ribeiro (Plano Piloto) / DF,EP_R2_NPPI,EP_R2_NPPI,True,R2,1.5,NPPI,False,74.542,108.759
2020-2022,2022,Darcy Ribeiro (Plano Piloto) / DF,Arquitetura e Urbanismo (Bacharelado),Diurno,Arquitetura e Urbanismo (Bacharelado) | Diurno | Darcy Ribeiro (Plano Piloto) / DF,CN,CN,False,,,NEGROS,False,27.497,27.497
2020-2022,2022,Darcy Ribeiro (Plano Piloto) / DF,Arquitetura e Urbanismo (Bacharelado),Diurno,Arquitetura e Urbanismo (Bacharelado) | Diurno | Darcy Ribeiro (Plano Piloto) / DF,AC,AC,False,,,,False,84.147,121.99
2020-2022,2022,Darcy Ribeiro (Plano Piloto) / DF,Arquitetura e Urbanismo (Bacharelado),Noturno,Arquitetura e Urbanismo (Bacharelado) | Noturno | Darcy Ribeiro (Plano Piloto) / DF,EP_R1_PPI,EP_R1_PPI,True,R1,1.5,PPI,False,-6.545,-6.545
2020-2022,2022,Darcy Ribeiro (Plano Piloto) / DF,Arquitetura e Urbanismo (Bacharelado),Noturno,Arquitetura e Urbanismo (Bacharelado) | Noturno | Darcy Ribeiro (Plano Piloto) / DF,EP_R1_NPPI,EP_R1_NPPI,True,R1,1.5,NPPI,False,-19.787,-19.787
2020-2022,2022,Darcy Ribeiro (Plano Piloto) / DF,Arquitetura e Urbanismo (Bacharelado),Noturno,Arquitetura e Urbanismo (Bacharelado) | Noturno | Darcy Ribeiro (Plano Piloto) / DF,EP_R2_PPI,EP_R2_PPI,True,R2,1.5,PPI,False,-81.638,-5.822
2020-2022,2022,Darcy Ribeiro (Plano Piloto) / DF,Arquitetura e Urbanismo (Bacharelado),Noturno,Arquitetura e Urbanismo (Bacharelado) | Noturno | Darcy Ribeiro (Plano Piloto) / DF,EP_R2_NPPI,EP_R2_NPPI,True,R2,1.5,NPPI,False,-29.219,-7.5
2020-2022,2022,Darcy Ribeiro (Plano Piloto) / DF,Arquitetura e Urbanismo (Bacharelado),Noturno,Arquitetura e Urbanismo (Bacharelado) | Noturno | Darcy Ribeiro (Plano Piloto) / DF,CN,CN,False,,,NEGROS,False,-56.427,-56.427
2020-2022,2022,Darcy Ribeiro (Plano Piloto) / DF,Arquitetura e Urbanismo (Bacharelado),Noturno,Arquitetura e Urbanismo (Bacharelado) | Noturno | Darcy Ribeiro (Plano Piloto) / DF,AC,AC,False,,,,False,53.202,67.911
2020-2022,2022,Darcy Ribeiro (Plano Piloto) / DF,Arquivologia (Bacharelado),Noturno,Arquivologia (Bacharelado) | Noturno | Darcy Ribeiro (Plano Piloto) / DF,EP_R1_NPPI,EP_R1_NPPI,True,R1,1.5,NPPI,False,-47.977,-47.977
2020-2022,2022,Darcy Ribeiro (Plano Piloto) / DF,Arquivologia (Bacharelado),Noturno,Arquivologia (Bacharelado) | Noturno | Darcy Ribeiro (Plano Piloto) / DF,EP_R2_PPI,EP_R2_PPI,True,R2,1.5,PPI,False,-66.41,-66.41
2020-2022,2022,Darcy Ribeiro (Plano Piloto) / DF,Arquivologia (Bacharelado),Noturno,Arquivologia (Bacharelado) | Noturno | Darcy Ribeiro (Plano Piloto) / DF,CN,CN,False,,,NEGROS,False,10.221,10.221
2020-2022,2022,Darcy Ribeiro (Plano Piloto) / DF,Arquivologia (Bacharelado),Noturno,Arquivologia (Bacharelado) | Noturno | Darcy Ribeiro (Plano Piloto) / DF,AC,AC,False,,,,False,-82.039,32.901
2020-2022,2022,Darcy Ribeiro (Plano Piloto) / DF,Artes Cênicas - Interpretação Teatral (Bacharelado) *,Diurno,Artes Cênicas - Interpretação Teatral (Bacharelado) * | Diurno | Darcy Ribeiro (Plano Piloto) / DF,AC,AC,False,,,,False,-35.525,88.886
2020-2022,2022,Darcy Ribeiro (Plano Piloto) / DF,Artes Visuais (Bacharelado)*,Diurno,Artes Visuais (Bacharelado)* | Diurno | Darcy Ribeiro (Plano Piloto) / DF,EP_R2_NPPI,EP_R2_NPPI,True,R2,1.5,NPPI,False,21.489,21.489
2020-2022,2022,Darcy Ribeiro (Plano Piloto) / DF,Artes Visuais (Bacharelado)*,Diurno,Artes Visuais (Bacharelado)* | Diurno | Darcy Ribeiro (Plano Piloto) / DF,AC,AC,False,,,,False,29.41,58.914
2020-2022,2022,Darcy Ribeiro (Plano Piloto) / DF,Artes Visuais (Licenciatura)*,Diurno,Artes Visuais (Licenciatura)* | Diurno | Darcy Ribeiro (Plano Piloto) / DF,EP_R2_PPI,EP_R2_PPI,True,R2,1.5,PPI,False,-22.141,-22.141
2020-2022,2022,Darcy Ribeiro (Plano Piloto) / DF,Artes Visuais (Licenciatura)*,Diurno,Artes Visuais (Licenciatura)* | Diurno | Darcy Ribeiro (Plano Piloto) / DF,EP_R2_NPPI,EP_R2_NPPI,True,R2,1.5,NPPI,False,-21.695,34.369
2020-2022,2022,Darcy Ribeiro (Plano Piloto) / DF,Artes Visuais (Licenciatura)*,Diurno,Artes Visuais (Licenciatura)* | Diurno | Darcy Ribeiro (Plano Piloto) / DF,AC,AC,False,,,,False,-90.01,54.376
2020-2022,2022,Darcy Ribeiro (Plano Piloto) / DF,Biblioteconomia (Bacharelado),Diurno,Biblioteconomia (Bacharelado) | Diurno | Darcy Ribeiro (Plano Piloto) / DF,EP_R1_PPI,EP_R1_PPI,True,R1,1.5,PPI,False,-59.315,-59.315
2020-2022,2022,Darcy Ribeiro (Plano Piloto) / DF,Biblioteconomia (Bacharelado),Diurno,Biblioteconomia (Bacharelado) | Diurno | Darcy Ribeiro (Plano Piloto) / DF,EP_R1_NPPI,EP_R1_NPPI,True,R1,1.5,NPPI,False,-72.447,-34.556
2020-2022,2022,Darcy Ribeiro (Plano Piloto) / DF,Biblioteconomia (Bacharelado),Diurno,Biblioteconomia (Bacharelado) | Diurno | Darcy Ribeiro (Plano Piloto) / DF,EP_R2_PPI,EP_R2_PPI,True,R2,1.5,PPI,False,-45.036,-45.036
2020-2022,2022,Darcy Ribeiro (Plano Piloto) / DF,Biblioteconomia (Bacharelado),Diurno,Biblioteconomia (Bacharelado) | Diurno | Darcy Ribeiro (Plano Piloto) / DF,EP_R2_NPPI,EP_R2_NPPI,True,R2,1.5,NPPI,False,-57.03,46.357
2020-2022,2022,Darcy Ribeiro (Plano Piloto) / DF,Biblioteconomia (Bacharelado),Diurno,Biblioteconomia (Bacharelado) | Diurno | Darcy Ribeiro (Plano Piloto) / DF,CN,CN,False,,,NEGROS,False,-17.598,-17.598
2020-2022,2022,Darcy Ribeiro (Plano Piloto) / DF,Biblioteconomia (Bacharelado),Diurno,Biblioteconomia (Bacharelado) | Diurno | Darcy Ribeiro (Plano Piloto) / DF,AC,AC,False,,,,False,-69.572,28.392
2020-2022,2022,Darcy Ribeiro (Plano Piloto) / DF,Biotecnologia (Bacharelado),Diurno,Biotecnologia (Bacharelado) | Diurno | Darcy Ribeiro (Plano Piloto) / DF,EP_R1_PPI,EP_R1_PPI,True,R1,1.5,PPI,False,-25.889,42.794
2020-2022,2022,Darcy Ribeiro (Plano Piloto) / DF,Biotecnologia (Bacharelado),Diurno,Biotecnologia (Bacharelado) | Diurno | Darcy Ribeiro (Plano Piloto) / DF,EP_R1_NPPI,EP_R1_NPPI,True,R1,1.5,NPPI,False,-50.648,-50.648
2020-2022,2022,Darcy Ribeiro (Plano Piloto) / DF,Biotecnologia (Bacharelado),Diurno,Biotecnologia (Bacharelado) | Diurno | Darcy Ribeiro (Plano Piloto) / DF,EP_R2_PPI,EP_R2_PPI,True,R2,1.5,PPI,False,-10.399,104.025
2020-2022,2022,Darcy Ribeiro (Plano Piloto) / DF,Biotecnologia (Bacharelado),Diurno,Biotecnologia (Bacharelado) | Diurno | Darcy Ribeiro (Plano Piloto) / DF,EP_R2_NPPI,EP_R2_NPPI,True,R2,1.5,NPPI,False,50.506,130.314
2020-2022,2022,Darcy Ribeiro (Plano Piloto) / DF,Biotecnologia (Bacharelado),Diurno,Biotecnologia (Bacharelado) | Diurno | Darcy Ribeiro (Plano Piloto) / DF,CN,CN,False,,,NEGROS,False,72.345,72.345
2020-2022,2022,Darcy Ribeiro (Plano Piloto) / DF,Biotecnologia (Bacharelado),Diurno,Biotecnologia (Bacharelado) | Diurno | Darcy Ribeiro (Plano Piloto) / DF,AC,AC,False,,,,False,57.009,150.391
2020-2022,2022,Darcy Ribeiro (Plano Piloto) / DF,Ciência da Computação (Bacharelado),Diurno,Ciência da Computação (Bacharelado) | Diurno | Darcy Ribeiro (Plano Piloto) / DF,EP_R1_PPI,EP_R1_PPI,True,R1,1.5,PPI,False,11.4,28.373
2020-2022,2022,Darcy Ribeiro (Plano Piloto) / DF,Ciência da Computação (Bacharelado),Diurno,Ciência da Computação (Bacharelado) | Diurno | Darcy Ribeiro (Plano Piloto) / DF,EP_R1_NPPI,EP_R1_NPPI,True,R1,1.5,NPPI,False,19.695,86.756
2020-2022,2022,Darcy Ribeiro (Plano Piloto) / DF,Ciência da Computação (Bacharelado),Diurno,Ciência da Computação (Bacharelado) | Diurno | Darcy Ribeiro (Plano Piloto) / DF,EP_R2_PPI,EP_R2_PPI,True,R2,1.5,PPI,False,37.394,56.75
2020-2022,2022,Darcy Ribeiro (Plano Piloto) / DF,Ciência da Computação (Bacharelado),Diurno,Ciência da Computação (Bacharelado) | Diurno | Darcy Ribeiro (Plano Piloto) / DF,EP_R2_NPPI,EP_R2_NPPI,True,R2,1.5,NPPI,False,131.855,181.985
2020-2022,2022,Darcy Ribeiro (Plano Piloto) / DF,Ciência da Computação (Bacharelado),Diurno,Ciência da Computação (Bacharelado) | Diurno | Darcy Ribeiro (Plano Piloto) / DF,CN,CN,False,,,NEGROS,False,91.881,91.881
2020-2022,2022,Darcy Ribeiro (Plano Piloto) / DF,Ciência da Computação (Bacharelado),Diurno,Ciência da Computação (Bacharelado) | Diurno | Darcy Ribeiro (Plano Piloto) / DF,AC,AC,False,,,,False,139.434,168.535
2020-2022,2022,Darcy Ribeiro (Plano Piloto) / DF,Ciência Política (Bacharelado),Diurno,Ciência Política (Bacharelado) | Diurno | Darcy Ribeiro (Plano Piloto) / DF,EP_R1_PPI,EP_R1_PPI,True,R1,1.5,PPI,False,-30.87,-18.086
2020-2022,2022,Darcy Ribeiro (Plano Piloto) / DF,Ciência Política (Bacharelado),Diurno,Ciência Política (Bacharelado) | Diurno | Darcy Ribeiro (Plano Piloto) / DF,EP_R1_NPPI,EP_R1_NPPI,True,R1,1.5,NPPI,False,-44.5,-22.087
2020-2022,2022,Darcy Ribeiro (Plano Piloto) / DF,Ciência Política (Bacharelado),Diurno,Ciência Política (Bacharelado) | Diurno | Darcy Ribeiro (Plano Piloto) / DF,EP_R2_PPI,EP_R2_PPI,True,R2,1.5,PPI,False,-47.386,-5.052
2020-2022,2022,Darcy Ribeiro (Plano Piloto) / DF,Ciência Política (Bacharelado),Diurno,Ciência Política (Bacharelado) | Diurno | Darcy Ribeiro (Plano Piloto) / DF,EP_R2_NPPI,EP_R2_NPPI,True,R2,1.5,NPPI,False,-21.41,20.572
2020-2022,2022,Darcy Ribeiro (Plano Piloto) / DF,Ciência Política (Bacharelado),Diurno,Ciência Política (Bacharelado) | Diurno | Darcy Ribeiro (Plano Piloto) / DF,CN,CN,False,,,NEGROS,False,23.841,23.841
2020-2022,2022,Darcy Ribeiro (Plano Piloto) / DF,Ciência Política (Bacharelado),Diurno,Ciência Política (Bacharelado) | Diurno | Darcy Ribeiro (Plano Piloto) / DF,AC,AC,False,,,,False,53.088,111.048
2020-2022,2022,Darcy Ribeiro (Plano Piloto) / DF,Ciências Ambientais (Bacharelado),Noturno,Ciências Ambientais (Bacharelado) | Noturno | Darcy Ribeiro (Plano Piloto) / DF,EP_R2_PPI,EP_R2_PPI,True,R2,1.5,PPI,False,-27.184,-25.474
2020-2022,2022,Darcy Ribeiro (Plano Piloto) / DF,Ciências Ambientais (Bacharelado),Noturno,Ciências Ambientais (Bacharelado) | Noturno | Darcy Ribeiro (Plano Piloto) / DF,EP_R2_NPPI,EP_R2_NPPI,True,R2,1.5,NPPI,False,46.048,46.048
2020-2022,2022,Darcy Ribeiro (Plano Piloto) / DF,Ciências Ambientais (Bacharelado),Noturno,Ciências Ambientais (Bacharelado) | Noturno | Darcy Ribeiro (Plano Piloto) / DF,CN,CN,False,,,NEGROS,False,-37.945,-37.945
2020-2022,2022,Darcy Ribeiro (Plano Piloto) / DF,Ciências Ambientais (Bacharelado),Noturno,Ciências Ambientais (Bacharelado) | Noturno | Darcy Ribeiro (Plano Piloto) / DF,AC,AC,False,,,,False,-88.634,18.579
2020-2022,2022,Darcy Ribeiro (Plano Piloto) / DF,Ciências Biológicas (Bacharelado),Diurno,Ciências Biológicas (Bacharelado) | Diurno | Darcy Ribeiro (Plano Piloto) / DF,EP_R1_PPI,EP_R1_PPI,True,R1,1.5,PPI,False,-2.765,89.849
2020-2022,2022,Darcy Ribeiro (Plano Piloto) / DF,Ciências Biológicas (Bacharelado),Diurno,Ciências Biológicas (Bacharelado) | Diurno | Darcy Ribeiro (Plano Piloto) / DF,EP_R1_NPPI,EP_R1_NPPI,True,R1,1.5,NPPI,False,72.752,72.752
2020-2022,2022,Darcy Ribeiro (Plano Piloto) / DF,Ciências Biológicas (Bacharelado),Diurno,Ciências Biológicas (Bacharelado) | Diurno | Darcy Ribeiro (Plano Piloto) / DF,EP_R1_NPPI_PCD,EP_R1_NPPI_PCD,True,R1,1.5,NPPI,True,6.759,6.759
2020-2022,2022,Darcy Ribeiro (Plano Piloto) / DF,Ciências Biológicas (Bacharelado),Diurno,Ciências Biológicas (Bacharelado) | Diurno | Darcy Ribeiro (Plano Piloto) / DF,EP_R2_PPI,EP_R2_PPI,True,R2,1.5,PPI,False,20.011,28.207
2020-2022,2022,Darcy Ribeiro (Plano Piloto) / DF,Ciências Biológicas (Bacharelado),Diurno,Ciências Biológicas (Bacharelado) | Diurno | Darcy Ribeiro (Plano Piloto) / DF,EP_R2_NPPI,EP_R2_NPPI,True,R2,1.5,NPPI,False,25.539,29.452
2020-2022,2022,Darcy Ribeiro (Plano Piloto) / DF,Ciências Biológicas (Bacharelado),Diurno,Ciências Biológicas (Bacharelado) | Diurno | Darcy Ribeiro (Plano Piloto) / DF,CN,CN,False,,,NEGROS,False,23.621,23.621
2020-2022,2022,Darcy Ribeiro (Plano Piloto) / DF,Ciências Biológicas (Bacharelado),Diurno,Ciências Biológicas (Bacharelado) | Diurno | Darcy Ribeiro (Plano Piloto) / DF,AC,AC,False,,,,False,70.253,174.618
2020-2022,2022,Darcy Ribeiro (Plano Piloto) / DF,Ciências Contábeis (Bacharelado),Diurno,Ciências Contábeis (Bacharelado) | Diurno | Darcy Ribeiro (Plano Piloto) / DF,EP_R1_PPI,EP_R1_PPI,True,R1,1.5,PPI,False,-45.199,-45.199
2020-2022,2022,Darcy Ribeiro (Plano Piloto) / DF,Ciências Contábeis (Bacharelado),Diurno,Ciências Contábeis (Bacharelado) | Diurno | Darcy Ribeiro (Plano Piloto) / DF,EP_R1_NPPI,EP_R1_NPPI,True,R1,1.5,NPPI,False,-35.936,29.827
2020-2022,2022,Darcy Ribeiro (Plano Piloto) / DF,Ciências Contábeis (Bacharelado),Diurno,Ciências Contábeis (Bacharelado) | Diurno | Darcy Ribeiro (Plano Piloto) / DF,EP_R2_PPI,EP_R2_PPI,True,R2,1.5,PPI,False,-37.765,38.821
2020-2022,2022,Darcy Ribeiro (Plano Piloto) / DF,Ciências Contábeis (Bacharelado),Diurno,Ciências Contábeis (Bacharelado) | Diurno | Darcy Ribeiro (Plano Piloto) / DF,EP_R2_NPPI,EP_R2_NPPI,True,R2,1.5,NPPI,False,-30.058,37.264
2020-2022,2022,Darcy Ribeiro (Plano Piloto) / DF,Ciências Contábeis (Bacharelado),Diurno,Ciências Contábeis (Bacharelado) | Diurno | Darcy Ribeiro (Plano Piloto) / DF,CN,CN,False,,,NEGROS,False,25.609,25.609
2020-2022,2022,Darcy Ribeiro (Plano Piloto) / DF,Ciências Contábeis (Bacharelado),Diurno,Ciências Contábeis (Bacharelado) | Diurno | Darcy Ribeiro (Plano Piloto) / DF,AC,AC,False,,,,False,4.883,84.034
2020-2022,2022,Darcy Ribeiro (Plano Piloto) / DF,Ciências Contábeis (Bacharelado),Noturno,Ciências Contábeis (Bacharelado) | Noturno | Darcy Ribeiro (Plano Piloto) / DF,EP_R1_PPI,EP_R1_PPI,True,R1,1.5,PPI,False,1.491,1.491
2020-2022,2022,Darcy Ribeiro (Plano Piloto) / DF,Ciências Contábeis (Bacharelado),Noturno,Ciências Contábeis (Bacharelado) | Noturno | Darcy Ribeiro (Plano Piloto) / DF,EP_R2_PPI,EP_R2_PPI,True,R2,1.5,PPI,False,-53.936,-4.601
2020-2022,2022,Darcy Ribeiro (Plano Piloto) / DF,Ciências Contábeis (Bacharelado),Noturno,Ciências Contábeis (Bacharelado) | Noturno | Darcy Ribeiro (Plano Piloto) / DF,EP_R2_NPPI,EP_R2_NPPI,True,R2,1.5,NPPI,False,-76.035,9.581
2020-2022,2022,Darcy Ribeiro (Plano Piloto) / DF,Ciências Contábeis (Bacharelado),Noturno,Ciências Contábeis (Bacharelado) | Noturno | Darcy Ribeiro (Plano Piloto) / DF,AC,AC,False,,,,False,-62.176,42.671
2020-2022,2022,Darcy Ribeiro (Plano Piloto) / DF,Ciências Econômicas (Bacharelado),Diurno,Ciências Econômicas (Bacharelado) | Diurno | Darcy Ribeiro (Plano Piloto) / DF,EP_R1_PPI,EP_R1_PPI,True,R1,1.5,PPI,False,-10.898,67.95
2020-2022,2022,Darcy Ribeiro (Plano Piloto) / DF,Ciências Econômicas (Bacharelado),Diurno,Ciências Econômicas (Bacharelado) | Diurno | Darcy Ribeiro (Plano Piloto) / DF,EP_R1_NPPI,EP_R1_NPPI,True,R1,1.5,NPPI,False,1.518,35.529
2020-2022,2022,Darcy Ribeiro (Plano Piloto) / DF,Ciências Econômicas (Bacharelado),Diurno,Ciências Econômicas (Bacharelado) | Diurno | Darcy Ribeiro (Plano Piloto) / DF,EP_R2_PPI,EP_R2_PPI,True,R2,1.5,PPI,False,-23.99,7.712
2020-2022,2022,Darcy Ribeiro (Plano Piloto) / DF,Ciências Econômicas (Bacharelado),Diurno,Ciências Econômicas (Bacharelado) | Diurno | Darcy Ribeiro (Plano Piloto) / DF,EP_R2_NPPI,EP_R2_NPPI,True,R2,1.5,NPPI,False,74.425,116.541
2020-2022,2022,Darcy Ribeiro (Plano Piloto) / DF,Ciências Econômicas (Bacharelado),Diurno,Ciências Econômicas (Bacharelado) | Diurno | Darcy Ribeiro (Plano Piloto) / DF,CN,CN,False,,,NEGROS,False,64.336,64.336
2020-2022,2022,Darcy Ribeiro (Plano Piloto) / DF,Ciências Econômicas (Bacharelado),Diurno,Ciências Econômicas (Bacharelado) | Diurno | Darcy Ribeiro (Plano Piloto) / DF,AC,AC,False,,,,False,90.763,149.64
2020-2022,2022,Darcy Ribeiro (Plano Piloto) / DF,Ciências Sociais – Antropologia / Sociologia (Bacharelado/ Licenciatura),Diurno,Ciências Sociais – Antropologia / Sociologia (Bacharelado/ Licenciatura) | Diurno | Darcy Ribeiro (Plano Piloto) / DF,EP_R1_PPI,EP_R1_PPI,True,R1,1.5,PPI,False,-45.824,-26.627
2020-2022,2022,Darcy Ribeiro (Plano Piloto) / DF,Ciências Sociais – Antropologia / Sociologia (Bacharelado/ Licenciatura),Diurno,Ciências Sociais – Antropologia / Sociologia (Bacharelado/ Licenciatura) | Diurno | Darcy Ribeiro (Plano Piloto) / DF,EP_R1_NPPI,EP_R1_NPPI,True,R1,1.5,NPPI,False,-64.94,10.205
2020-2022,2022,Darcy Ribeiro (Plano Piloto) / DF,Ciências Sociais – Antropologia / Sociologia (Bacharelado/ Licenciatura),Diurno,Ciências Sociais – Antropologia / Sociologia (Bacharelado/ Licenciatura) | Diurno | Darcy Ribeiro (Plano Piloto) / DF,EP_R2_PPI,EP_R2_PPI,True,R2,1.5,PPI,False,-80.884,-1.376
2020-2022,2022,Darcy Ribeiro (Plano Piloto) / DF,Ciências Sociais – Antropologia / Sociologia (Bacharelado/ Licenciatura),Diurno,Ciências Sociais – Antropologia / Sociologia (Bacharelado/ Licenciatura) | Diurno | Darcy Ribeiro (Plano Piloto) / DF,EP_R2_NPPI,EP_R2_NPPI,True,R2,1.5,NPPI,False,-28.663,62.948
2020-2022,2022,Darcy Ribeiro (Plano Piloto) / DF,Ciências Sociais – Antropologia / Sociologia (Bacharelado/ Licenciatura),Diurno,Ciências Sociais – Antropologia / Sociologia (Bacharelado/ Licenciatura) | Diurno | Darcy Ribeiro (Plano Piloto) / DF,CN,CN,False,,,NEGROS,False,-40.831,8.448
2020-2022,2022,Darcy Ribeiro (Plano Piloto) / DF,Ciências Sociais – Antropologia / Sociologia (Bacharelado/ Licenciatura),Diurno,Ciências Sociais – Antropologia / Sociologia (Bacharelado/ Licenciatura) | Diurno | Darcy Ribeiro (Plano Piloto) / DF,AC,AC,False,,,,False,-7.672,71.472
2020-2022,2022,Darcy Ribeiro (Plano Piloto) / DF,Computação (Licenciatura),Noturno,Computação (Licenciatura) | Noturno | Darcy Ribeiro (Plano Piloto) / DF,EP_R1_PPI,EP_R1_PPI,True,R1,1.5,PPI,False,-49.349,-32.293
2020-2022,2022,Darcy Ribeiro (Plano Piloto) / DF,Computação (Licenciatura),Noturno,Computação (Licenciatura) | Noturno | Darcy Ribeiro (Plano Piloto) / DF,EP_R1_NPPI,EP_R1_NPPI,True,R1,1.5,NPPI,False,-65.745,-51.109
2020-2022,2022,Darcy Ribeiro (Plano Piloto) / DF,Computação (Licenciatura),Noturno,Computação (Licenciatura) | Noturno | Darcy Ribeiro (Plano Piloto) / DF,EP_R2_PPI,EP_R2_PPI,True,R2,1.5,PPI,False,-85.346,-10.124
2020-2022,2022,Darcy Ribeiro (Plano Piloto) / DF,Computação (Licenciatura),Noturno,Computação (Licenciatura) | Noturno | Darcy Ribeiro (Plano Piloto) / DF,EP_R2_NPPI,EP_R2_NPPI,True,R2,1.5,NPPI,False,-20.342,-8.206
2020-2022,2022,Darcy Ribeiro (Plano Piloto) / DF,Computação (Licenciatura),Noturno,Computação (Licenciatura) | Noturno | Darcy Ribeiro (Plano Piloto) / DF,CN,CN,False,,,NEGROS,False,-63.586,-63.586
2020-2022,2022,Darcy Ribeiro (Plano Piloto) / DF,Computação (Licenciatura),Noturno,Computação (Licenciatura) | Noturno | Darcy Ribeiro (Plano Piloto) / DF,AC,AC,False,,,,False,-2.433,74.983
2020-2022,2022,Darcy Ribeiro (Plano Piloto) / DF,Comunicação Organizacional (Bacharelado),Noturno,Comunicação Organizacional (Bacharelado) | Noturno | Darcy Ribeiro (Plano Piloto) / DF,EP_R2_PPI,EP_R2_PPI,True,R2,1.5,PPI,False,-46.61,-14.593
2020-2022,2022,Darcy Ribeiro (Plano Piloto) / DF,Comunicação Organizacional (Bacharelado),Noturno,Comunicação Organizacional (Bacharelado) | Noturno | Darcy Ribeiro (Plano Piloto) / DF,EP_R2_NPPI,EP_R2_NPPI,True,R2,1.5,NPPI,False,-36.846,-36.846
2020-2022,2022,Darcy Ribeiro (Plano Piloto) / DF,Comunicação Organizacional (Bacharelado),Noturno,Comunicação Organizacional (Bacharelado) | Noturno | Darcy Ribeiro (Plano Piloto) / DF,CN,CN,False,,,NEGROS,False,23.426,23.426
2020-2022,2022,Darcy Ribeiro (Plano Piloto) / DF,Comunicação Organizacional (Bacharelado),Noturno,Comunicação Organizacional (Bacharelado) | Noturno | Darcy Ribeiro (Plano Piloto) / DF,AC,AC,False,,,,False,-22.175,42.588
2020-2022,2022,Darcy Ribeiro (Plano Piloto) / DF,Comunicação Social – Audiovisual (Bacharelado),Diurno,Comunicação Social – Audiovisual (Bacharelado) | Diurno | Darcy Ribeiro (Plano Piloto) / DF,EP_R1_PPI,EP_R1_PPI,True,R1,1.5,PPI,False,-17.004,-14.344
2020-2022,2022,Darcy Ribeiro (Plano Piloto) / DF,Comunicação Social – Audiovisual (Bacharelado),Diurno,Comunicação Social – Audiovisual (Bacharelado) | Diurno | Darcy Ribeiro (Plano Piloto) / DF,EP_R1_NPPI,EP_R1_NPPI,True,R1,1.5,NPPI,False,7.659,7.659
2020-2022,2022,Darcy Ribeiro (Plano Piloto) / DF,Comunicação Social – Audiovisual (Bacharelado),Diurno,Comunicação Social – Audiovisual (Bacharelado) | Diurno | Darcy Ribeiro (Plano Piloto) / DF,EP_R2_PPI,EP_R2_PPI,True,R2,1.5,PPI,False,-63.885,-63.885
2020-2022,2022,Darcy Ribeiro (Plano Piloto) / DF,Comunicação Social – Audiovisual (Bacharelado),Diurno,Comunicação Social – Audiovisual (Bacharelado) | Diurno | Darcy Ribeiro (Plano Piloto) / DF,EP_R2_NPPI,EP_R2_NPPI,True,R2,1.5,NPPI,False,5.234,7.439
2020-2022,2022,Darcy Ribeiro (Plano Piloto) / DF,Comunicação Social – Audiovisual (Bacharelado),Diurno,Comunicação Social – Audiovisual (Bacharelado) | Diurno | Darcy Ribeiro (Plano Piloto) / DF,CN,CN,False,,,NEGROS,False,0.681,0.681
2020-2022,2022,Darcy Ribeiro (Plano Piloto) / DF,Comunicação Social – Audiovisual (Bacharelado),Diurno,Comunicação Social – Audiovisual (Bacharelado) | Diurno | Darcy Ribeiro (Plano Piloto) / DF,AC,AC,False,,,,False,86.509,175.444
2020-2022,2022,Darcy Ribeiro (Plano Piloto) / DF,Comunicação Social - Publicidade e Propaganda (Bacharelado),Diurno,Comunicação Social - Publicidade e Propaganda (Bacharelado) | Diurno | Darcy Ribeiro (Plano Piloto) / DF,EP_R1_PPI,EP_R1_PPI,True,R1,1.5,PPI,False,-11.505,-0.422
2020-2022,2022,Darcy Ribeiro (Plano Piloto) / DF,Comunicação Social - Publicidade e Propaganda (Bacharelado),Diurno,Comunicação Social - Publicidade e Propaganda (Bacharelado) | Diurno | Darcy Ribeiro (Plano Piloto) / DF,EP_R1_NPPI,EP_R1_NPPI,True,R1,1.5,NPPI,False,-26.988,-26.988
2020-2022,2022,Darcy Ribeiro (Plano Piloto) / DF,Comunicação Social - Publicidade e Propaganda (Bacharelado),Diurno,Comunicação Social - Publicidade e Propaganda (Bacharelado) | Diurno | Darcy Ribeiro (Plano Piloto) / DF,EP_R2_PPI,EP_R2_PPI,True,R2,1.5,PPI,False,2.976,41.968
2020-2022,2022,Darcy Ribeiro (Plano Piloto) / DF,Comunicação Social - Publicidade e Propaganda (Bacharelado),Diurno,Comunicação Social - Publicidade e Propaganda (Bacharelado) | Diurno | Darcy Ribeiro (Plano Piloto) / DF,EP_R2_NPPI,EP_R2_NPPI,True,R2,1.5,NPPI,False,73.446,73.446
2020-2022,2022,Darcy Ribeiro (Plano Piloto) / DF,Comunicação Social - Publicidade e Propaganda (Bacharelado),Diurno,Comunicação Social - Publicidade e Propaganda (Bacharelado) | Diurno | Darcy Ribeiro (Plano Piloto) / DF,CN,CN,False,,,NEGROS,False,64.041,64.041
2020-2022,2022,Darcy Ribeiro (Plano Piloto) / DF,Comunicação Social - Publicidade e Propaganda (Bacharelado),Diurno,Comunicação Social - Publicidade e Propaganda (Bacharelado) | Diurno | Darcy Ribeiro (Plano Piloto) / DF,AC,AC,False,,,,False,62.484,120.186
2020-2022,2022,Darcy Ribeiro (Plano Piloto) / DF,Design – Programação Visual/ Projeto do Produto (Bacharelado),Diurno,Design – Programação Visual/ Projeto do Produto (Bacharelado) | Diurno | Darcy Ribeiro (Plano Piloto) / DF,EP_R1_PPI,EP_R1_PPI,True,R1,1.5,PPI,False,-24.693,-12.16
2020-2022,2022,Darcy Ribeiro (Plano Piloto) / DF,Design – Programação Visual/ Projeto do Produto (Bacharelado),Diurno,Design – Programação Visual/ Projeto do Produto (Bacharelado) | Diurno | Darcy Ribeiro (Plano Piloto) / DF,EP_R1_NPPI,EP_R1_NPPI,True,R1,1.5,NPPI,False,38.427,38.427
2020-2022,2022,Darcy Ribeiro (Plano Piloto) / DF,Design – Programação Visual/ Projeto do Produto (Bacharelado),Diurno,Design – Programação Visual/ Projeto do Produto (Bacharelado) | Diurno | Darcy Ribeiro (Plano Piloto) / DF,EP_R2_PPI,EP_R2_PPI,True,R2,1.5,PPI,False,-12.903,16.702
2020-2022,2022,Darcy Ribeiro (Plano Piloto) / DF,Design – Programação Visual/ Projeto do Produto (Bacharelado),Diurno,Design – Programação Visual/ Projeto do Produto (Bacharelado) | Diurno | Darcy Ribeiro (Plano Piloto) / DF,CN,CN,False,,,NEGROS,False,35.281,35.281
2020-2022,2022,Darcy Ribeiro (Plano Piloto) / DF,Design – Programação Visual/ Projeto do Produto (Bacharelado),Diurno,Design – Programação Visual/ Projeto do Produto (Bacharelado) | Diurno | Darcy Ribeiro (Plano Piloto) / DF,AC,AC,False,,,,False,77.866,108.078
2020-2022,2022,Darcy Ribeiro (Plano Piloto) / DF,Direito (Bacharelado),Diurno,Direito (Bacharelado) | Diurno | Darcy Ribeiro (Plano Piloto) / DF,EP_R1_PPI,EP_R1_PPI,True,R1,1.5,PPI,False,6.044,66.651
2020-2022,2022,Darcy Ribeiro (Plano Piloto) / DF,Direito (Bacharelado),Diurno,Direito (Bacharelado) | Diurno | Darcy Ribeiro (Plano Piloto) / DF,EP_R1_NPPI,EP_R1_NPPI,True,R1,1.5,NPPI,False,44.672,55.688
2020-2022,2022,Darcy Ribeiro (Plano Piloto) / DF,Direito (Bacharelado),Diurno,Direito (Bacharelado) | Diurno | Darcy Ribeiro (Plano Piloto) / DF,EP_R1_NPPI_PCD,EP_R1_NPPI_PCD,True,R1,1.5,NPPI,True,-22.954,-22.954
2020-2022,2022,Darcy Ribeiro (Plano Piloto) / DF,Direito (Bacharelado),Diurno,Direito (Bacharelado) | Diurno | Darcy Ribeiro (Plano Piloto) / DF,EP_R2_PPI,EP_R2_PPI,True,R2,1.5,PPI,False,44.407,72.089
2020-2022,2022,Darcy Ribeiro (Plano Piloto) / DF,Direito (Bacharelado),Diurno,Direito (Bacharelado) | Diurno | Darcy Ribeiro (Plano Piloto) / DF,EP_R2_NPPI,EP_R2_NPPI,True,R2,1.5,NPPI,False,94.622,113.21
2020-2022,2022,Darcy Ribeiro (Plano Piloto) / DF,Direito (Bacharelado),Diurno,Direito (Bacharelado) | Diurno | Darcy Ribeiro (Plano Piloto) / DF,CN,CN,False,,,NEGROS,False,101.124,130.856
2020-2022,2022,Darcy Ribeiro (Plano Piloto) / DF,Direito (Bacharelado),Diurno,Direito (Bacharelado) | Diurno | Darcy Ribeiro (Plano Piloto) / DF,AC,AC,False,,,,False,129.903,176.907
2020-2022,2022,Darcy Ribeiro (Plano Piloto) / DF,Direito (Bacharelado),Noturno,Direito (Bacharelado) | Noturno | Darcy Ribeiro (Plano Piloto) / DF,EP_R1_PPI,EP_R1_PPI,True,R1,1.5,PPI,False,-16.116,19.571
2020-2022,2022,Darcy Ribeiro (Plano Piloto) / DF,Direito (Bacharelado),Noturno,Direito (Bacharelado) | Noturno | Darcy Ribeiro (Plano Piloto) / DF,EP_R1_NPPI,EP_R1_NPPI,True,R1,1.5,NPPI,False,23.633,54.154
2020-2022,2022,Darcy Ribeiro (Plano Piloto) / DF,Direito (Bacharelado),Noturno,Direito (Bacharelado) | Noturno | Darcy Ribeiro (Plano Piloto) / DF,EP_R2_PPI,EP_R2_PPI,True,R2,1.5,PPI,False,30.892,77.986
2020-2022,2022,Darcy Ribeiro (Plano Piloto) / DF,Direito (Bacharelado),Noturno,Direito (Bacharelado) | Noturno | Darcy Ribeiro (Plano Piloto) / DF,EP_R2_NPPI,EP_R2_NPPI,True,R2,1.5,NPPI,False,59.961,87.15
2020-2022,2022,Darcy Ribeiro (Plano Piloto) / DF,Direito (Bacharelado),Noturno,Direito (Bacharelado) | Noturno | Darcy Ribeiro (Plano Piloto) / DF,CN,CN,False,,,NEGROS,False,34.08,91.279
2020-2022,2022,Darcy Ribeiro (Plano Piloto) / DF,Direito (Bacharelado),Noturno,Direito (Bacharelado) | Noturno | Darcy Ribeiro (Plano Piloto) / DF,AC,AC,False,,,,False,86.54,128.71
2020-2022,2022,Darcy Ribeiro (Plano Piloto) / DF,Educação Física (Bacharelado),Diurno,Educação Física (Bacharelado) | Diurno | Darcy Ribeiro (Plano Piloto) / DF,EP_R1_PPI,EP_R1_PPI,True,R1,1.5,PPI,False,-54.13,-26.608
2020-2022,2022,Darcy Ribeiro (Plano Piloto) / DF,Educação Física (Bacharelado),Diurno,Educação Física (Bacharelado) | Diurno | Darcy Ribeiro (Plano Piloto) / DF,EP_R1_NPPI,EP_R1_NPPI,True,R1,1.5,NPPI,False,-28.061,11.714
2020-2022,2022,Darcy Ribeiro (Plano Piloto) / DF,Educação Física (Bacharelado),Diurno,Educação Física (Bacharelado) | Diurno | Darcy Ribeiro (Plano Piloto) / DF,EP_R2_PPI,EP_R2_PPI,True,R2,1.5,PPI,False,-40.481,-3.232
2020-2022,2022,Darcy Ribeiro (Plano Piloto) / DF,Educação Física (Bacharelado),Diurno,Educação Física (Bacharelado) | Diurno | Darcy Ribeiro (Plano Piloto) / DF,EP_R2_NPPI,EP_R2_NPPI,True,R2,1.5,NPPI,False,-29.762,44.154
2020-2022,2022,Darcy Ribeiro (Plano Piloto) / DF,Educação Física (Bacharelado),Diurno,Educação Física (Bacharelado) | Diurno | Darcy Ribeiro (Plano Piloto) / DF,CN,CN,False,,,NEGROS,False,16.093,16.093
2020-2022,2022,Darcy Ribeiro (Plano Piloto) / DF,Educação Física (Bacharelado),Diurno,Educação Física (Bacharelado) | Diurno | Darcy Ribeiro (Plano Piloto) / DF,AC,AC,False,,,,False,11.455,53.752
2020-2022,2022,Darcy Ribeiro (Plano Piloto) / DF,Educação Física (Licenciatura),Diurno,Educação Física (Licenciatura) | Diurno | Darcy Ribeiro (Plano Piloto) / DF,EP_R1_PPI,EP_R1_PPI,True,R1,1.5,PPI,False,-55.945,-28.09
2020-2022,2022,Darcy Ribeiro (Plano Piloto) / DF,Educação Física (Licenciatura),Diurno,Educação Física (Licenciatura) | Diurno | Darcy Ribeiro (Plano Piloto) / DF,EP_R1_NPPI,EP_R1_NPPI,True,R1,1.5,NPPI,False,-92.355,-73.207
2020-2022,2022,Darcy Ribeiro (Plano Piloto) / DF,Educação Física (Licenciatura),Diurno,Educação Física (Licenciatura) | Diurno | Darcy Ribeiro (Plano Piloto) / DF,EP_R2_PPI,EP_R2_PPI,True,R2,1.5,PPI,False,-70.465,-42.643
2020-2022,2022,Darcy Ribeiro (Plano Piloto) / DF,Educação Física (Licenciatura),Diurno,Educação Física (Licenciatura) | Diurno | Darcy Ribeiro (Plano Piloto) / DF,EP_R2_NPPI,EP_R2_NPPI,True,R2,1.5,NPPI,False,-14.459,13.1
2020-2022,2022,Darcy Ribeiro (Plano Piloto) / DF,Educação Física (Licenciatura),Diurno,Educação Física (Licenciatura) | Diurno | Darcy Ribeiro (Plano Piloto) / DF,CN,CN,False,,,NEGROS,False,-2.82,-2.82
2020-2022,2022,Darcy Ribeiro (Plano Piloto) / DF,Educação Física (Licenciatura),Diurno,Educação Física (Licenciatura) | Diurno | Darcy Ribeiro (Plano Piloto) / DF,AC,AC,False,,,,False,-10.111,20.985
2020-2022,2022,Darcy Ribeiro (Plano Piloto) / DF,Enfermagem (Bacharelado),Diurno,Enfermagem (Bacharelado) | Diurno | Darcy Ribeiro (Plano Piloto) / DF,EP_R1_PPI,EP_R1_PPI,True,R1,1.5,PPI,False,17.032,48.519
2020-2022,2022,Darcy Ribeiro (Plano Piloto) / DF,Enfermagem (Bacharelado),Diurno,Enfermagem (Bacharelado) | Diurno | Darcy Ribeiro (Plano Piloto) / DF,EP_R1_NPPI,EP_R1_NPPI,True,R1,1.5,NPPI,False,9.678,12.691
2020-2022,2022,Darcy Ribeiro (Plano Piloto) / DF,Enfermagem (Bacharelado),Diurno,Enfermagem (Bacharelado) | Diurno | Darcy Ribeiro (Plano Piloto) / DF,EP_R2_PPI,EP_R2_PPI,True,R2,1.5,PPI,False,9.318,19.495
2020-2022,2022,Darcy Ribeiro (Plano Piloto) / DF,Enfermagem (Bacharelado),Diurno,Enfermagem (Bacharelado) | Diurno | Darcy Ribeiro (Plano Piloto) / DF,EP_R2_NPPI,EP_R2_NPPI,True,R2,1.5,NPPI,False,61.872,75.478
2020-2022,2022,Darcy Ribeiro (Plano Piloto) / DF,Enfermagem (Bacharelado),Diurno,Enfermagem (Bacharelado) | Diurno | Darcy Ribeiro (Plano Piloto) / DF,CN,CN,False,,,NEGROS,False,49.514,49.514
2020-2022,2022,Darcy Ribeiro (Plano Piloto) / DF,Enfermagem (Bacharelado),Diurno,Enfermagem (Bacharelado) | Diurno | Darcy Ribeiro (Plano Piloto) / DF,AC,AC,False,,,,False,48.594,73.121
2020-2022,2022,Darcy Ribeiro (Plano Piloto) / DF,Engenharia Ambiental (Bacharelado),Diurno,Engenharia Ambiental (Bacharelado) | Diurno | Darcy Ribeiro (Plano Piloto) / DF,EP_R1_NPPI,EP_R1_NPPI,True,R1,1.5,NPPI,False,65.209,65.209
2020-2022,2022,Darcy Ribeiro (Plano Piloto) / DF,Engenharia Ambiental (Bacharelado),Diurno,Engenharia Ambiental (Bacharelado) | Diurno | Darcy Ribeiro (Plano Piloto) / DF,EP_R2_PPI,EP_R2_PPI,True,R2,1.5,PPI,False,-56.495,68.61
2020-2022,2022,Darcy Ribeiro (Plano Piloto) / DF,Engenharia Ambiental (Bacharelado),Diurno,Engenharia Ambiental (Bacharelado) | Diurno | Darcy Ribeiro (Plano Piloto) / DF,CN,CN,False,,,NEGROS,False,7.046,7.046
2020-2022,2022,Darcy Ribeiro (Plano Piloto) / DF,Engenharia Ambiental (Bacharelado),Diurno,Engenharia Ambiental (Bacharelado) | Diurno | Darcy Ribeiro (Plano Piloto) / DF,AC,AC,False,,,,False,-7.834,139.431
2020-2022,2022,Darcy Ribeiro (Plano Piloto) / DF,Engenharia Civil (Bacharelado),Diurno,Engenharia Civil (Bacharelado) | Diurno | Darcy Ribeiro (Plano Piloto) / DF,EP_R1_PPI,EP_R1_PPI,True,R1,1.5,PPI,False,-39.011,-21.766
2020-2022,2022,Darcy Ribeiro (Plano Piloto) / DF,Engenharia Civil (Bacharelado),Diurno,Engenharia Civil (Bacharelado) | Diurno | Darcy Ribeiro (Plano Piloto) / DF,EP_R2_PPI,EP_R2_PPI,True,R2,1.5,PPI,False,-43.065,-7.167
2020-2022,2022,Darcy Ribeiro (Plano Piloto) / DF,Engenharia Civil (Bacharelado),Diurno,Engenharia Civil (Bacharelado) | Diurno | Darcy Ribeiro (Plano Piloto) / DF,EP_R2_NPPI,EP_R2_NPPI,True,R2,1.5,NPPI,False,-16.627,82.763
2020-2022,2022,Darcy Ribeiro (Plano Piloto) / DF,Engenharia Civil (Bacharelado),Diurno,Engenharia Civil (Bacharelado) | Diurno | Darcy Ribeiro (Plano Piloto) / DF,CN,CN,False,,,NEGROS,False,-48.61,-48.61
2020-2022,2022,Darcy Ribeiro (Plano Piloto) / DF,Engenharia Civil (Bacharelado),Diurno,Engenharia Civil (Bacharelado) | Diurno | Darcy Ribeiro (Plano Piloto) / DF,AC,AC,False,,,,False,-14.958,126.978
2020-2022,2022,Darcy Ribeiro (Plano Piloto) / DF,Engenharia de Computação (Bacharelado),Diurno,Engenharia de Computação (Bacharelado) | Diurno | Darcy Ribeiro (Plano Piloto) / DF,EP_R1_PPI,EP_R1_PPI,True,R1,1.5,PPI,False,-0.447,35.476
2020-2022,2022,Darcy Ribeiro (Plano Piloto) / DF,Engenharia de Computação (Bacharelado),Diurno,Engenharia de Computação (Bacharelado) | Diurno | Darcy Ribeiro (Plano Piloto) / DF,EP_R1_NPPI,EP_R1_NPPI,True,R1,1.5,NPPI,False,-52.218,-10.159
2020-2022,2022,Darcy Ribeiro (Plano Piloto) / DF,Engenharia de Computação (Bacharelado),Diurno,Engenharia de Computação (Bacharelado) | Diurno | Darcy Ribeiro (Plano Piloto) / DF,EP_R2_PPI,EP_R2_PPI,True,R2,1.5,PPI,False,12.403,47.079
2020-2022,2022,Darcy Ribeiro (Plano Piloto) / DF,Engenharia de Computação (Bacharelado),Diurno,Engenharia de Computação (Bacharelado) | Diurno | Darcy Ribeiro (Plano Piloto) / DF,EP_R2_NPPI,EP_R2_NPPI,True,R2,1.5,NPPI,False,132.082,142.531
2020-2022,2022,Darcy Ribeiro (Plano Piloto) / DF,Engenharia de Computação (Bacharelado),Diurno,Engenharia de Computação (Bacharelado) | Diurno | Darcy Ribeiro (Plano Piloto) / DF,CN,CN,False,,,NEGROS,False,44.324,44.324
2020-2022,2022,Darcy Ribeiro (Plano Piloto) / DF,Engenharia de Computação (Bacharelado),Diurno,Engenharia de Computação (Bacharelado) | Diurno | Darcy Ribeiro (Plano Piloto) / DF,AC,AC,False,,,,False,120.321,160.318
2020-2022,2022,Darcy Ribeiro (Plano Piloto) / DF,Engenharia de Produção (Bacharelado),Noturno,Engenharia de Produção (Bacharelado) | Noturno | Darcy Ribeiro (Plano Piloto) / DF,EP_R1_PPI,EP_R1_PPI,True,R1,1.5,PPI,False,11.401,11.401
2020-2022,2022,Darcy Ribeiro (Plano Piloto) / DF,Engenharia de Produção (Bacharelado),Noturno,Engenharia de Produção (Bacharelado) | Noturno | Darcy Ribeiro (Plano Piloto) / DF,CN,CN,False,,,NEGROS,False,27.336,27.336
2020-2022,2022,Darcy Ribeiro (Plano Piloto) / DF,Engenharia de Produção (Bacharelado),Noturno,Engenharia de Produção (Bacharelado) | Noturno | Darcy Ribeiro (Plano Piloto) / DF,AC,AC,False,,,,False,38.913,159.558
2020-2022,2022,Darcy Ribeiro (Plano Piloto) / DF,Engenharia de Redes de Comunicação (Bacharelado),Diurno,Engenharia de Redes de Comunicação (Bacharelado) | Diurno | Darcy Ribeiro (Plano Piloto) / DF,EP_R2_NPPI,EP_R2_NPPI,True,R2,1.5,NPPI,False,-49.0,-49.0
2020-2022,2022,Darcy Ribeiro (Plano Piloto) / DF,Engenharia de Redes de Comunicação (Bacharelado),Diurno,Engenharia de Redes de Comunicação (Bacharelado) | Diurno | Darcy Ribeiro (Plano Piloto) / DF,CN,CN,False,,,NEGROS,False,67.472,67.472
2020-2022,2022,Darcy Ribeiro (Plano Piloto) / DF,Engenharia de Redes de Comunicação (Bacharelado),Diurno,Engenharia de Redes de Comunicação (Bacharelado) | Diurno | Darcy Ribeiro (Plano Piloto) / DF,AC,AC,False,,,,False,-37.069,84.551
2020-2022,2022,Darcy Ribeiro (Plano Piloto) / DF,Engenharia Elétrica (Bacharelado),Diurno,Engenharia Elétrica (Bacharelado) | Diurno | Darcy Ribeiro (Plano Piloto) / DF,EP_R1_PPI,EP_R1_PPI,True,R1,1.5,PPI,False,0.067,0.067
2020-2022,2022,Darcy Ribeiro (Plano Piloto) / DF,Engenharia Elétrica (Bacharelado),Diurno,Engenharia Elétrica (Bacharelado) | Diurno | Darcy Ribeiro (Plano Piloto) / DF,EP_R2_PPI,EP_R2_PPI,True,R2,1.5,PPI,False,-9.239,33.9
2020-2022,2022,Darcy Ribeiro (Plano Piloto) / DF,Engenharia Elétrica (Bacharelado),Diurno,Engenharia Elétrica (Bacharelado) | Diurno | Darcy Ribeiro (Plano Piloto) / DF,EP_R2_NPPI,EP_R2_NPPI,True,R2,1.5,NPPI,False,-20.364,135.211
2020-2022,2022,Darcy Ribeiro (Plano Piloto) / DF,Engenharia Elétrica (Bacharelado),Diurno,Engenharia Elétrica (Bacharelado) | Diurno | Darcy Ribeiro (Plano Piloto) / DF,CN,CN,False,,,NEGROS,False,77.957,77.957
2020-2022,2022,Darcy Ribeiro (Plano Piloto) / DF,Engenharia Elétrica (Bacharelado),Diurno,Engenharia Elétrica (Bacharelado) | Diurno | Darcy Ribeiro (Plano Piloto) / DF,AC,AC,False,,,,False,41.135,163.248
2020-2022,2022,Darcy Ribeiro (Plano Piloto) / DF,Engenharia Florestal (Bacharelado),Diurno,Engenharia Florestal (Bacharelado) | Diurno | Darcy Ribeiro (Plano Piloto) / DF,EP_R1_NPPI,EP_R1_NPPI,True,R1,1.5,NPPI,False,-15.457,9.613
2020-2022,2022,Darcy Ribeiro (Plano Piloto) / DF,Engenharia Florestal (Bacharelado),Diurno,Engenharia Florestal (Bacharelado) | Diurno | Darcy Ribeiro (Plano Piloto) / DF,EP_R2_PPI,EP_R2_PPI,True,R2,1.5,PPI,False,-50.84,-13.077
2020-2022,2022,Darcy Ribeiro (Plano Piloto) / DF,Engenharia Florestal (Bacharelado),Diurno,Engenharia Florestal (Bacharelado) | Diurno | Darcy Ribeiro (Plano Piloto) / DF,EP_R2_NPPI,EP_R2_NPPI,True,R2,1.5,NPPI,False,-52.846,-50.215
2020-2022,2022,Darcy Ribeiro (Plano Piloto) / DF,Engenharia Florestal (Bacharelado),Diurno,Engenharia Florestal (Bacharelado) | Diurno | Darcy Ribeiro (Plano Piloto) / DF,CN,CN,False,,,NEGROS,False,-21.139,-21.139
2020-2022,2022,Darcy Ribeiro (Plano Piloto) / DF,Engenharia Florestal (Bacharelado),Diurno,Engenharia Florestal (Bacharelado) | Diurno | Darcy Ribeiro (Plano Piloto) / DF,AC,AC,False,,,,False,-50.298,54.606
2020-2022,2022,Darcy Ribeiro (Plano Piloto) / DF,Engenharia Mecânica (Bacharelado),Diurno,Engenharia Mecânica (Bacharelado) | Diurno | Darcy Ribeiro (Plano Piloto) / DF,EP_R1_PPI,EP_R1_PPI,True,R1,1.5,PPI,False,-34.593,-30.996
2020-2022,2022,Darcy Ribeiro (Plano Piloto) / DF,Engenharia Mecânica (Bacharelado),Diurno,Engenharia Mecânica (Bacharelado) | Diurno | Darcy Ribeiro (Plano Piloto) / DF,EP_R2_PPI,EP_R2_PPI,True,R2,1.5,PPI,False,-84.626,-77.546
2020-2022,2022,Darcy Ribeiro (Plano Piloto) / DF,Engenharia Mecânica (Bacharelado),Diurno,Engenharia Mecânica (Bacharelado) | Diurno | Darcy Ribeiro (Plano Piloto) / DF,EP_R2_NPPI,EP_R2_NPPI,True,R2,1.5,NPPI,False,-12.021,70.474
2020-2022,2022,Darcy Ribeiro (Plano Piloto) / DF,Engenharia Mecânica (Bacharelado),Diurno,Engenharia Mecânica (Bacharelado) | Diurno | Darcy Ribeiro (Plano Piloto) / DF,CN,CN,False,,,NEGROS,False,12.814,12.814
2020-2022,2022,Darcy Ribeiro (Plano Piloto) / DF,Engenharia Mecânica (Bacharelado),Diurno,Engenharia Mecânica (Bacharelado) | Diurno | Darcy Ribeiro (Plano Piloto) / DF,AC,AC,False,,,,False,58.439,154.863
2020-2022,2022,Darcy Ribeiro (Plano Piloto) / DF,Engenharia Mecatrônica – Controle e Automação (Bacharelado),Diurno,Engenharia Mecatrônica – Controle e Automação (Bacharelado) | Diurno | Darcy Ribeiro (Plano Piloto) / DF,EP_R1_PPI,EP_R1_PPI,True,R1,1.5,PPI,False,-24.504,59.809
2020-2022,2022,Darcy Ribeiro (Plano Piloto) / DF,Engenharia Mecatrônica – Controle e Automação (Bacharelado),Diurno,Engenharia Mecatrônica – Controle e Automação (Bacharelado) | Diurno | Darcy Ribeiro (Plano Piloto) / DF,EP_R1_NPPI,EP_R1_NPPI,True,R1,1.5,NPPI,False,-42.409,-41.277
2020-2022,2022,Darcy Ribeiro (Plano Piloto) / DF,Engenharia Mecatrônica – Controle e Automação (Bacharelado),Diurno,Engenharia Mecatrônica – Controle e Automação (Bacharelado) | Diurno | Darcy Ribeiro (Plano Piloto) / DF,EP_R2_PPI,EP_R2_PPI,True,R2,1.5,PPI,False,1.944,1.944
2020-2022,2022,Darcy Ribeiro (Plano Piloto) / DF,Engenharia Mecatrônica – Controle e Automação (Bacharelado),Diurno,Engenharia Mecatrônica – Controle e Automação (Bacharelado) | Diurno | Darcy Ribeiro (Plano Piloto) / DF,EP_R2_NPPI,EP_R2_NPPI,True,R2,1.5,NPPI,False,-41.875,43.548
2020-2022,2022,Darcy Ribeiro (Plano Piloto) / DF,Engenharia Mecatrônica – Controle e Automação (Bacharelado),Diurno,Engenharia Mecatrônica – Controle e Automação (Bacharelado) | Diurno | Darcy Ribeiro (Plano Piloto) / DF,CN,CN,False,,,NEGROS,False,53.035,53.035
2020-2022,2022,Darcy Ribeiro (Plano Piloto) / DF,Engenharia Mecatrônica – Controle e Automação (Bacharelado),Diurno,Engenharia Mecatrônica – Controle e Automação (Bacharelado) | Diurno | Darcy Ribeiro (Plano Piloto) / DF,AC,AC,False,,,,False,116.231,162.86
2020-2022,2022,Darcy Ribeiro (Plano Piloto) / DF,Engenharia Química (Bacharelado),Diurno,Engenharia Química (Bacharelado) | Diurno | Darcy Ribeiro (Plano Piloto) / DF,EP_R1_PPI,EP_R1_PPI,True,R1,1.5,PPI,False,5.172,46.146
2020-2022,2022,Darcy Ribeiro (Plano Piloto) / DF,Engenharia Química (Bacharelado),Diurno,Engenharia Química (Bacharelado) | Diurno | Darcy Ribeiro (Plano Piloto) / DF,EP_R1_NPPI,EP_R1_NPPI,True,R1,1.5,NPPI,False,-43.682,-43.682
2020-2022,2022,Darcy Ribeiro (Plano Piloto) / DF,Engenharia Química (Bacharelado),Diurno,Engenharia Química (Bacharelado) | Diurno | Darcy Ribeiro (Plano Piloto) / DF,EP_R2_PPI,EP_R2_PPI,True,R2,1.5,PPI,False,30.811,59.008
2020-2022,2022,Darcy Ribeiro (Plano Piloto) / DF,Engenharia Química (Bacharelado),Diurno,Engenharia Química (Bacharelado) | Diurno | Darcy Ribeiro (Plano Piloto) / DF,EP_R2_NPPI,EP_R2_NPPI,True,R2,1.5,NPPI,False,51.7,79.292
2020-2022,2022,Darcy Ribeiro (Plano Piloto) / DF,Engenharia Química (Bacharelado),Diurno,Engenharia Química (Bacharelado) | Diurno | Darcy Ribeiro (Plano Piloto) / DF,AC,AC,False,,,,False,59.512,108.454
2020-2022,2022,Darcy Ribeiro (Plano Piloto) / DF,Estatística (Bacharelado),Diurno,Estatística (Bacharelado) | Diurno | Darcy Ribeiro (Plano Piloto) / DF,EP_R1_NPPI,EP_R1_NPPI,True,R1,1.5,NPPI,False,-32.737,-32.737
2020-2022,2022,Darcy Ribeiro (Plano Piloto) / DF,Estatística (Bacharelado),Diurno,Estatística (Bacharelado) | Diurno | Darcy Ribeiro (Plano Piloto) / DF,EP_R2_NPPI,EP_R2_NPPI,True,R2,1.5,NPPI,False,-49.618,5.697
2020-2022,2022,Darcy Ribeiro (Plano Piloto) / DF,Estatística (Bacharelado),Diurno,Estatística (Bacharelado) | Diurno | Darcy Ribeiro (Plano Piloto) / DF,AC,AC,False,,,,False,10.445,122.669
2020-2022,2022,Darcy Ribeiro (Plano Piloto) / DF,Farmácia (Bacharelado),Diurno,Farmácia (Bacharelado) | Diurno | Darcy Ribeiro (Plano Piloto) / DF,EP_R1_PPI,EP_R1_PPI,True,R1,1.5,PPI,False,-4.013,-0.12
2020-2022,2022,Darcy Ribeiro (Plano Piloto) / DF,Farmácia (Bacharelado),Diurno,Farmácia (Bacharelado) | Diurno | Darcy Ribeiro (Plano Piloto) / DF,EP_R1_NPPI,EP_R1_NPPI,True,R1,1.5,NPPI,False,-14.318,-8.04
2020-2022,2022,Darcy Ribeiro (Plano Piloto) / DF,Farmácia (Bacharelado),Diurno,Farmácia (Bacharelado) | Diurno | Darcy Ribeiro (Plano Piloto) / DF,EP_R2_PPI,EP_R2_PPI,True,R2,1.5,PPI,False,-18.29,26.718
2020-2022,2022,Darcy Ribeiro (Plano Piloto) / DF,Farmácia (Bacharelado),Diurno,Farmácia (Bacharelado) | Diurno | Darcy Ribeiro (Plano Piloto) / DF,EP_R2_NPPI,EP_R2_NPPI,True,R2,1.5,NPPI,False,72.441,79.533
2020-2022,2022,Darcy Ribeiro (Plano Piloto) / DF,Farmácia (Bacharelado),Diurno,Farmácia (Bacharelado) | Diurno | Darcy Ribeiro (Plano Piloto) / DF,CN,CN,False,,,NEGROS,False,-29.349,-29.349
2020-2022,2022,Darcy Ribeiro (Plano Piloto) / DF,Farmácia (Bacharelado),Diurno,Farmácia (Bacharelado) | Diurno | Darcy Ribeiro (Plano Piloto) / DF,AC,AC,False,,,,False,57.242,101.253
2020-2022,2022,Darcy Ribeiro (Plano Piloto) / DF,Farmácia (Bacharelado),Noturno,Farmácia (Bacharelado) | Noturno | Darcy Ribeiro (Plano Piloto) / DF,EP_R1_PPI,EP_R1_PPI,True,R1,1.5,PPI,False,-12.46,40.572
2020-2022,2022,Darcy Ribeiro (Plano Piloto) / DF,Farmácia (Bacharelado),Noturno,Farmácia (Bacharelado) | Noturno | Darcy Ribeiro (Plano Piloto) / DF,EP_R1_NPPI,EP_R1_NPPI,True,R1,1.5,NPPI,False,-23.033,12.84
2020-2022,2022,Darcy Ribeiro (Plano Piloto) / DF,Farmácia (Bacharelado),Noturno,Farmácia (Bacharelado) | Noturno | Darcy Ribeiro (Plano Piloto) / DF,EP_R2_PPI,EP_R2_PPI,True,R2,1.5,PPI,False,-48.92,-1.44
2020-2022,2022,Darcy Ribeiro (Plano Piloto) / DF,Farmácia (Bacharelado),Noturno,Farmácia (Bacharelado) | Noturno | Darcy Ribeiro (Plano Piloto) / DF,EP_R2_NPPI,EP_R2_NPPI,True,R2,1.5,NPPI,False,13.926,13.926
2020-2022,2022,Darcy Ribeiro (Plano Piloto) / DF,Farmácia (Bacharelado),Noturno,Farmácia (Bacharelado) | Noturno | Darcy Ribeiro (Plano Piloto) / DF,CN,CN,False,,,NEGROS,False,27.978,27.978
2020-2022,2022,Darcy Ribeiro (Plano Piloto) / DF,Farmácia (Bacharelado),Noturno,Farmácia (Bacharelado) | Noturno | Darcy Ribeiro (Plano Piloto) / DF,AC,AC,False,,,,False,1.833,15.434
2020-2022,2022,Darcy Ribeiro (Plano Piloto) / DF,Filosofia (Bacharelado/Licenciatura),Diurno,Filosofia (Bacharelado/Licenciatura) | Diurno | Darcy Ribeiro (Plano Piloto) / DF,EP_R1_PPI,EP_R1_PPI,True,R1,1.5,PPI,False,-55.356,-55.356
2020-2022,2022,Darcy Ribeiro (Plano Piloto) / DF,Filosofia (Bacharelado/Licenciatura),Diurno,Filosofia (Bacharelado/Licenciatura) | Diurno | Darcy Ribeiro (Plano Piloto) / DF,EP_R2_PPI,EP_R2_PPI,True,R2,1.5,PPI,False,-24.861,-18.079
2020-2022,2022,Darcy Ribeiro (Plano Piloto) / DF,Filosofia (Bacharelado/Licenciatura),Diurno,Filosofia (Bacharelado/Licenciatura) | Diurno | Darcy Ribeiro (Plano Piloto) / DF,EP_R2_NPPI,EP_R2_NPPI,True,R2,1.5,NPPI,False,-36.86,29.673
2020-2022,2022,Darcy Ribeiro (Plano Piloto) / DF,Filosofia (Bacharelado/Licenciatura),Diurno,Filosofia (Bacharelado/Licenciatura) | Diurno | Darcy Ribeiro (Plano Piloto) / DF,AC,AC,False,,,,False,-65.778,92.933
2020-2022,2022,Darcy Ribeiro (Plano Piloto) / DF,Filosofia (Licenciatura),Noturno,Filosofia (Licenciatura) | Noturno | Darcy Ribeiro (Plano Piloto) / DF,EP_R2_PPI,EP_R2_PPI,True,R2,1.5,PPI,False,-20.759,-20.759
2020-2022,2022,Darcy Ribeiro (Plano Piloto) / DF,Filosofia (Licenciatura),Noturno,Filosofia (Licenciatura) | Noturno | Darcy Ribeiro (Plano Piloto) / DF,AC,AC,False,,,,False,-30.212,2.725
2020-2022,2022,Darcy Ribeiro (Plano Piloto) / DF,Física (Bacharelado),Diurno,Física (Bacharelado) | Diurno | Darcy Ribeiro (Plano Piloto) / DF,EP_R1_PPI,EP_R1_PPI,True,R1,1.5,PPI,False,72.767,72.767
2020-2022,2022,Darcy Ribeiro (Plano Piloto) / DF,Física (Bacharelado),Diurno,Física (Bacharelado) | Diurno | Darcy Ribeiro (Plano Piloto) / DF,EP_R1_NPPI,EP_R1_NPPI,True,R1,1.5,NPPI,False,-20.071,43.762
2020-2022,2022,Darcy Ribeiro (Plano Piloto) / DF,Física (Bacharelado),Diurno,Física (Bacharelado) | Diurno | Darcy Ribeiro (Plano Piloto) / DF,EP_R2_PPI,EP_R2_PPI,True,R2,1.5,PPI,False,-19.355,-19.355
2020-2022,2022,Darcy Ribeiro (Plano Piloto) / DF,Física (Bacharelado),Diurno,Física (Bacharelado) | Diurno | Darcy Ribeiro (Plano Piloto) / DF,EP_R2_NPPI,EP_R2_NPPI,True,R2,1.5,NPPI,False,-72.92,99.501
2020-2022,2022,Darcy Ribeiro (Plano Piloto) / DF,Física (Bacharelado),Diurno,Física (Bacharelado) | Diurno | Darcy Ribeiro (Plano Piloto) / DF,CN,CN,False,,,NEGROS,False,60.143,60.143
2020-2022,2022,Darcy Ribeiro (Plano Piloto) / DF,Física (Bacharelado),Diurno,Física (Bacharelado) | Diurno | Darcy Ribeiro (Plano Piloto) / DF,AC,AC,False,,,,False,18.948,130.469
2020-2022,2022,Darcy Ribeiro (Plano Piloto) / DF,Geofísica (Bacharelado),Diurno,Geofísica (Bacharelado) | Diurno | Darcy Ribeiro (Plano Piloto) / DF,EP_R1_PPI,EP_R1_PPI,True,R1,1.5,PPI,False,-16.259,-16.259
2020-2022,2022,Darcy Ribeiro (Plano Piloto) / DF,Geofísica (Bacharelado),Diurno,Geofísica (Bacharelado) | Diurno | Darcy Ribeiro (Plano Piloto) / DF,EP_R1_NPPI,EP_R1_NPPI,True,R1,1.5,NPPI,False,-40.118,-40.118
2020-2022,2022,Darcy Ribeiro (Plano Piloto) / DF,Geofísica (Bacharelado),Diurno,Geofísica (Bacharelado) | Diurno | Darcy Ribeiro (Plano Piloto) / DF,AC,AC,False,,,,False,-30.09,113.042
2020-2022,2022,Darcy Ribeiro (Plano Piloto) / DF,Geografia (Bacharelado/Licenciatura),Diurno,Geografia (Bacharelado/Licenciatura) | Diurno | Darcy Ribeiro (Plano Piloto) / DF,EP_R1_NPPI,EP_R1_NPPI,True,R1,1.5,NPPI,False,-35.349,-13.749
2020-2022,2022,Darcy Ribeiro (Plano Piloto) / DF,Geografia (Bacharelado/Licenciatura),Diurno,Geografia (Bacharelado/Licenciatura) | Diurno | Darcy Ribeiro (Plano Piloto) / DF,EP_R2_PPI,EP_R2_PPI,True,R2,1.5,PPI,False,-16.626,-16.626
2020-2022,2022,Darcy Ribeiro (Plano Piloto) / DF,Geografia (Bacharelado/Licenciatura),Diurno,Geografia (Bacharelado/Licenciatura) | Diurno | Darcy Ribeiro (Plano Piloto) / DF,AC,AC,False,,,,False,-23.824,96.723
2020-2022,2022,Darcy Ribeiro (Plano Piloto) / DF,Geologia (Bacharelado),Diurno,Geologia (Bacharelado) | Diurno | Darcy Ribeiro (Plano Piloto) / DF,EP_R1_PPI,EP_R1_PPI,True,R1,1.5,PPI,False,-14.615,-14.615
2020-2022,2022,Darcy Ribeiro (Plano Piloto) / DF,Geologia (Bacharelado),Diurno,Geologia (Bacharelado) | Diurno | Darcy Ribeiro (Plano Piloto) / DF,EP_R2_PPI,EP_R2_PPI,True,R2,1.5,PPI,False,-34.358,-10.741
2020-2022,2022,Darcy Ribeiro (Plano Piloto) / DF,Geologia (Bacharelado),Diurno,Geologia (Bacharelado) | Diurno | Darcy Ribeiro (Plano Piloto) / DF,CN,CN,False,,,NEGROS,False,-36.67,-36.67
2020-2022,2022,Darcy Ribeiro (Plano Piloto) / DF,Geologia (Bacharelado),Diurno,Geologia (Bacharelado) | Diurno | Darcy Ribeiro (Plano Piloto) / DF,AC,AC,False,,,,False,-54.123,77.924
2020-2022,2022,Darcy Ribeiro (Plano Piloto) / DF,Gestão de Agronegócio (Bacharelado),Noturno,Gestão de Agronegócio (Bacharelado) | Noturno | Darcy Ribeiro (Plano Piloto) / DF,AC,AC,False,,,,False,-60.214,-19.741
2020-2022,2022,Darcy Ribeiro (Plano Piloto) / DF,Gestão de Políticas Públicas (Bacharelado),Noturno,Gestão de Políticas Públicas (Bacharelado) | Noturno | Darcy Ribeiro (Plano Piloto) / DF,EP_R1_PPI,EP_R1_PPI,True,R1,1.5,PPI,False,-45.045,-45.045
2020-2022,2022,Darcy Ribeiro (Plano Piloto) / DF,Gestão de Políticas Públicas (Bacharelado),Noturno,Gestão de Políticas Públicas (Bacharelado) | Noturno | Darcy Ribeiro (Plano Piloto) / DF,EP_R1_NPPI,EP_R1_NPPI,True,R1,1.5,NPPI,False,-40.811,-40.811
2020-2022,2022,Darcy Ribeiro (Plano Piloto) / DF,Gestão de Políticas Públicas (Bacharelado),Noturno,Gestão de Políticas Públicas (Bacharelado) | Noturno | Darcy Ribeiro (Plano Piloto) / DF,EP_R2_NPPI,EP_R2_NPPI,True,R2,1.5,NPPI,False,-26.029,-6.666
2020-2022,2022,Darcy Ribeiro (Plano Piloto) / DF,Gestão de Políticas Públicas (Bacharelado),Noturno,Gestão de Políticas Públicas (Bacharelado) | Noturno | Darcy Ribeiro (Plano Piloto) / DF,CN,CN,False,,,NEGROS,False,-18.676,-18.676
2020-2022,2022,Darcy Ribeiro (Plano Piloto) / DF,Gestão de Políticas Públicas (Bacharelado),Noturno,Gestão de Políticas Públicas (Bacharelado) | Noturno | Darcy Ribeiro (Plano Piloto) / DF,AC,AC,False,,,,False,-65.744,40.755
2020-2022,2022,Darcy Ribeiro (Plano Piloto) / DF,História (Bacharelado/Licenciatura),Diurno,História (Bacharelado/Licenciatura) | Diurno | Darcy Ribeiro (Plano Piloto) / DF,EP_R1_PPI,EP_R1_PPI,True,R1,1.5,PPI,False,-7.038,38.18
2020-2022,2022,Darcy Ribeiro (Plano Piloto) / DF,História (Bacharelado/Licenciatura),Diurno,História (Bacharelado/Licenciatura) | Diurno | Darcy Ribeiro (Plano Piloto) / DF,EP_R1_NPPI,EP_R1_NPPI,True,R1,1.5,NPPI,False,-9.575,-2.267
2020-2022,2022,Darcy Ribeiro (Plano Piloto) / DF,História (Bacharelado/Licenciatura),Diurno,História (Bacharelado/Licenciatura) | Diurno | Darcy Ribeiro (Plano Piloto) / DF,EP_R2_PPI,EP_R2_PPI,True,R2,1.5,PPI,False,-35.056,-16.391
2020-2022,2022,Darcy Ribeiro (Plano Piloto) / DF,História (Bacharelado/Licenciatura),Diurno,História (Bacharelado/Licenciatura) | Diurno | Darcy Ribeiro (Plano Piloto) / DF,EP_R2_NPPI,EP_R2_NPPI,True,R2,1.5,NPPI,False,19.641,34.497
2020-2022,2022,Darcy Ribeiro (Plano Piloto) / DF,História (Bacharelado/Licenciatura),Diurno,História (Bacharelado/Licenciatura) | Diurno | Darcy Ribeiro (Plano Piloto) / DF,CN,CN,False,,,NEGROS,False,-36.358,-36.358
2020-2022,2022,Darcy Ribeiro (Plano Piloto) / DF,História (Bacharelado/Licenciatura),Diurno,História (Bacharelado/Licenciatura) | Diurno | Darcy Ribeiro (Plano Piloto) / DF,AC,AC,False,,,,False,41.891,79.295
2020-2022,2022,Darcy Ribeiro (Plano Piloto) / DF,História (Licenciatura),Noturno,História (Licenciatura) | Noturno | Darcy Ribeiro (Plano Piloto) / DF,EP_R1_PPI,EP_R1_PPI,True,R1,1.5,PPI,False,-43.023,-43.023
2020-2022,2022,Darcy Ribeiro (Plano Piloto) / DF,História (Licenciatura),Noturno,História (Licenciatura) | Noturno | Darcy Ribeiro (Plano Piloto) / DF,EP_R1_NPPI,EP_R1_NPPI,True,R1,1.5,NPPI,False,9.29,9.29
2020-2022,2022,Darcy Ribeiro (Plano Piloto) / DF,História (Licenciatura),Noturno,História (Licenciatura) | Noturno | Darcy Ribeiro (Plano Piloto) / DF,EP_R2_PPI,EP_R2_PPI,True,R2,1.5,PPI,False,-24.296,-9.636
2020-2022,2022,Darcy Ribeiro (Plano Piloto) / DF,História (Licenciatura),Noturno,História (Licenciatura) | Noturno | Darcy Ribeiro (Plano Piloto) / DF,AC,AC,False,,,,False,-67.087,59.169
2020-2022,2022,Darcy Ribeiro (Plano Piloto) / DF,Jornalismo (Bacharelado),Diurno,Jornalismo (Bacharelado) | Diurno | Darcy Ribeiro (Plano Piloto) / DF,EP_R1_PPI,EP_R1_PPI,True,R1,1.5,PPI,False,-36.033,-15.391
2020-2022,2022,Darcy Ribeiro (Plano Piloto) / DF,Jornalismo (Bacharelado),Diurno,Jornalismo (Bacharelado) | Diurno | Darcy Ribeiro (Plano Piloto) / DF,EP_R1_NPPI,EP_R1_NPPI,True,R1,1.5,NPPI,False,1.728,1.728
2020-2022,2022,Darcy Ribeiro (Plano Piloto) / DF,Jornalismo (Bacharelado),Diurno,Jornalismo (Bacharelado) | Diurno | Darcy Ribeiro (Plano Piloto) / DF,EP_R2_PPI,EP_R2_PPI,True,R2,1.5,PPI,False,-13.155,4.752
2020-2022,2022,Darcy Ribeiro (Plano Piloto) / DF,Jornalismo (Bacharelado),Diurno,Jornalismo (Bacharelado) | Diurno | Darcy Ribeiro (Plano Piloto) / DF,EP_R2_NPPI,EP_R2_NPPI,True,R2,1.5,NPPI,False,66.914,66.914
2020-2022,2022,Darcy Ribeiro (Plano Piloto) / DF,Jornalismo (Bacharelado),Diurno,Jornalismo (Bacharelado) | Diurno | Darcy Ribeiro (Plano Piloto) / DF,CN,CN,False,,,NEGROS,False,29.956,29.956
2020-2022,2022,Darcy Ribeiro (Plano Piloto) / DF,Jornalismo (Bacharelado),Diurno,Jornalismo (Bacharelado) | Diurno | Darcy Ribeiro (Plano Piloto) / DF,AC,AC,False,,,,False,81.218,107.228
2020-2022,2022,Darcy Ribeiro (Plano Piloto) / DF,Letras – Português do Brasil como Segunda Língua,Diurno,Letras – Português do Brasil como Segunda Língua | Diurno | Darcy Ribeiro (Plano Piloto) / DF,EP_R1_PPI,EP_R1_PPI,True,R1,1.5,PPI,False,-55.76,-55.76
2020-2022,2022,Darcy Ribeiro (Plano Piloto) / DF,Letras – Português do Brasil como Segunda Língua,Diurno,Letras – Português do Brasil como Segunda Língua | Diurno | Darcy Ribeiro (Plano Piloto) / DF,EP_R2_PPI,EP_R2_PPI,True,R2,1.5,PPI,False,3.895,3.895
2020-2022,2022,Darcy Ribeiro (Plano Piloto) / DF,Letras – Português do Brasil como Segunda Língua,Diurno,Letras – Português do Brasil como Segunda Língua | Diurno | Darcy Ribeiro (Plano Piloto) / DF,EP_R2_NPPI,EP_R2_NPPI,True,R2,1.5,NPPI,False,-4.691,-4.691
2020-2022,2022,Darcy Ribeiro (Plano Piloto) / DF,Letras – Português do Brasil como Segunda Língua,Diurno,Letras – Português do Brasil como Segunda Língua | Diurno | Darcy Ribeiro (Plano Piloto) / DF,CN,CN,False,,,NEGROS,False,-27.202,-27.202
2020-2022,2022,Darcy Ribeiro (Plano Piloto) / DF,Letras – Português do Brasil como Segunda Língua,Diurno,Letras – Português do Brasil como Segunda Língua | Diurno | Darcy Ribeiro (Plano Piloto) / DF,AC,AC,False,,,,False,-30.519,48.382
2020-2022,2022,Darcy Ribeiro (Plano Piloto) / DF,Letras – Tradução – Francês (Bacharelado),Diurno,Letras – Tradução – Francês (Bacharelado) | Diurno | Darcy Ribeiro (Plano Piloto) / DF,AC,AC,False,,,,False,-75.823,8.992
2020-2022,2022,Darcy Ribeiro (Plano Piloto) / DF,Letras – Tradução – Inglês (Bacharelado),Diurno,Letras – Tradução – Inglês (Bacharelado) | Diurno | Darcy Ribeiro (Plano Piloto) / DF,EP_R1_PPI,EP_R1_PPI,True,R1,1.5,PPI,False,-61.692,-35.869
2020-2022,2022,Darcy Ribeiro (Plano Piloto) / DF,Letras – Tradução – Inglês (Bacharelado),Diurno,Letras – Tradução – Inglês (Bacharelado) | Diurno | Darcy Ribeiro (Plano Piloto) / DF,EP_R1_NPPI,EP_R1_NPPI,True,R1,1.5,NPPI,False,21.242,21.242
2020-2022,2022,Darcy Ribeiro (Plano Piloto) / DF,Letras – Tradução – Inglês (Bacharelado),Diurno,Letras – Tradução – Inglês (Bacharelado) | Diurno | Darcy Ribeiro (Plano Piloto) / DF,EP_R2_PPI,EP_R2_PPI,True,R2,1.5,PPI,False,-62.082,1.315
2020-2022,2022,Darcy Ribeiro (Plano Piloto) / DF,Letras – Tradução – Inglês (Bacharelado),Diurno,Letras – Tradução – Inglês (Bacharelado) | Diurno | Darcy Ribeiro (Plano Piloto) / DF,EP_R2_NPPI,EP_R2_NPPI,True,R2,1.5,NPPI,False,2.713,2.713
2020-2022,2022,Darcy Ribeiro (Plano Piloto) / DF,Letras – Tradução – Inglês (Bacharelado),Diurno,Letras – Tradução – Inglês (Bacharelado) | Diurno | Darcy Ribeiro (Plano Piloto) / DF,CN,CN,False,,,NEGROS,False,-3.039,-3.039
2020-2022,2022,Darcy Ribeiro (Plano Piloto) / DF,Letras – Tradução – Inglês (Bacharelado),Diurno,Letras – Tradução – Inglês (Bacharelado) | Diurno | Darcy Ribeiro (Plano Piloto) / DF,AC,AC,False,,,,False,13.43,119.299
2020-2022,2022,Darcy Ribeiro (Plano Piloto) / DF,Letras – Tradução Espanhol (Bacharelado),Noturno,Letras – Tradução Espanhol (Bacharelado) | Noturno | Darcy Ribeiro (Plano Piloto) / DF,AC,AC,False,,,,False,-80.944,-52.043
2020-2022,2022,Darcy Ribeiro (Plano Piloto) / DF,Licenciatura em Artes Cênicas*,Diurno,Licenciatura em Artes Cênicas* | Diurno | Darcy Ribeiro (Plano Piloto) / DF,EP_R1_NPPI,EP_R1_NPPI,True,R1,1.5,NPPI,False,14.969,14.969
2020-2022,2022,Darcy Ribeiro (Plano Piloto) / DF,Licenciatura em Artes Cênicas*,Diurno,Licenciatura em Artes Cênicas* | Diurno | Darcy Ribeiro (Plano Piloto) / DF,EP_R2_NPPI,EP_R2_NPPI,True,R2,1.5,NPPI,False,-21.566,-21.566
2020-2022,2022,Darcy Ribeiro (Plano Piloto) / DF,Licenciatura em Artes Cênicas*,Diurno,Licenciatura em Artes Cênicas* | Diurno | Darcy Ribeiro (Plano Piloto) / DF,AC,AC,False,,,,False,-49.27,96.437
2020-2022,2022,Darcy Ribeiro (Plano Piloto) / DF,Licenciatura em Ciências Biológicas,Noturno,Licenciatura em Ciências Biológicas | Noturno | Darcy Ribeiro (Plano Piloto) / DF,EP_R1_NPPI,EP_R1_NPPI,True,R1,1.5,NPPI,False,-45.443,-25.456
2020-2022,2022,Darcy Ribeiro (Plano Piloto) / DF,Licenciatura em Ciências Biológicas,Noturno,Licenciatura em Ciências Biológicas | Noturno | Darcy Ribeiro (Plano Piloto) / DF,EP_R2_PPI,EP_R2_PPI,True,R2,1.5,PPI,False,-43.355,11.906
2020-2022,2022,Darcy Ribeiro (Plano Piloto) / DF,Licenciatura em Ciências Biológicas,Noturno,Licenciatura em Ciências Biológicas | Noturno | Darcy Ribeiro (Plano Piloto) / DF,EP_R2_NPPI,EP_R2_NPPI,True,R2,1.5,NPPI,False,-44.203,-44.203
2020-2022,2022,Darcy Ribeiro (Plano Piloto) / DF,Licenciatura em Ciências Biológicas,Noturno,Licenciatura em Ciências Biológicas | Noturno | Darcy Ribeiro (Plano Piloto) / DF,AC,AC,False,,,,False,-34.711,141.546
2020-2022,2022,Darcy Ribeiro (Plano Piloto) / DF,Licenciatura em Física,Noturno,Licenciatura em Física | Noturno | Darcy Ribeiro (Plano Piloto) / DF,EP_R1_NPPI,EP_R1_NPPI,True,R1,1.5,NPPI,False,-59.91,26.842
2020-2022,2022,Darcy Ribeiro (Plano Piloto) / DF,Licenciatura em Física,Noturno,Licenciatura em Física | Noturno | Darcy Ribeiro (Plano Piloto) / DF,CN,CN,False,,,NEGROS,False,-46.226,-46.226
2020-2022,2022,Darcy Ribeiro (Plano Piloto) / DF,Licenciatura em Física,Noturno,Licenciatura em Física | Noturno | Darcy Ribeiro (Plano Piloto) / DF,AC,AC,False,,,,False,-76.547,52.384
2020-2022,2022,Darcy Ribeiro (Plano Piloto) / DF,Licenciatura em Matemática,Noturno,Licenciatura em Matemática | Noturno | Darcy Ribeiro (Plano Piloto) / DF,EP_R1_PPI,EP_R1_PPI,True,R1,1.5,PPI,False,23.101,23.101
2020-2022,2022,Darcy Ribeiro (Plano Piloto) / DF,Licenciatura em Matemática,Noturno,Licenciatura em Matemática | Noturno | Darcy Ribeiro (Plano Piloto) / DF,EP_R2_PPI,EP_R2_PPI,True,R2,1.5,PPI,False,-33.505,-15.931
2020-2022,2022,Darcy Ribeiro (Plano Piloto) / DF,Licenciatura em Matemática,Noturno,Licenciatura em Matemática | Noturno | Darcy Ribeiro (Plano Piloto) / DF,AC,AC,False,,,,False,-50.656,42.289
2020-2022,2022,Darcy Ribeiro (Plano Piloto) / DF,Licenciatura em Química,Noturno,Licenciatura em Química | Noturno | Darcy Ribeiro (Plano Piloto) / DF,EP_R2_PPI,EP_R2_PPI,True,R2,1.5,PPI,False,-35.787,12.099
2020-2022,2022,Darcy Ribeiro (Plano Piloto) / DF,Licenciatura em Química,Noturno,Licenciatura em Química | Noturno | Darcy Ribeiro (Plano Piloto) / DF,EP_R2_NPPI,EP_R2_NPPI,True,R2,1.5,NPPI,False,-30.664,-30.664
2020-2022,2022,Darcy Ribeiro (Plano Piloto) / DF,Licenciatura em Química,Noturno,Licenciatura em Química | Noturno | Darcy Ribeiro (Plano Piloto) / DF,AC,AC,False,,,,False,0.306,40.6
2020-2022,2022,Darcy Ribeiro (Plano Piloto) / DF,Língua e Literatura Japonesa (Licenciatura),Noturno,Língua e Literatura Japonesa (Licenciatura) | Noturno | Darcy Ribeiro (Plano Piloto) / DF,EP_R2_NPPI,EP_R2_NPPI,True,R2,1.5,NPPI,False,-19.674,-19.674
2020-2022,2022,Darcy Ribeiro (Plano Piloto) / DF,Língua e Literatura Japonesa (Licenciatura),Noturno,Língua e Literatura Japonesa (Licenciatura) | Noturno | Darcy Ribeiro (Plano Piloto) / DF,CN,CN,False,,,NEGROS,False,-59.483,-59.483
2020-2022,2022,Darcy Ribeiro (Plano Piloto) / DF,Língua e Literatura Japonesa (Licenciatura),Noturno,Língua e Literatura Japonesa (Licenciatura) | Noturno | Darcy Ribeiro (Plano Piloto) / DF,AC,AC,False,,,,False,-53.013,-0.264
2020-2022,2022,Darcy Ribeiro (Plano Piloto) / DF,Língua Espanhola e Literatura Espanhola e Hispano-Americana (Licenciatura),Noturno,Língua Espanhola e Literatura Espanhola e Hispano-Americana (Licenciatura) | Noturno | Darcy Ribeiro (Plano Piloto) / DF,EP_R2_PPI,EP_R2_PPI,True,R2,1.5,PPI,False,-38.583,-38.583
2020-2022,2022,Darcy Ribeiro (Plano Piloto) / DF,Língua Espanhola e Literatura Espanhola e Hispano-Americana (Licenciatura),Noturno,Língua Espanhola e Literatura Espanhola e Hispano-Americana (Licenciatura) | Noturno | Darcy Ribeiro (Plano Piloto) / DF,EP_R2_NPPI,EP_R2_NPPI,True,R2,1.5,NPPI,False,-47.192,21.384
2020-2022,2022,Darcy Ribeiro (Plano Piloto) / DF,Língua Espanhola e Literatura Espanhola e Hispano-Americana (Licenciatura),Noturno,Língua Espanhola e Literatura Espanhola e Hispano-Americana (Licenciatura) | Noturno | Darcy Ribeiro (Plano Piloto) / DF,AC,AC,False,,,,False,-71.142,-27.428
2020-2022,2022,Darcy Ribeiro (Plano Piloto) / DF,Língua Estrangeira Aplicada – Multilinguismo e Sociedade da Informação (Bacharelado),Diurno,Língua Estrangeira Aplicada – Multilinguismo e Sociedade da Informação (Bacharelado) | Diurno | Darcy Ribeiro (Plano Piloto) / DF,EP_R2_PPI,EP_R2_PPI,True,R2,1.5,PPI,False,-76.629,5.904
2020-2022,2022,Darcy Ribeiro (Plano Piloto) / DF,Língua Estrangeira Aplicada – Multilinguismo e Sociedade da Informação (Bacharelado),Diurno,Língua Estrangeira Aplicada – Multilinguismo e Sociedade da Informação (Bacharelado) | Diurno | Darcy Ribeiro (Plano Piloto) / DF,EP_R2_NPPI,EP_R2_NPPI,True,R2,1.5,NPPI,False,-2.629,16.552
2020-2022,2022,Darcy Ribeiro (Plano Piloto) / DF,Língua Estrangeira Aplicada – Multilinguismo e Sociedade da Informação (Bacharelado),Diurno,Língua Estrangeira Aplicada – Multilinguismo e Sociedade da Informação (Bacharelado) | Diurno | Darcy Ribeiro (Plano Piloto) / DF,CN,CN,False,,,NEGROS,False,44.585,44.585
2020-2022,2022,Darcy Ribeiro (Plano Piloto) / DF,Língua Estrangeira Aplicada – Multilinguismo e Sociedade da Informação (Bacharelado),Diurno,Língua Estrangeira Aplicada – Multilinguismo e Sociedade da Informação (Bacharelado) | Diurno | Darcy Ribeiro (Plano Piloto) / DF,AC,AC,False,,,,False,-32.749,50.344
2020-2022,2022,Darcy Ribeiro (Plano Piloto) / DF,Língua Francesa e Respectiva Literatura (Bacharelado/Licenciatura),Diurno,Língua Francesa e Respectiva Literatura (Bacharelado/Licenciatura) | Diurno | Darcy Ribeiro (Plano Piloto) / DF,EP_R2_PPI,EP_R2_PPI,True,R2,1.5,PPI,False,-80.307,-20.312
2020-2022,2022,Darcy Ribeiro (Plano Piloto) / DF,Língua Francesa e Respectiva Literatura (Bacharelado/Licenciatura),Diurno,Língua Francesa e Respectiva Literatura (Bacharelado/Licenciatura) | Diurno | Darcy Ribeiro (Plano Piloto) / DF,AC,AC,False,,,,False,-62.811,-4.072
2020-2022,2022,Darcy Ribeiro (Plano Piloto) / DF,Língua Inglesa e Respectiva Literatura (Bacharelado/Licenciatura),Diurno,Língua Inglesa e Respectiva Literatura (Bacharelado/Licenciatura) | Diurno | Darcy Ribeiro (Plano Piloto) / DF,EP_R1_PPI,EP_R1_PPI,True,R1,1.5,PPI,False,-30.613,2.775
2020-2022,2022,Darcy Ribeiro (Plano Piloto) / DF,Língua Inglesa e Respectiva Literatura (Bacharelado/Licenciatura),Diurno,Língua Inglesa e Respectiva Literatura (Bacharelado/Licenciatura) | Diurno | Darcy Ribeiro (Plano Piloto) / DF,EP_R1_NPPI,EP_R1_NPPI,True,R1,1.5,NPPI,False,-12.715,-12.715
2020-2022,2022,Darcy Ribeiro (Plano Piloto) / DF,Língua Inglesa e Respectiva Literatura (Bacharelado/Licenciatura),Diurno,Língua Inglesa e Respectiva Literatura (Bacharelado/Licenciatura) | Diurno | Darcy Ribeiro (Plano Piloto) / DF,EP_R2_PPI,EP_R2_PPI,True,R2,1.5,PPI,False,4.915,43.669
2020-2022,2022,Darcy Ribeiro (Plano Piloto) / DF,Língua Inglesa e Respectiva Literatura (Bacharelado/Licenciatura),Diurno,Língua Inglesa e Respectiva Literatura (Bacharelado/Licenciatura) | Diurno | Darcy Ribeiro (Plano Piloto) / DF,EP_R2_NPPI,EP_R2_NPPI,True,R2,1.5,NPPI,False,30.669,30.669
2020-2022,2022,Darcy Ribeiro (Plano Piloto) / DF,Língua Inglesa e Respectiva Literatura (Bacharelado/Licenciatura),Diurno,Língua Inglesa e Respectiva Literatura (Bacharelado/Licenciatura) | Diurno | Darcy Ribeiro (Plano Piloto) / DF,CN,CN,False,,,NEGROS,False,26.727,26.727
2020-2022,2022,Darcy Ribeiro (Plano Piloto) / DF,Língua Inglesa e Respectiva Literatura (Bacharelado/Licenciatura),Diurno,Língua Inglesa e Respectiva Literatura (Bacharelado/Licenciatura) | Diurno | Darcy Ribeiro (Plano Piloto) / DF,AC,AC,False,,,,False,22.431,60.504
2020-2022,2022,Darcy Ribeiro (Plano Piloto) / DF,Língua Portuguesa e Respectiva Literatura (Bacharelado/Licenciatura),Diurno,Língua Portuguesa e Respectiva Literatura (Bacharelado/Licenciatura) | Diurno | Darcy Ribeiro (Plano Piloto) / DF,EP_R1_PPI,EP_R1_PPI,True,R1,1.5,PPI,False,-3.737,-3.737
2020-2022,2022,Darcy Ribeiro (Plano Piloto) / DF,Língua Portuguesa e Respectiva Literatura (Bacharelado/Licenciatura),Diurno,Língua Portuguesa e Respectiva Literatura (Bacharelado/Licenciatura) | Diurno | Darcy Ribeiro (Plano Piloto) / DF,EP_R1_NPPI,EP_R1_NPPI,True,R1,1.5,NPPI,False,-16.142,30.504
2020-2022,2022,Darcy Ribeiro (Plano Piloto) / DF,Língua Portuguesa e Respectiva Literatura (Bacharelado/Licenciatura),Diurno,Língua Portuguesa e Respectiva Literatura (Bacharelado/Licenciatura) | Diurno | Darcy Ribeiro (Plano Piloto) / DF,EP_R2_PPI,EP_R2_PPI,True,R2,1.5,PPI,False,-75.985,-51.065
2020-2022,2022,Darcy Ribeiro (Plano Piloto) / DF,Língua Portuguesa e Respectiva Literatura (Bacharelado/Licenciatura),Diurno,Língua Portuguesa e Respectiva Literatura (Bacharelado/Licenciatura) | Diurno | Darcy Ribeiro (Plano Piloto) / DF,EP_R2_NPPI,EP_R2_NPPI,True,R2,1.5,NPPI,False,20.613,20.613
2020-2022,2022,Darcy Ribeiro (Plano Piloto) / DF,Língua Portuguesa e Respectiva Literatura (Bacharelado/Licenciatura),Diurno,Língua Portuguesa e Respectiva Literatura (Bacharelado/Licenciatura) | Diurno | Darcy Ribeiro (Plano Piloto) / DF,CN,CN,False,,,NEGROS,False,5.699,5.699
2020-2022,2022,Darcy Ribeiro (Plano Piloto) / DF,Língua Portuguesa e Respectiva Literatura (Bacharelado/Licenciatura),Diurno,Língua Portuguesa e Respectiva Literatura (Bacharelado/Licenciatura) | Diurno | Darcy Ribeiro (Plano Piloto) / DF,AC,AC,False,,,,False,33.307,56.705
2020-2022,2022,Darcy Ribeiro (Plano Piloto) / DF,Língua Portuguesa e Respectiva Literatura (Licenciatura),Noturno,Língua Portuguesa e Respectiva Literatura (Licenciatura) | Noturno | Darcy Ribeiro (Plano Piloto) / DF,EP_R1_PPI,EP_R1_PPI,True,R1,1.5,PPI,False,-39.823,-20.991
2020-2022,2022,Darcy Ribeiro (Plano Piloto) / DF,Língua Portuguesa e Respectiva Literatura (Licenciatura),Noturno,Língua Portuguesa e Respectiva Literatura (Licenciatura) | Noturno | Darcy Ribeiro (Plano Piloto) / DF,EP_R1_NPPI,EP_R1_NPPI,True,R1,1.5,NPPI,False,-55.127,-54.044
2020-2022,2022,Darcy Ribeiro (Plano Piloto) / DF,Língua Portuguesa e Respectiva Literatura (Licenciatura),Noturno,Língua Portuguesa e Respectiva Literatura (Licenciatura) | Noturno | Darcy Ribeiro (Plano Piloto) / DF,EP_R2_PPI,EP_R2_PPI,True,R2,1.5,PPI,False,-13.532,-13.532
2020-2022,2022,Darcy Ribeiro (Plano Piloto) / DF,Língua Portuguesa e Respectiva Literatura (Licenciatura),Noturno,Língua Portuguesa e Respectiva Literatura (Licenciatura) | Noturno | Darcy Ribeiro (Plano Piloto) / DF,EP_R2_NPPI,EP_R2_NPPI,True,R2,1.5,NPPI,False,-21.451,5.24
2020-2022,2022,Darcy Ribeiro (Plano Piloto) / DF,Língua Portuguesa e Respectiva Literatura (Licenciatura),Noturno,Língua Portuguesa e Respectiva Literatura (Licenciatura) | Noturno | Darcy Ribeiro (Plano Piloto) / DF,AC,AC,False,,,,False,-79.901,72.722
2020-2022,2022,Darcy Ribeiro (Plano Piloto) / DF,Matemática (Bacharelado/ Licenciatura),Diurno,Matemática (Bacharelado/ Licenciatura) | Diurno | Darcy Ribeiro (Plano Piloto) / DF,EP_R1_PPI,EP_R1_PPI,True,R1,1.5,PPI,False,-64.581,-22.149
2020-2022,2022,Darcy Ribeiro (Plano Piloto) / DF,Matemática (Bacharelado/ Licenciatura),Diurno,Matemática (Bacharelado/ Licenciatura) | Diurno | Darcy Ribeiro (Plano Piloto) / DF,EP_R1_NPPI,EP_R1_NPPI,True,R1,1.5,NPPI,False,-48.661,16.087
2020-2022,2022,Darcy Ribeiro (Plano Piloto) / DF,Matemática (Bacharelado/ Licenciatura),Diurno,Matemática (Bacharelado/ Licenciatura) | Diurno | Darcy Ribeiro (Plano Piloto) / DF,EP_R2_PPI,EP_R2_PPI,True,R2,1.5,PPI,False,-52.443,31.477
2020-2022,2022,Darcy Ribeiro (Plano Piloto) / DF,Matemática (Bacharelado/ Licenciatura),Diurno,Matemática (Bacharelado/ Licenciatura) | Diurno | Darcy Ribeiro (Plano Piloto) / DF,EP_R2_NPPI,EP_R2_NPPI,True,R2,1.5,NPPI,False,14.603,14.603
2020-2022,2022,Darcy Ribeiro (Plano Piloto) / DF,Matemática (Bacharelado/ Licenciatura),Diurno,Matemática (Bacharelado/ Licenciatura) | Diurno | Darcy Ribeiro (Plano Piloto) / DF,CN,CN,False,,,NEGROS,False,3.005,3.005
2020-2022,2022,Darcy Ribeiro (Plano Piloto) / DF,Matemática (Bacharelado/ Licenciatura),Diurno,Matemática (Bacharelado/ Licenciatura) | Diurno | Darcy Ribeiro (Plano Piloto) / DF,AC,AC,False,,,,False,31.531,86.792
2020-2022,2022,Darcy Ribeiro (Plano Piloto) / DF,Medicina (Bacharelado),Diurno,Medicina (Bacharelado) | Diurno | Darcy Ribeiro (Plano Piloto) / DF,EP_R1_PPI,EP_R1_PPI,True,R1,1.5,PPI,False,78.064,138.392
2020-2022,2022,Darcy Ribeiro (Plano Piloto) / DF,Medicina (Bacharelado),Diurno,Medicina (Bacharelado) | Diurno | Darcy Ribeiro (Plano Piloto) / DF,EP_R1_NPPI,EP_R1_NPPI,True,R1,1.5,NPPI,False,95.903,145.179
2020-2022,2022,Darcy Ribeiro (Plano Piloto) / DF,Medicina (Bacharelado),Diurno,Medicina (Bacharelado) | Diurno | Darcy Ribeiro (Plano Piloto) / DF,EP_R2_PPI,EP_R2_PPI,True,R2,1.5,PPI,False,101.507,113.527
2020-2022,2022,Darcy Ribeiro (Plano Piloto) / DF,Medicina (Bacharelado),Diurno,Medicina (Bacharelado) | Diurno | Darcy Ribeiro (Plano Piloto) / DF,EP_R2_NPPI,EP_R2_NPPI,True,R2,1.5,NPPI,False,152.542,173.16
2020-2022,2022,Darcy Ribeiro (Plano Piloto) / DF,Medicina (Bacharelado),Diurno,Medicina (Bacharelado) | Diurno | Darcy Ribeiro (Plano Piloto) / DF,CN,CN,False,,,NEGROS,False,94.772,94.772
2020-2022,2022,Darcy Ribeiro (Plano Piloto) / DF,Medicina (Bacharelado),Diurno,Medicina (Bacharelado) | Diurno | Darcy Ribeiro (Plano Piloto) / DF,AC,AC,False,,,,False,183.5,209.07
2020-2022,2022,Darcy Ribeiro (Plano Piloto) / DF,Medicina Veterinária (Bacharelado),Diurno,Medicina Veterinária (Bacharelado) | Diurno | Darcy Ribeiro (Plano Piloto) / DF,EP_R1_PPI,EP_R1_PPI,True,R1,1.5,PPI,False,-40.671,36.125
2020-2022,2022,Darcy Ribeiro (Plano Piloto) / DF,Medicina Veterinária (Bacharelado),Diurno,Medicina Veterinária (Bacharelado) | Diurno | Darcy Ribeiro (Plano Piloto) / DF,EP_R1_NPPI,EP_R1_NPPI,True,R1,1.5,NPPI,False,-58.651,18.192
2020-2022,2022,Darcy Ribeiro (Plano Piloto) / DF,Medicina Veterinária (Bacharelado),Diurno,Medicina Veterinária (Bacharelado) | Diurno | Darcy Ribeiro (Plano Piloto) / DF,EP_R2_PPI,EP_R2_PPI,True,R2,1.5,PPI,False,35.451,48.048
2020-2022,2022,Darcy Ribeiro (Plano Piloto) / DF,Medicina Veterinária (Bacharelado),Diurno,Medicina Veterinária (Bacharelado) | Diurno | Darcy Ribeiro (Plano Piloto) / DF,EP_R2_NPPI,EP_R2_NPPI,True,R2,1.5,NPPI,False,60.933,67.731
2020-2022,2022,Darcy Ribeiro (Plano Piloto) / DF,Medicina Veterinária (Bacharelado),Diurno,Medicina Veterinária (Bacharelado) | Diurno | Darcy Ribeiro (Plano Piloto) / DF,CN,CN,False,,,NEGROS,False,10.471,10.471
2020-2022,2022,Darcy Ribeiro (Plano Piloto) / DF,Medicina Veterinária (Bacharelado),Diurno,Medicina Veterinária (Bacharelado) | Diurno | Darcy Ribeiro (Plano Piloto) / DF,AC,AC,False,,,,False,68.525,134.95
2020-2022,2022,Darcy Ribeiro (Plano Piloto) / DF,Museologia (Bacharelado),Diurno,Museologia (Bacharelado) | Diurno | Darcy Ribeiro (Plano Piloto) / DF,EP_R2_PPI,EP_R2_PPI,True,R2,1.5,PPI,False,-75.472,-75.472
2020-2022,2022,Darcy Ribeiro (Plano Piloto) / DF,Museologia (Bacharelado),Diurno,Museologia (Bacharelado) | Diurno | Darcy Ribeiro (Plano Piloto) / DF,AC,AC,False,,,,False,-45.669,38.698
2020-2022,2022,Darcy Ribeiro (Plano Piloto) / DF,Música (Bacharelado)*,Diurno,Música (Bacharelado)* | Diurno | Darcy Ribeiro (Plano Piloto) / DF,AC,AC,False,,,,False,7.205,35.375
2020-2022,2022,Darcy Ribeiro (Plano Piloto) / DF,Música (Licenciatura)*,Diurno,Música (Licenciatura)* | Diurno | Darcy Ribeiro (Plano Piloto) / DF,EP_R2_NPPI,EP_R2_NPPI,True,R2,1.5,NPPI,False,-0.727,-0.727
2020-2022,2022,Darcy Ribeiro (Plano Piloto) / DF,Música (Licenciatura)*,Diurno,Música (Licenciatura)* | Diurno | Darcy Ribeiro (Plano Piloto) / DF,AC,AC,False,,,,False,-65.044,-27.39
2020-2022,2022,Darcy Ribeiro (Plano Piloto) / DF,Nutrição (Bacharelado),Diurno,Nutrição (Bacharelado) | Diurno | Darcy Ribeiro (Plano Piloto) / DF,EP_R1_PPI,EP_R1_PPI,True,R1,1.5,PPI,False,-31.108,1.452
2020-2022,2022,Darcy Ribeiro (Plano Piloto) / DF,Nutrição (Bacharelado),Diurno,Nutrição (Bacharelado) | Diurno | Darcy Ribeiro (Plano Piloto) / DF,EP_R1_NPPI,EP_R1_NPPI,True,R1,1.5,NPPI,False,15.01,15.01
2020-2022,2022,Darcy Ribeiro (Plano Piloto) / DF,Nutrição (Bacharelado),Diurno,Nutrição (Bacharelado) | Diurno | Darcy Ribeiro (Plano Piloto) / DF,EP_R2_PPI,EP_R2_PPI,True,R2,1.5,PPI,False,-5.548,45.193
2020-2022,2022,Darcy Ribeiro (Plano Piloto) / DF,Nutrição (Bacharelado),Diurno,Nutrição (Bacharelado) | Diurno | Darcy Ribeiro (Plano Piloto) / DF,EP_R2_NPPI,EP_R2_NPPI,True,R2,1.5,NPPI,False,79.99,79.99
2020-2022,2022,Darcy Ribeiro (Plano Piloto) / DF,Nutrição (Bacharelado),Diurno,Nutrição (Bacharelado) | Diurno | Darcy Ribeiro (Plano Piloto) / DF,CN,CN,False,,,NEGROS,False,12.194,12.194
2020-2022,2022,Darcy Ribeiro (Plano Piloto) / DF,Nutrição (Bacharelado),Diurno,Nutrição (Bacharelado) | Diurno | Darcy Ribeiro (Plano Piloto) / DF,AC,AC,False,,,,False,59.022,91.433
2020-2022,2022,Darcy Ribeiro (Plano Piloto) / DF,Odontologia (Bacharelado),Diurno,Odontologia (Bacharelado) | Diurno | Darcy Ribeiro (Plano Piloto) / DF,EP_R1_PPI,EP_R1_PPI,True,R1,1.5,PPI,False,-50.524,21.783
2020-2022,2022,Darcy Ribeiro (Plano Piloto) / DF,Odontologia (Bacharelado),Diurno,Odontologia (Bacharelado) | Diurno | Darcy Ribeiro (Plano Piloto) / DF,EP_R1_NPPI,EP_R1_NPPI,True,R1,1.5,NPPI,False,69.514,69.514
2020-2022,2022,Darcy Ribeiro (Plano Piloto) / DF,Odontologia (Bacharelado),Diurno,Odontologia (Bacharelado) | Diurno | Darcy Ribeiro (Plano Piloto) / DF,EP_R2_PPI,EP_R2_PPI,True,R2,1.5,PPI,False,50.089,81.807
2020-2022,2022,Darcy Ribeiro (Plano Piloto) / DF,Odontologia (Bacharelado),Diurno,Odontologia (Bacharelado) | Diurno | Darcy Ribeiro (Plano Piloto) / DF,EP_R2_NPPI,EP_R2_NPPI,True,R2,1.5,NPPI,False,78.645,78.645
2020-2022,2022,Darcy Ribeiro (Plano Piloto) / DF,Odontologia (Bacharelado),Diurno,Odontologia (Bacharelado) | Diurno | Darcy Ribeiro (Plano Piloto) / DF,CN,CN,False,,,NEGROS,False,25.114,25.114
2020-2022,2022,Darcy Ribeiro (Plano Piloto) / DF,Odontologia (Bacharelado),Diurno,Odontologia (Bacharelado) | Diurno | Darcy Ribeiro (Plano Piloto) / DF,AC,AC,False,,,,False,97.52,129.466
2020-2022,2022,Darcy Ribeiro (Plano Piloto) / DF,Pedagogia (Licenciatura),Diurno,Pedagogia (Licenciatura) | Diurno | Darcy Ribeiro (Plano Piloto) / DF,EP_R1_PPI,EP_R1_PPI,True,R1,1.5,PPI,False,-51.346,5.818
2020-2022,2022,Darcy Ribeiro (Plano Piloto) / DF,Pedagogia (Licenciatura),Diurno,Pedagogia (Licenciatura) | Diurno | Darcy Ribeiro (Plano Piloto) / DF,EP_R1_NPPI,EP_R1_NPPI,True,R1,1.5,NPPI,False,-65.977,-55.588
2020-2022,2022,Darcy Ribeiro (Plano Piloto) / DF,Pedagogia (Licenciatura),Diurno,Pedagogia (Licenciatura) | Diurno | Darcy Ribeiro (Plano Piloto) / DF,EP_R2_PPI,EP_R2_PPI,True,R2,1.5,PPI,False,-66.478,-2.57
2020-2022,2022,Darcy Ribeiro (Plano Piloto) / DF,Pedagogia (Licenciatura),Diurno,Pedagogia (Licenciatura) | Diurno | Darcy Ribeiro (Plano Piloto) / DF,EP_R2_NPPI,EP_R2_NPPI,True,R2,1.5,NPPI,False,-13.682,-13.596
2020-2022,2022,Darcy Ribeiro (Plano Piloto) / DF,Pedagogia (Licenciatura),Diurno,Pedagogia (Licenciatura) | Diurno | Darcy Ribeiro (Plano Piloto) / DF,CN,CN,False,,,NEGROS,False,-41.983,17.019
2020-2022,2022,Darcy Ribeiro (Plano Piloto) / DF,Pedagogia (Licenciatura),Diurno,Pedagogia (Licenciatura) | Diurno | Darcy Ribeiro (Plano Piloto) / DF,AC,AC,False,,,,False,-9.961,56.526
2020-2022,2022,Darcy Ribeiro (Plano Piloto) / DF,Pedagogia (Licenciatura),Noturno,Pedagogia (Licenciatura) | Noturno | Darcy Ribeiro (Plano Piloto) / DF,EP_R1_PPI,EP_R1_PPI,True,R1,1.5,PPI,False,-92.488,-19.335
2020-2022,2022,Darcy Ribeiro (Plano Piloto) / DF,Pedagogia (Licenciatura),Noturno,Pedagogia (Licenciatura) | Noturno | Darcy Ribeiro (Plano Piloto) / DF,EP_R2_PPI,EP_R2_PPI,True,R2,1.5,PPI,False,-14.474,-14.474
2020-2022,2022,Darcy Ribeiro (Plano Piloto) / DF,Pedagogia (Licenciatura),Noturno,Pedagogia (Licenciatura) | Noturno | Darcy Ribeiro (Plano Piloto) / DF,EP_R2_NPPI,EP_R2_NPPI,True,R2,1.5,NPPI,False,-37.977,-7.157
2020-2022,2022,Darcy Ribeiro (Plano Piloto) / DF,Pedagogia (Licenciatura),Noturno,Pedagogia (Licenciatura) | Noturno | Darcy Ribeiro (Plano Piloto) / DF,CN,CN,False,,,NEGROS,False,-8.815,-8.815
2020-2022,2022,Darcy Ribeiro (Plano Piloto) / DF,Pedagogia (Licenciatura),Noturno,Pedagogia (Licenciatura) | Noturno | Darcy Ribeiro (Plano Piloto) / DF,AC,AC,False,,,,False,-82.573,9.451
2020-2022,2022,Darcy Ribeiro (Plano Piloto) / DF,Psicologia (Bacharelado / Licenciatura / Psicólogo),Diurno,Psicologia (Bacharelado / Licenciatura / Psicólogo) | Diurno | Darcy Ribeiro (Plano Piloto) / DF,EP_R1_PPI,EP_R1_PPI,True,R1,1.5,PPI,False,32.086,61.601
2020-2022,2022,Darcy Ribeiro (Plano Piloto) / DF,Psicologia (Bacharelado / Licenciatura / Psicólogo),Diurno,Psicologia (Bacharelado / Licenciatura / Psicólogo) | Diurno | Darcy Ribeiro (Plano Piloto) / DF,EP_R1_NPPI,EP_R1_NPPI,True,R1,1.5,NPPI,False,42.404,44.348
2020-2022,2022,Darcy Ribeiro (Plano Piloto) / DF,Psicologia (Bacharelado / Licenciatura / Psicólogo),Diurno,Psicologia (Bacharelado / Licenciatura / Psicólogo) | Diurno | Darcy Ribeiro (Plano Piloto) / DF,EP_R2_PPI,EP_R2_PPI,True,R2,1.5,PPI,False,20.6,35.048
2020-2022,2022,Darcy Ribeiro (Plano Piloto) / DF,Psicologia (Bacharelado / Licenciatura / Psicólogo),Diurno,Psicologia (Bacharelado / Licenciatura / Psicólogo) | Diurno | Darcy Ribeiro (Plano Piloto) / DF,EP_R2_NPPI,EP_R2_NPPI,True,R2,1.5,NPPI,False,112.073,117.01
2020-2022,2022,Darcy Ribeiro (Plano Piloto) / DF,Psicologia (Bacharelado / Licenciatura / Psicólogo),Diurno,Psicologia (Bacharelado / Licenciatura / Psicólogo) | Diurno | Darcy Ribeiro (Plano Piloto) / DF,CN,CN,False,,,NEGROS,False,56.866,56.866
2020-2022,2022,Darcy Ribeiro (Plano Piloto) / DF,Psicologia (Bacharelado / Licenciatura / Psicólogo),Diurno,Psicologia (Bacharelado / Licenciatura / Psicólogo) | Diurno | Darcy Ribeiro (Plano Piloto) / DF,AC,AC,False,,,,False,105.646,146.501
2020-2022,2022,Darcy Ribeiro (Plano Piloto) / DF,Química (Bacharelado),Diurno,Química (Bacharelado) | Diurno | Darcy Ribeiro (Plano Piloto) / DF,EP_R1_PPI,EP_R1_PPI,True,R1,1.5,PPI,False,22.563,26.649
2020-2022,2022,Darcy Ribeiro (Plano Piloto) / DF,Química (Bacharelado),Diurno,Química (Bacharelado) | Diurno | Darcy Ribeiro (Plano Piloto) / DF,EP_R1_NPPI,EP_R1_NPPI,True,R1,1.5,NPPI,False,28.834,28.834
2020-2022,2022,Darcy Ribeiro (Plano Piloto) / DF,Química (Bacharelado),Diurno,Química (Bacharelado) | Diurno | Darcy Ribeiro (Plano Piloto) / DF,EP_R2_PPI,EP_R2_PPI,True,R2,1.5,PPI,False,-43.672,-43.672
2020-2022,2022,Darcy Ribeiro (Plano Piloto) / DF,Química (Bacharelado),Diurno,Química (Bacharelado) | Diurno | Darcy Ribeiro (Plano Piloto) / DF,EP_R2_NPPI,EP_R2_NPPI,True,R2,1.5,NPPI,False,-27.675,-6.451
2020-2022,2022,Darcy Ribeiro (Plano Piloto) / DF,Química (Bacharelado),Diurno,Química (Bacharelado) | Diurno | Darcy Ribeiro (Plano Piloto) / DF,AC,AC,False,,,,False,40.202,126.092
2020-2022,2022,Darcy Ribeiro (Plano Piloto) / DF,Química Tecnológica (Bacharelado),Diurno,Química Tecnológica (Bacharelado) | Diurno | Darcy Ribeiro (Plano Piloto) / DF,EP_R2_PPI,EP_R2_PPI,True,R2,1.5,PPI,False,-30.902,31.362
2020-2022,2022,Darcy Ribeiro (Plano Piloto) / DF,Química Tecnológica (Bacharelado),Diurno,Química Tecnológica (Bacharelado) | Diurno | Darcy Ribeiro (Plano Piloto) / DF,EP_R2_NPPI,EP_R2_NPPI,True,R2,1.5,NPPI,False,-20.386,-3.274
2020-2022,2022,Darcy Ribeiro (Plano Piloto) / DF,Química Tecnológica (Bacharelado),Diurno,Química Tecnológica (Bacharelado) | Diurno | Darcy Ribeiro (Plano Piloto) / DF,AC,AC,False,,,,False,-56.414,35.844
2020-2022,2022,Darcy Ribeiro (Plano Piloto) / DF,Relações Internacionais (Bacharelado),Diurno,Relações Internacionais (Bacharelado) | Diurno | Darcy Ribeiro (Plano Piloto) / DF,EP_R1_PPI,EP_R1_PPI,True,R1,1.5,PPI,False,-27.007,-3.597
2020-2022,2022,Darcy Ribeiro (Plano Piloto) / DF,Relações Internacionais (Bacharelado),Diurno,Relações Internacionais (Bacharelado) | Diurno | Darcy Ribeiro (Plano Piloto) / DF,EP_R1_NPPI,EP_R1_NPPI,True,R1,1.5,NPPI,False,18.254,52.21
2020-2022,2022,Darcy Ribeiro (Plano Piloto) / DF,Relações Internacionais (Bacharelado),Diurno,Relações Internacionais (Bacharelado) | Diurno | Darcy Ribeiro (Plano Piloto) / DF,EP_R2_PPI,EP_R2_PPI,True,R2,1.5,PPI,False,3.855,54.101
2020-2022,2022,Darcy Ribeiro (Plano Piloto) / DF,Relações Internacionais (Bacharelado),Diurno,Relações Internacionais (Bacharelado) | Diurno | Darcy Ribeiro (Plano Piloto) / DF,EP_R2_NPPI,EP_R2_NPPI,True,R2,1.5,NPPI,False,51.189,51.189
2020-2022,2022,Darcy Ribeiro (Plano Piloto) / DF,Relações Internacionais (Bacharelado),Diurno,Relações Internacionais (Bacharelado) | Diurno | Darcy Ribeiro (Plano Piloto) / DF,EP_R2_NPPI_PCD,EP_R2_NPPI_PCD,True,R2,1.5,NPPI,True,22.69,22.69
2020-2022,2022,Darcy Ribeiro (Plano Piloto) / DF,Relações Internacionais (Bacharelado),Diurno,Relações Internacionais (Bacharelado) | Diurno | Darcy Ribeiro (Plano Piloto) / DF,CN,CN,False,,,NEGROS,False,74.993,74.993
2020-2022,2022,Darcy Ribeiro (Plano Piloto) / DF,Relações Internacionais (Bacharelado),Diurno,Relações Internacionais (Bacharelado) | Diurno | Darcy Ribeiro (Plano Piloto) / DF,AC,AC,False,,,,False,95.161,150.831
2020-2022,2022,Darcy Ribeiro (Plano Piloto) / DF,Saúde Coletiva (Bacharelado),Noturno,Saúde Coletiva (Bacharelado) | Noturno | Darcy Ribeiro (Plano Piloto) / DF,EP_R1_PPI,EP_R1_PPI,True,R1,1.5,PPI,False,-105.487,-105.487
2020-2022,2022,Darcy Ribeiro (Plano Piloto) / DF,Saúde Coletiva (Bacharelado),Noturno,Saúde Coletiva (Bacharelado) | Noturno | Darcy Ribeiro (Plano Piloto) / DF,AC,AC,False,,,,False,-73.319,-1.649
2020-2022,2022,Darcy Ribeiro (Plano Piloto) / DF,Serviço Social (Bacharelado),Diurno,Serviço Social (Bacharelado) | Diurno | Darcy Ribeiro (Plano Piloto) / DF,EP_R2_PPI,EP_R2_PPI,True,R2,1.5,PPI,False,-46.944,-3.065
2020-2022,2022,Darcy Ribeiro (Plano Piloto) / DF,Serviço Social (Bacharelado),Diurno,Serviço Social (Bacharelado) | Diurno | Darcy Ribeiro (Plano Piloto) / DF,EP_R2_NPPI,EP_R2_NPPI,True,R2,1.5,NPPI,False,-56.018,-2.724
2020-2022,2022,Darcy Ribeiro (Plano Piloto) / DF,Serviço Social (Bacharelado),Diurno,Serviço Social (Bacharelado) | Diurno | Darcy Ribeiro (Plano Piloto) / DF,CN,CN,False,,,NEGROS,False,16.93,16.93
2020-2022,2022,Darcy Ribeiro (Plano Piloto) / DF,Serviço Social (Bacharelado),Diurno,Serviço Social (Bacharelado) | Diurno | Darcy Ribeiro (Plano Piloto) / DF,AC,AC,False,,,,False,-37.204,18.722
2020-2022,2022,Darcy Ribeiro (Plano Piloto) / DF,Serviço Social (Bacharelado),Noturno,Serviço Social (Bacharelado) | Noturno | Darcy Ribeiro (Plano Piloto) / DF,EP_R1_NPPI,EP_R1_NPPI,True,R1,1.5,NPPI,False,-53.956,-53.956
2020-2022,2022,Darcy Ribeiro (Plano Piloto) / DF,Serviço Social (Bacharelado),Noturno,Serviço Social (Bacharelado) | Noturno | Darcy Ribeiro (Plano Piloto) / DF,EP_R2_NPPI,EP_R2_NPPI,True,R2,1.5,NPPI,False,-61.615,-61.615
2020-2022,2022,Darcy Ribeiro (Plano Piloto) / DF,Serviço Social (Bacharelado),Noturno,Serviço Social (Bacharelado) | Noturno | Darcy Ribeiro (Plano Piloto) / DF,CN,CN,False,,,NEGROS,False,-41.755,-41.755
2020-2022,2022,Darcy Ribeiro (Plano Piloto) / DF,Serviço Social (Bacharelado),Noturno,Serviço Social (Bacharelado) | Noturno | Darcy Ribeiro (Plano Piloto) / DF,AC,AC,False,,,,False,-51.405,9.757
2020-2022,2022,Darcy Ribeiro (Plano Piloto) / DF,"Teoria, Crítica e História da Arte (Bacharelado)",Noturno,"Teoria, Crítica e História da Arte (Bacharelado) | Noturno | Darcy Ribeiro (Plano Piloto) / DF",EP_R2_PPI,EP_R2_PPI,True,R2,1.5,PPI,False,-51.341,-51.341
2020-2022,2022,Darcy Ribeiro (Plano Piloto) / DF,"Teoria, Crítica e História da Arte (Bacharelado)",Noturno,"Teoria, Crítica e História da Arte (Bacharelado) | Noturno | Darcy Ribeiro (Plano Piloto) / DF",AC,AC,False,,,,False,-64.852,-7.391
2020-2022,2022,Darcy Ribeiro (Plano Piloto) / DF,Turismo (Bacharelado),Diurno,Turismo (Bacharelado) | Diurno | Darcy Ribeiro (Plano Piloto) / DF,EP_R2_NPPI,EP_R2_NPPI,True,R2,1.5,NPPI,False,-20.793,-20.793
2020-2022,2022,Darcy Ribeiro (Plano Piloto) / DF,Turismo (Bacharelado),Diurno,Turismo (Bacharelado) | Diurno | Darcy Ribeiro (Plano Piloto) / DF,CN,CN,False,,,NEGROS,False,-22.832,-22.832
2020-2022,2022,Darcy Ribeiro (Plano Piloto) / DF,Turismo (Bacharelado),Diurno,Turismo (Bacharelado) | Diurno | Darcy Ribeiro (Plano Piloto) / DF,AC,AC,False,,,,False,-83.422,20.419
2020-2022,2022,Gama / DF,Engenharias – Aeroespacial / Automotiva / Eletrônica / Energia / Software (Bacharelados)**,Diurno,Engenharias – Aeroespacial / Automotiva / Eletrônica / Energia / Software (Bacharelados)** | Diurno | Gama / DF,EP_R1_PPI,EP_R1_PPI,True,R1,1.5,PPI,False,-53.959,47.686
2020-2022,2022,Gama / DF,Engenharias – Aeroespacial / Automotiva / Eletrônica / Energia / Software (Bacharelados)**,Diurno,Engenharias – Aeroespacial / Automotiva / Eletrônica / Energia / Software (Bacharelados)** | Diurno | Gama / DF,EP_R1_NPPI,EP_R1_NPPI,True,R1,1.5,NPPI,False,-35.606,44.82
2020-2022,2022,Gama / DF,Engenharias – Aeroespacial / Automotiva / Eletrônica / Energia / Software (Bacharelados)**,Diurno,Engenharias – Aeroespacial / Automotiva / Eletrônica / Energia / Software (Bacharelados)** | Diurno | Gama / DF,EP_R2_PPI,EP_R2_PPI,True,R2,1.5,PPI,False,-64.219,70.524
2020-2022,2022,Gama / DF,Engenharias – Aeroespacial / Automotiva / Eletrônica / Energia / Software (Bacharelados)**,Diurno,Engenharias – Aeroespacial / Automotiva / Eletrônica / Energia / Software (Bacharelados)** | Diurno | Gama / DF,EP_R2_NPPI,EP_R2_NPPI,True,R2,1.5,NPPI,False,11.743,81.398
2020-2022,2022,Gama / DF,Engenharias – Aeroespacial / Automotiva / Eletrônica / Energia / Software (Bacharelados)**,Diurno,Engenharias – Aeroespacial / Automotiva / Eletrônica / Energia / Software (Bacharelados)** | Diurno | Gama / DF,CN,CN,False,,,NEGROS,False,24.066,129.802
2020-2022,2022,Gama / DF,Engenharias – Aeroespacial / Automotiva / Eletrônica / Energia / Software (Bacharelados)**,Diurno,Engenharias – Aeroespacial / Automotiva / Eletrônica / Energia / Software (Bacharelados)** | Diurno | Gama / DF,AC,AC,False,,,,False,50.773,178.331
2020-2022,2022,Planaltina / DF,Ciências Naturais,Diurno,Ciências Naturais | Diurno | Planaltina / DF,EP_R1_PPI,EP_R1_PPI,True,R1,1.5,PPI,False,-19.534,-19.534
2020-2022,2022,Planaltina / DF,Ciências Naturais,Diurno,Ciências Naturais | Diurno | Planaltina / DF,EP_R2_PPI,EP_R2_PPI,True,R2,1.5,PPI,False,-36.562,-36.562
2020-2022,2022,Planaltina / DF,Ciências Naturais,Diurno,Ciências Naturais | Diurno | Planaltina / DF,AC,AC,False,,,,False,-71.509,21.657
2020-2022,2022,Planaltina / DF,Ciências Naturais,Noturno,Ciências Naturais | Noturno | Planaltina / DF,EP_R2_PPI,EP_R2_PPI,True,R2,1.5,PPI,False,-37.156,-37.156
2020-2022,2022,Planaltina / DF,Ciências Naturais,Noturno,Ciências Naturais | Noturno | Planaltina / DF,AC,AC,False,,,,False,-62.526,-39.709
2020-2022,2022,Planaltina / DF,Gestão Ambiental (Bacharelado),Noturno,Gestão Ambiental (Bacharelado) | Noturno | Planaltina / DF,EP_R2_NPPI,EP_R2_NPPI,True,R2,1.5,NPPI,False,-10.728,-10.728
2020-2022,2022,Planaltina / DF,Gestão Ambiental (Bacharelado),Noturno,Gestão Ambiental (Bacharelado) | Noturno | Planaltina / DF,AC,AC,False,,,,False,-46.76,31.975
2020-2022,2022,Planaltina / DF,Gestão do Agronegócio (Bacharelado),Diurno,Gestão do Agronegócio (Bacharelado) | Diurno | Planaltina / DF,CN,CN,False,,,NEGROS,False,-45.106,-45.106
2020-2022,2022,Planaltina / DF,Gestão do Agronegócio (Bacharelado),Diurno,Gestão do Agronegócio (Bacharelado) | Diurno | Planaltina / DF,AC,AC,False,,,,False,-96.675,4.58
